farm_id,timestamp,temperature_c,sunlight_hours,color_intensity,ph,nutrients_mg_l,co2_ppm,dissolved_oxygen_mg_l,water_quality_index,current_biomass_kg_m2,future_biomass_kg_m2
1,2025-01-01,25.96,8.025,225.123,7.569,68.44,387.327,10.669,86.843,2.8835,2.892
1,2025-01-02,,8.075,222.408,7.461,90.662,459.332,10.247,88.806,2.892,2.9711
1,2025-01-03,27.627,7.433,235.344,7.374,91.862,446.815,10.152,87.062,2.9711,3.0294
1,2025-01-04,28.402,7.894,240.819,7.928,80.844,442.509,10.186,88.578,3.0294,3.058
1,2025-01-05,27.43,7.047,233.115,7.703,89.125,486.42,9.872,88.019,3.058,3.1091
1,2025-01-06,29.383,7.811,232.139,7.747,84.473,483.087,10.799,83.691,3.1091,3.1395
1,2025-01-07,28.069,7.493,234.791,7.929,77.86,510.866,9.615,86.208,3.1395,3.185
1,2025-01-08,29.566,8.272,228.254,7.627,80.451,509.365,10.636,84.355,3.185,3.2115
1,2025-01-09,29.446,7.847,240.677,7.839,80.31,485.536,10.813,86.393,3.2115,3.2317
1,2025-01-10,28.627,7.511,241.534,7.518,86.175,462.486,10.385,88.971,3.2317,3.3004
1,2025-01-11,28.883,7.512,240.045,7.73,70.281,425.498,9.785,84.886,3.3004,3.3089
1,2025-01-12,28.549,8.748,240.716,7.686,86.449,,10.844,85.094,3.3089,3.3813
1,2025-01-13,27.106,8.173,243.974,7.791,76.201,415.22,10.71,85.946,3.3813,3.4172
1,2025-01-14,30.31,7.732,245.815,7.555,80.579,466.239,11.091,89.739,3.4172,3.4957
1,2025-01-15,27.373,7.482,231.901,7.558,75.464,401.868,10.653,87.142,3.4957,3.5091
1,2025-01-16,28.718,8.546,253.257,8.063,97.378,455.082,10.401,81.456,3.5091,3.5165
1,2025-01-17,27.831,7.561,232.634,7.65,83.165,435.847,10.331,84.955,3.5165,3.5487
1,2025-01-18,28.045,9.257,245.053,7.667,,402.147,10.632,85.106,3.5487,3.6505
1,2025-01-19,27.15,8.636,246.774,7.443,79.543,422.131,10.816,87.795,3.6505,3.7111
1,2025-01-20,27.42,7.22,251.243,7.334,72.861,452.994,10.321,87.568,3.7111,3.7827
1,2025-01-21,28.037,7.82,241.742,7.719,73.289,440.848,10.601,84.364,3.7827,3.8623
1,2025-01-22,29.528,8.011,253.574,7.404,79.175,338.284,10.202,89.556,3.8623,3.8966
1,2025-01-23,27.677,8.402,249.812,7.678,68.276,390.315,9.858,87.369,3.8966,3.9012
1,2025-01-24,27.05,7.96,255.0,7.54,57.111,360.635,10.364,86.899,3.9012,3.9422
1,2025-01-25,29.404,8.115,255.0,7.202,63.656,361.078,10.731,84.89,3.9422,3.9717
1,2025-01-26,30.773,9.565,255.0,7.127,62.126,295.811,11.038,88.214,3.9717,3.9699
1,2025-01-27,27.834,6.776,238.118,7.206,55.719,324.493,9.655,87.411,3.9699,3.9497
1,2025-01-28,30.889,7.406,255.0,6.997,75.147,442.342,9.805,86.267,3.9497,4.0091
1,2025-01-29,28.075,8.163,255.0,7.297,64.592,326.847,10.613,84.375,4.0091,4.0288
1,2025-01-30,29.616,7.973,255.0,7.209,,346.525,10.746,87.741,4.0288,4.035
1,2025-01-31,30.032,8.321,255.0,7.474,71.498,357.358,10.401,85.025,4.035,4.0721
1,2025-02-01,30.527,7.194,255.0,7.242,63.356,309.385,10.025,88.3,4.0721,4.081
1,2025-02-02,30.263,8.266,255.0,7.088,70.32,264.335,10.613,87.812,4.081,4.0863
1,2025-02-03,28.908,,250.768,7.363,49.283,391.695,10.766,87.753,4.0863,4.1051
1,2025-02-04,32.23,8.902,255.0,7.362,68.418,385.316,11.791,88.902,4.1051,4.1171
1,2025-02-05,31.223,8.032,255.0,7.233,52.239,406.805,10.529,90.532,4.1171,4.1797
1,2025-02-06,32.066,7.445,253.962,7.055,52.744,371.509,11.03,88.851,4.1797,4.1627
1,2025-02-07,31.497,7.719,255.0,6.965,63.737,440.813,10.747,81.383,4.1627,4.1754
1,2025-02-08,31.954,9.727,255.0,6.738,,432.024,10.665,90.38,4.1754,4.2024
1,2025-02-09,30.992,9.189,255.0,7.332,64.793,430.478,11.257,85.63,4.2024,4.227
1,2025-02-10,31.918,9.344,255.0,6.984,63.27,484.755,10.87,85.079,4.227,4.262
1,2025-02-11,31.471,9.598,255.0,7.369,71.123,462.363,12.366,87.327,4.262,4.3342
1,2025-02-12,30.887,8.766,255.0,7.493,55.188,408.416,10.224,85.76,4.3342,4.371
1,2025-02-13,31.474,7.725,255.0,6.888,68.031,443.925,10.683,88.729,4.371,4.4002
1,2025-02-14,31.257,9.108,255.0,7.224,67.697,474.297,11.468,86.602,4.4002,4.4204
1,2025-02-15,30.729,9.34,255.0,7.041,61.222,421.092,10.153,85.577,4.4204,4.4312
1,2025-02-16,30.862,9.543,255.0,7.688,71.178,524.352,11.336,85.303,4.4312,4.433
1,2025-02-17,29.604,,255.0,7.641,85.077,430.959,11.025,84.917,4.433,4.474
1,2025-02-18,28.509,9.474,255.0,7.433,70.651,442.546,10.969,88.994,4.474,4.5318
1,2025-02-19,30.578,,255.0,7.524,65.375,516.268,11.247,90.486,4.5318,4.5721
1,2025-02-20,30.48,10.231,255.0,7.999,77.475,481.754,12.088,84.734,4.5721,4.5981
1,2025-02-21,30.404,8.302,255.0,7.374,63.69,432.641,10.529,87.148,4.5981,4.6545
1,2025-02-22,29.136,9.148,255.0,7.617,77.341,472.318,11.395,86.727,4.6545,4.6759
1,2025-02-23,30.163,10.742,255.0,7.755,90.399,461.743,12.095,87.155,4.6759,4.7083
1,2025-02-24,30.697,8.346,255.0,7.853,88.89,462.88,10.627,88.239,4.7083,4.763
1,2025-02-25,28.593,8.726,255.0,7.386,71.632,488.313,11.329,86.159,4.763,4.7351
1,2025-02-26,30.083,10.673,255.0,7.828,78.854,446.629,11.1,86.424,4.7351,4.7721
1,2025-02-27,31.657,9.237,255.0,7.868,78.485,451.046,11.89,84.622,4.7721,4.8271
1,2025-02-28,30.944,9.996,255.0,7.66,93.875,413.26,11.614,91.356,4.8271,4.8464
1,2025-03-01,30.976,9.346,255.0,7.443,88.385,378.869,11.722,81.848,4.8464,4.8365
1,2025-03-02,30.897,9.219,255.0,7.671,82.226,381.525,11.24,84.904,4.8365,4.8828
1,2025-03-03,32.406,9.451,255.0,7.729,98.167,373.982,11.115,85.392,4.8828,4.8724
1,2025-03-04,31.417,9.027,255.0,7.703,84.045,340.983,11.467,89.2,4.8724,4.8797
1,2025-03-05,33.116,9.223,255.0,7.345,82.825,368.734,10.745,88.222,4.8797,4.928
1,2025-03-06,34.046,8.929,255.0,7.63,65.897,312.118,10.886,84.725,4.928,4.9841
1,2025-03-07,31.811,8.533,255.0,7.562,93.37,304.249,10.952,92.147,4.9841,4.9739
1,2025-03-08,32.706,8.768,255.0,7.619,82.978,280.9,11.178,86.021,4.9739,4.9705
1,2025-03-09,32.585,9.524,255.0,7.562,83.496,281.669,11.528,84.986,4.9705,4.9493
1,2025-03-10,33.705,8.593,255.0,7.145,84.321,348.47,10.591,90.997,4.9493,4.9583
1,2025-03-11,33.512,8.736,255.0,7.412,74.458,326.677,11.544,85.212,4.9583,5.0079
1,2025-03-12,35.725,8.897,255.0,6.932,74.807,333.835,10.918,84.142,5.0079,5.0225
1,2025-03-13,31.567,9.681,255.0,7.605,76.907,336.444,11.293,89.062,5.0225,5.0494
1,2025-03-14,32.516,10.496,255.0,7.163,86.054,,11.987,88.236,5.0494,5.0686
1,2025-03-15,33.931,8.985,255.0,6.852,72.899,329.876,10.889,86.632,5.0686,5.0311
1,2025-03-16,32.991,8.855,255.0,6.663,77.146,379.481,10.664,83.231,5.0311,5.0425
1,2025-03-17,34.669,9.524,255.0,7.167,69.119,408.009,11.567,90.509,5.0425,5.0371
1,2025-03-18,31.583,9.792,255.0,7.345,65.733,374.782,11.548,87.179,5.0371,5.0015
1,2025-03-19,31.021,8.698,255.0,6.643,60.896,368.347,10.824,89.329,5.0015,4.9794
1,2025-03-20,31.595,9.988,255.0,6.876,60.022,430.891,,88.568,4.9794,5.0065
1,2025-03-21,30.451,9.252,255.0,7.012,56.711,367.552,11.472,86.351,5.0065,5.0172
1,2025-03-22,32.486,7.67,255.0,6.786,57.678,484.045,10.579,88.678,5.0172,4.9936
1,2025-03-23,31.721,9.313,255.0,7.166,61.842,452.704,11.262,89.411,4.9936,4.9712
1,2025-03-24,28.99,9.978,255.0,7.299,55.145,387.129,11.535,90.116,4.9712,5.0137
1,2025-03-25,30.879,8.657,255.0,7.112,59.454,424.91,11.817,91.858,5.0137,5.0084
1,2025-03-26,32.171,9.734,255.0,7.22,69.692,489.648,11.713,89.142,5.0084,4.9852
1,2025-03-27,31.513,8.9,255.0,6.945,72.257,533.483,11.617,87.713,4.9852,5.0011
1,2025-03-28,31.789,8.527,255.0,7.286,60.598,431.384,10.814,87.482,5.0011,5.0408
1,2025-03-29,31.791,9.469,255.0,,58.599,441.45,11.193,85.779,5.0408,5.0716
1,2025-03-30,32.395,8.046,255.0,7.281,66.99,517.06,11.083,87.752,5.0716,5.0619
1,2025-03-31,32.591,9.564,255.0,7.583,67.876,474.288,10.744,86.735,5.0619,5.0764
1,2025-04-01,31.921,9.477,255.0,7.309,56.091,487.048,11.084,88.329,5.0764,5.0675
1,2025-04-02,32.268,10.306,255.0,7.24,46.132,406.585,11.651,87.66,5.0675,5.1098
1,2025-04-03,30.315,9.577,255.0,7.778,53.659,452.539,10.971,85.015,5.1098,5.1683
1,2025-04-04,35.04,9.064,255.0,7.885,62.544,519.919,11.037,87.243,5.1683,5.2519
1,2025-04-05,34.237,8.803,255.0,7.76,60.63,432.91,11.37,87.243,5.2519,5.2582
1,2025-04-06,33.864,9.594,255.0,7.276,68.811,406.207,10.668,87.455,5.2582,5.2496
1,2025-04-07,34.454,8.354,255.0,7.587,61.137,428.72,10.885,84.95,5.2496,5.2568
1,2025-04-08,31.775,7.92,255.0,,64.857,416.003,10.551,87.932,5.2568,5.2451
1,2025-04-09,32.484,8.523,255.0,,76.365,393.561,9.709,82.946,5.2451,5.2438
1,2025-04-10,33.184,,255.0,7.677,76.299,374.065,10.802,88.544,5.2438,5.2658
1,2025-04-11,33.58,9.176,255.0,8.031,65.942,459.207,11.028,83.505,5.2658,5.2445
1,2025-04-12,32.563,9.553,255.0,7.85,67.307,411.59,11.82,90.644,5.2445,5.2915
1,2025-04-13,31.231,9.047,255.0,7.592,73.866,347.776,10.996,92.263,5.2915,5.3243
1,2025-04-14,32.644,9.316,255.0,7.741,77.526,400.348,11.934,88.022,5.3243,5.3106
1,2025-04-15,32.53,9.915,255.0,7.88,77.194,383.614,11.683,90.0,5.3106,5.3151
1,2025-04-16,32.682,7.198,255.0,7.772,51.45,286.71,10.443,88.384,5.3151,5.3026
1,2025-04-17,33.445,8.903,255.0,8.08,78.187,357.305,11.734,86.941,5.3026,5.3047
1,2025-04-18,31.775,8.279,255.0,7.597,74.136,373.017,10.741,86.825,5.3047,5.3281
1,2025-04-19,32.184,8.526,255.0,7.418,88.099,325.581,10.199,88.951,5.3281,5.3069
1,2025-04-20,31.583,9.732,255.0,7.632,85.717,291.935,11.528,86.719,5.3069,5.3483
1,2025-04-21,32.656,10.463,255.0,7.756,81.33,356.198,12.053,87.522,5.3483,5.3841
1,2025-04-22,30.985,8.686,255.0,7.398,87.208,348.355,11.062,89.582,5.3841,5.4286
1,2025-04-23,31.338,8.322,255.0,7.684,79.799,296.24,10.275,84.836,5.4286,5.4371
1,2025-04-24,30.589,9.609,255.0,7.437,85.902,375.805,11.601,82.586,5.4371,5.4127
1,2025-04-25,30.978,9.16,255.0,7.515,92.236,377.046,10.897,88.916,5.4127,5.4438
1,2025-04-26,31.994,,255.0,7.425,88.742,346.005,11.381,89.581,5.4438,5.4442
1,2025-04-27,30.257,8.763,255.0,7.333,77.232,404.962,10.384,87.302,5.4442,5.5336
1,2025-04-28,29.886,10.156,255.0,7.221,86.565,404.519,11.771,87.237,5.5336,5.5558
1,2025-04-29,32.571,8.661,255.0,7.146,75.797,427.268,11.548,87.212,5.5558,5.5397
1,2025-04-30,31.406,7.984,255.0,6.96,84.354,468.439,11.857,85.639,5.5397,5.5585
1,2025-05-01,31.689,9.387,255.0,7.108,82.865,418.612,10.595,83.505,5.5585,5.5679
1,2025-05-02,31.448,9.075,255.0,7.219,82.549,420.007,11.636,91.518,5.5679,5.6142
1,2025-05-03,33.477,9.845,255.0,7.171,84.548,470.411,10.936,89.175,5.6142,5.6062
1,2025-05-04,33.708,9.626,255.0,7.32,77.422,420.109,11.223,87.939,5.6062,5.6447
1,2025-05-05,32.179,9.268,255.0,6.872,81.345,467.518,10.833,86.335,5.6447,5.6465
1,2025-05-06,34.408,8.936,255.0,7.011,62.298,441.671,10.903,85.394,5.6465,5.6457
1,2025-05-07,33.975,9.031,255.0,7.074,75.082,477.109,11.837,81.435,5.6457,5.638
1,2025-05-08,32.699,9.453,255.0,7.171,71.689,515.002,11.717,87.906,5.638,5.6589
1,2025-05-09,32.068,9.44,255.0,7.13,73.031,531.541,10.145,83.847,5.6589,5.6661
1,2025-05-10,32.266,7.878,255.0,6.963,65.627,564.925,11.356,86.055,5.6661,5.6461
1,2025-05-11,30.452,8.832,255.0,6.995,69.693,420.14,10.632,87.57,5.6461,5.6705
1,2025-05-12,30.833,9.493,255.0,7.07,73.375,471.377,10.653,86.531,5.6705,5.7048
1,2025-05-13,31.766,9.947,255.0,7.439,65.845,492.086,12.346,92.718,5.7048,5.7052
1,2025-05-14,33.113,8.114,255.0,7.065,62.992,473.247,10.605,85.618,5.7052,5.6939
1,2025-05-15,30.447,10.431,255.0,7.405,71.43,432.934,11.61,86.134,5.6939,5.6896
1,2025-05-16,29.202,7.238,255.0,7.185,73.413,439.022,10.838,88.604,5.6896,5.6888
1,2025-05-17,31.222,9.302,255.0,7.345,67.073,450.167,10.939,84.997,5.6888,5.712
1,2025-05-18,30.72,8.215,255.0,7.501,66.283,441.259,11.395,90.929,5.712,5.7768
1,2025-05-19,29.577,9.479,255.0,7.555,58.664,345.389,11.188,83.776,5.7768,5.8343
1,2025-05-20,29.056,8.937,255.0,7.455,56.545,424.833,11.004,92.219,5.8343,5.8842
1,2025-05-21,29.733,9.26,255.0,7.544,60.138,383.054,10.791,89.343,5.8842,5.9207
1,2025-05-22,30.999,9.694,255.0,,62.786,,11.373,86.064,5.9207,5.9459
1,2025-05-23,29.12,9.491,255.0,7.299,45.921,395.631,11.298,88.412,5.9459,5.9617
1,2025-05-24,31.268,9.209,255.0,7.745,56.946,345.753,10.186,87.925,5.9617,5.9334
1,2025-05-25,28.581,7.797,255.0,7.559,60.551,279.636,10.785,89.581,5.9334,5.8859
1,2025-05-26,28.273,9.446,255.0,7.245,58.055,305.732,11.613,86.024,5.8859,5.9159
1,2025-05-27,31.177,8.416,255.0,7.817,50.553,384.688,10.445,85.751,5.9159,5.8862
1,2025-05-28,29.679,9.21,255.0,7.801,50.431,336.331,11.478,82.533,5.8862,5.9201
1,2025-05-29,29.86,8.796,255.0,8.074,65.575,363.039,12.178,86.196,5.9201,5.9399
1,2025-05-30,30.188,8.113,255.0,7.539,79.331,352.524,10.321,89.975,5.9399,5.9546
1,2025-05-31,30.481,7.551,255.0,7.767,77.536,360.169,10.229,85.998,5.9546,5.9631
1,2025-06-01,29.71,9.07,255.0,7.364,71.265,334.961,11.251,85.066,5.9631,6.0136
1,2025-06-02,31.205,7.342,255.0,7.792,69.238,297.984,10.293,88.109,6.0136,6.0267
1,2025-06-03,30.671,9.407,255.0,7.826,47.581,350.35,11.159,82.772,6.0267,6.0669
1,2025-06-04,29.397,8.584,255.0,7.399,64.251,421.657,10.618,89.113,6.0669,6.1353
1,2025-06-05,31.149,8.193,255.0,7.623,60.428,420.811,10.541,86.993,6.1353,6.1338
1,2025-06-06,31.259,8.472,255.0,7.59,71.601,407.611,10.624,93.134,6.1338,6.1818
1,2025-06-07,31.899,7.668,255.0,7.826,80.0,434.367,10.463,86.574,6.1818,6.2021
1,2025-06-08,31.846,8.364,255.0,7.212,80.159,443.582,11.058,89.409,6.2021,6.1917
1,2025-06-09,29.438,7.064,255.0,7.37,75.129,406.874,8.849,84.784,6.1917,6.1901
1,2025-06-10,30.477,7.206,255.0,7.539,75.981,443.055,11.289,91.466,6.1901,6.1938
1,2025-06-11,29.556,8.508,255.0,7.217,75.434,494.321,10.777,93.372,6.1938,6.2623
1,2025-06-12,29.964,8.796,255.0,7.064,73.355,468.313,11.403,87.437,6.2623,6.2429
1,2025-06-13,27.873,6.856,255.0,7.177,88.242,459.968,9.068,87.117,6.2429,6.3127
1,2025-06-14,27.514,7.79,255.0,7.431,84.443,487.126,10.557,88.754,6.3127,6.3197
1,2025-06-15,29.51,7.073,255.0,7.156,83.349,451.398,10.173,85.959,6.3197,6.3261
1,2025-06-16,27.188,8.23,255.0,6.868,87.755,435.625,10.449,85.457,6.3261,6.3443
1,2025-06-17,27.75,,255.0,6.681,83.002,549.248,10.805,86.868,6.3443,6.3731
1,2025-06-18,25.656,6.767,255.0,7.09,78.685,525.908,9.903,82.535,6.3731,6.3156
1,2025-06-19,27.141,7.783,255.0,6.974,91.474,520.864,10.426,81.87,6.3156,6.3444
1,2025-06-20,27.445,8.571,255.0,6.846,98.061,442.567,11.194,82.767,6.3444,6.3923
1,2025-06-21,26.68,8.442,255.0,7.11,83.187,519.484,10.692,82.986,6.3923,6.4241
1,2025-06-22,27.191,6.727,255.0,6.955,79.615,453.04,9.408,85.604,6.4241,6.4516
1,2025-06-23,27.511,7.691,,7.039,84.28,429.959,9.945,84.985,6.4516,6.4345
1,2025-06-24,26.823,8.273,255.0,6.854,82.943,442.354,10.877,86.95,6.4345,6.4111
1,2025-06-25,26.698,8.452,255.0,6.776,84.513,482.214,10.734,88.214,6.4111,6.4155
1,2025-06-26,25.101,6.06,255.0,7.384,74.392,414.407,9.103,84.36,6.4155,6.406
1,2025-06-27,27.193,7.987,255.0,7.315,82.03,474.845,10.114,87.686,6.406,6.4596
1,2025-06-28,25.516,7.421,255.0,7.548,82.881,415.492,10.241,86.7,6.4596,6.468
1,2025-06-29,27.039,7.663,255.0,7.229,81.918,499.725,9.649,88.474,6.468,6.5006
1,2025-06-30,27.283,8.111,255.0,7.612,78.328,426.718,9.595,91.574,6.5006,6.5458
1,2025-07-01,26.172,6.965,255.0,7.475,75.584,,10.622,83.397,6.5458,6.5577
1,2025-07-02,27.332,6.486,255.0,7.587,57.48,390.471,9.247,87.777,6.5577,6.5956
1,2025-07-03,27.479,6.999,,7.451,81.932,378.333,9.976,87.301,6.5956,6.6189
1,2025-07-04,25.99,7.98,255.0,7.609,88.361,314.086,10.545,92.06,6.6189,6.6137
1,2025-07-05,28.027,7.424,255.0,7.676,65.397,343.905,9.622,87.841,6.6137,6.6173
1,2025-07-06,26.195,8.084,255.0,7.726,63.863,333.203,9.962,84.796,6.6173,6.6561
1,2025-07-07,27.128,7.809,255.0,7.593,69.377,335.716,10.907,86.289,6.6561,6.6318
1,2025-07-08,27.142,6.455,255.0,7.788,63.135,423.124,9.123,87.784,6.6318,6.6271
1,2025-07-09,27.669,5.671,255.0,7.775,78.543,325.214,9.669,89.876,6.6271,6.62
1,2025-07-10,25.055,7.717,255.0,7.724,57.049,348.284,10.21,86.007,6.62,6.5925
1,2025-07-11,28.137,6.259,255.0,7.631,76.616,387.708,9.861,85.23,6.5925,6.6053
1,2025-07-12,26.847,7.143,255.0,7.743,60.788,303.699,9.982,89.635,6.6053,6.6075
1,2025-07-13,25.68,7.254,255.0,7.67,71.89,379.191,9.674,89.123,6.6075,6.6023
1,2025-07-14,26.482,6.802,255.0,7.885,55.523,348.285,9.765,85.667,6.6023,6.6231
1,2025-07-15,27.536,8.703,255.0,7.518,60.978,338.255,10.566,86.199,6.6231,6.6079
1,2025-07-16,25.34,6.234,255.0,7.827,53.751,487.984,9.602,87.331,6.6079,6.6563
1,2025-07-17,26.273,7.263,255.0,7.401,61.494,361.127,10.927,89.97,6.6563,6.604
1,2025-07-18,23.861,7.507,255.0,7.824,67.784,355.622,10.514,89.651,6.604,6.6085
1,2025-07-19,24.841,6.785,255.0,7.231,57.897,410.818,9.987,86.192,6.6085,6.6132
1,2025-07-20,24.771,6.753,255.0,7.446,61.134,365.672,10.253,87.819,6.6132,6.6435
1,2025-07-21,22.184,5.555,255.0,7.522,60.899,448.926,9.292,89.267,6.6435,6.6578
1,2025-07-22,23.734,5.432,255.0,7.563,70.106,474.783,9.048,89.263,6.6578,6.7015
1,2025-07-23,23.03,6.719,255.0,7.51,62.697,421.331,10.21,89.099,6.7015,6.7108
1,2025-07-24,23.611,7.884,255.0,7.165,59.051,467.794,10.943,83.702,6.7108,6.664
1,2025-07-25,23.916,6.037,255.0,7.211,68.775,450.514,9.821,86.789,6.664,6.6804
1,2025-07-26,23.252,6.673,255.0,7.424,67.984,428.083,10.298,85.104,6.6804,6.7104
1,2025-07-27,24.333,6.873,255.0,7.157,71.154,466.358,10.199,89.632,6.7104,6.7008
1,2025-07-28,22.98,5.99,255.0,6.828,72.76,543.299,10.337,82.754,6.7008,6.7379
1,2025-07-29,23.871,6.778,255.0,6.763,70.821,441.691,10.14,82.826,6.7379,6.7651
1,2025-07-30,23.709,5.884,255.0,6.709,68.432,455.791,8.95,87.76,6.7651,6.7391
1,2025-07-31,24.104,7.402,255.0,7.184,70.752,493.418,9.808,87.575,6.7391,6.7331
1,2025-08-01,25.249,6.078,255.0,7.152,76.895,363.731,10.271,79.852,6.7331,6.7634
1,2025-08-02,24.631,5.571,255.0,6.855,81.576,391.287,10.015,86.78,6.7634,6.7509
1,2025-08-03,24.036,7.177,255.0,7.182,63.679,435.926,9.841,90.723,6.7509,6.7955
1,2025-08-04,25.087,5.731,255.0,6.933,71.378,395.966,9.622,84.003,6.7955,6.7884
1,2025-08-05,23.34,5.992,255.0,6.903,72.102,500.385,9.722,87.58,6.7884,6.7739
1,2025-08-06,25.331,5.776,255.0,7.249,70.913,409.6,9.335,88.059,6.7739,6.7722
1,2025-08-07,24.802,5.953,255.0,7.197,82.035,405.556,9.485,89.53,6.7722,6.7697
1,2025-08-08,25.013,7.63,255.0,6.899,86.682,331.465,10.531,90.946,6.7697,6.7774
1,2025-08-09,24.17,6.439,255.0,7.13,76.596,376.951,9.987,85.48,6.7774,6.7471
1,2025-08-10,24.898,6.774,255.0,7.256,89.527,380.106,10.225,88.408,6.7471,6.7411
1,2025-08-11,26.461,6.052,255.0,7.138,86.342,376.592,9.091,90.289,6.7411,6.7198
1,2025-08-12,25.146,6.782,255.0,7.076,96.13,382.621,10.047,91.307,6.7198,6.7256
1,2025-08-13,22.986,6.728,255.0,7.437,84.025,324.941,10.086,87.608,6.7256,6.6925
1,2025-08-14,23.891,4.476,255.0,7.437,80.653,392.82,8.792,89.459,6.6925,6.6989
1,2025-08-15,23.743,5.951,255.0,7.628,76.965,353.334,10.093,89.112,6.6989,6.6842
1,2025-08-16,21.32,5.556,255.0,7.615,87.173,344.244,8.995,89.329,6.6842,6.7146
1,2025-08-17,25.271,6.486,255.0,7.647,79.85,276.655,9.648,84.741,6.7146,6.7628
1,2025-08-18,22.434,6.474,255.0,7.53,81.557,374.844,9.899,88.926,6.7628,6.7571
1,2025-08-19,20.541,4.802,255.0,7.578,82.488,298.838,9.146,87.59,6.7571,6.7349
1,2025-08-20,22.189,6.437,255.0,7.452,82.396,384.035,10.246,87.493,6.7349,6.722
1,2025-08-21,22.135,6.282,255.0,7.803,81.283,382.825,,89.06,6.722,6.704
1,2025-08-22,19.797,7.205,255.0,7.761,67.323,336.477,10.59,86.405,6.704,6.7396
1,2025-08-23,20.55,5.547,255.0,7.771,80.926,387.32,9.906,87.605,6.7396,6.7339
1,2025-08-24,21.702,6.161,255.0,7.783,82.388,398.852,9.792,85.098,6.7339,6.7349
1,2025-08-25,21.922,7.611,255.0,7.656,78.66,427.045,10.469,93.202,6.7349,6.7462
1,2025-08-26,21.06,5.802,255.0,7.793,80.302,411.545,10.178,,6.7462,6.815
1,2025-08-27,22.415,5.527,255.0,7.615,66.423,444.122,9.323,87.765,6.815,6.8353
1,2025-08-28,21.359,5.26,255.0,7.765,75.859,433.913,9.003,88.838,6.8353,6.8233
1,2025-08-29,21.458,6.906,255.0,7.817,74.522,476.556,11.373,82.78,6.8233,6.8094
1,2025-08-30,21.75,5.224,255.0,7.622,60.428,454.696,9.374,88.616,6.8094,6.8258
1,2025-08-31,22.416,7.447,255.0,7.685,54.604,417.14,9.568,87.362,6.8258,6.8161
1,2025-09-01,24.969,6.331,255.0,7.736,59.878,425.467,9.865,87.736,6.8161,6.8161
1,2025-09-02,23.111,5.78,255.0,7.418,61.446,461.22,9.642,89.333,6.8161,6.8116
1,2025-09-03,22.743,6.222,255.0,7.63,,500.632,10.241,90.658,6.8116,6.7929
1,2025-09-04,23.271,5.909,255.0,7.455,58.611,424.982,9.701,85.838,6.7929,6.7758
1,2025-09-05,22.167,,255.0,7.452,66.344,555.841,9.848,88.945,6.7758,6.7465
1,2025-09-06,24.808,5.228,255.0,7.188,61.275,476.83,8.946,86.76,6.7465,6.7301
1,2025-09-07,21.739,6.521,255.0,7.416,56.601,423.54,9.599,87.647,6.7301,6.7058
1,2025-09-08,22.908,6.321,255.0,6.852,67.721,434.761,9.994,87.477,6.7058,6.7209
1,2025-09-09,20.431,5.287,255.0,7.261,58.81,488.466,9.734,89.043,6.7209,6.6755
1,2025-09-10,22.131,6.116,255.0,6.998,64.438,497.626,9.809,79.441,6.6755,6.724
1,2025-09-11,21.789,4.425,255.0,7.379,60.113,497.212,9.116,88.923,6.724,6.7428
1,2025-09-12,24.342,6.483,255.0,6.84,63.303,490.003,10.458,85.815,6.7428,6.7682
1,2025-09-13,24.357,5.268,255.0,7.006,58.345,423.42,8.97,80.274,6.7682,6.7792
1,2025-09-14,21.012,7.138,255.0,7.078,69.986,439.501,10.584,87.909,6.7792,6.7817
1,2025-09-15,21.735,6.031,255.0,7.009,64.388,497.826,9.592,88.156,6.7817,6.8113
1,2025-09-16,21.007,4.097,255.0,7.145,46.758,460.106,8.92,89.83,6.8113,6.7728
1,2025-09-17,21.045,5.734,255.0,6.962,63.755,494.586,9.956,89.626,6.7728,6.8105
1,2025-09-18,20.424,4.312,255.0,7.021,69.827,353.153,8.861,85.362,6.8105,6.8295
1,2025-09-19,21.142,6.178,255.0,7.06,66.614,335.549,8.796,87.558,6.8295,6.8603
1,2025-09-20,21.99,6.836,255.0,6.906,63.938,384.589,11.215,90.63,6.8603,6.8513
1,2025-09-21,19.517,6.283,255.0,6.912,65.982,355.545,10.544,85.98,6.8513,6.8641
1,2025-09-22,19.737,5.755,255.0,7.124,67.038,380.252,8.9,85.963,6.8641,6.849
1,2025-09-23,18.914,6.188,255.0,7.377,69.982,278.402,10.102,83.537,6.849,6.827
1,2025-09-24,19.497,5.407,255.0,7.182,67.153,363.628,9.232,89.802,6.827,6.8098
1,2025-09-25,19.966,4.559,255.0,7.31,70.55,257.638,8.81,85.344,6.8098,6.7675
1,2025-09-26,19.597,6.486,255.0,7.548,69.173,317.89,10.196,81.664,6.7675,6.7609
1,2025-09-27,22.819,5.401,255.0,7.369,83.649,414.825,9.171,87.747,6.7609,6.7257
1,2025-09-28,22.539,4.991,255.0,7.418,75.291,310.323,8.804,88.494,6.7257,6.7241
1,2025-09-29,21.826,6.102,255.0,7.274,83.379,376.927,10.917,86.647,6.7241,6.7454
1,2025-09-30,22.81,5.326,255.0,7.424,83.12,325.203,9.212,88.025,6.7454,6.7326
1,2025-10-01,20.363,4.359,,7.316,71.175,356.049,8.426,85.862,6.7326,6.722
1,2025-10-02,23.714,6.163,255.0,7.588,78.066,354.785,9.921,88.993,6.722,6.7273
1,2025-10-03,20.509,5.849,255.0,7.762,80.137,443.001,9.235,87.667,6.7273,6.7257
1,2025-10-04,22.531,5.776,,7.813,92.415,389.57,9.966,85.339,6.7257,6.7093
1,2025-10-05,23.793,7.25,255.0,7.668,67.956,381.195,10.817,88.774,6.7093,6.7394
1,2025-10-06,23.193,6.557,255.0,7.88,94.341,423.9,10.358,86.224,6.7394,6.786
1,2025-10-07,22.88,6.271,255.0,7.755,79.817,422.658,10.468,88.595,6.786,6.7838
1,2025-10-08,24.353,5.561,255.0,7.421,97.251,456.787,9.471,86.925,6.7838,6.7767
1,2025-10-09,23.583,6.094,,7.794,84.94,436.845,10.213,84.995,6.7767,6.7962
1,2025-10-10,22.892,6.054,255.0,7.821,81.443,479.785,9.704,85.87,6.7962,6.8497
1,2025-10-11,20.323,6.073,255.0,7.437,82.543,445.26,8.794,88.675,6.8497,6.798
1,2025-10-12,22.674,6.732,255.0,7.993,85.279,469.022,10.627,90.979,6.798,6.777
1,2025-10-13,21.804,6.041,255.0,7.377,85.378,552.523,10.007,91.457,6.777,6.7782
1,2025-10-14,21.754,5.169,255.0,7.502,90.151,525.008,8.88,90.048,6.7782,6.7891
1,2025-10-15,21.615,6.443,255.0,7.658,,490.165,10.18,85.261,6.7891,6.8034
1,2025-10-16,21.672,4.628,255.0,7.458,87.989,490.028,8.221,90.302,6.8034,6.8403
1,2025-10-17,20.709,5.905,255.0,7.777,71.91,444.166,9.569,89.171,6.8403,6.7994
1,2025-10-18,21.498,5.348,255.0,7.449,63.983,452.383,9.403,90.043,6.7994,6.8421
1,2025-10-19,19.915,5.301,255.0,,77.184,452.429,9.315,90.511,6.8421,6.8222
1,2025-10-20,20.533,5.851,255.0,7.247,73.989,466.018,10.146,,6.8222,6.8178
1,2025-10-21,21.27,5.388,255.0,,72.407,424.61,8.994,91.269,6.8178,6.8599
1,2025-10-22,20.176,6.012,255.0,7.758,64.251,383.628,10.284,85.054,6.8599,6.8458
1,2025-10-23,21.093,5.154,255.0,7.248,73.436,405.287,9.004,86.651,6.8458,6.836
1,2025-10-24,21.126,5.551,255.0,7.187,68.805,407.4,9.809,91.0,6.836,6.849
1,2025-10-25,20.99,6.098,255.0,7.476,71.202,357.553,9.948,90.735,6.849,6.8748
1,2025-10-26,20.794,4.815,255.0,7.182,54.1,400.266,9.746,82.618,6.8748,6.8494
1,2025-10-27,21.699,5.611,255.0,7.376,71.903,415.061,9.591,88.751,6.8494,6.8723
1,2025-10-28,20.94,6.465,255.0,7.31,65.614,380.929,10.09,80.473,6.8723,6.8702
1,2025-10-29,22.293,6.389,255.0,7.062,55.174,372.082,9.905,87.508,6.8702,6.8972
1,2025-10-30,21.54,6.032,255.0,7.293,50.147,374.064,9.451,86.686,6.8972,6.8936
1,2025-10-31,24.729,5.038,255.0,6.841,52.435,420.022,9.059,86.832,6.8936,6.871
1,2025-11-01,22.886,7.659,255.0,7.301,54.974,375.255,10.073,83.227,6.871,6.902
1,2025-11-02,24.362,5.625,255.0,7.025,65.733,360.734,9.354,83.169,6.902,6.9306
1,2025-11-03,22.27,6.417,255.0,7.127,65.426,373.543,9.575,83.294,6.9306,6.9539
1,2025-11-04,23.028,5.501,255.0,6.758,72.288,369.565,9.822,89.114,6.9539,6.9483
1,2025-11-05,23.458,5.705,255.0,7.584,63.911,,9.777,85.005,6.9483,6.9335
1,2025-11-06,24.124,6.768,255.0,,60.838,341.463,10.02,86.098,6.9335,6.9728
1,2025-11-07,23.467,5.489,255.0,7.082,68.19,367.499,9.722,86.648,6.9728,6.958
1,2025-11-08,23.225,6.736,255.0,7.372,54.075,318.307,10.08,92.121,6.958,6.9666
1,2025-11-09,21.979,5.632,255.0,7.192,58.61,335.485,9.538,86.107,6.9666,6.9868
1,2025-11-10,23.949,6.686,255.0,7.026,64.387,385.12,9.545,87.229,6.9868,7.0344
1,2025-11-11,24.942,4.95,255.0,7.8,56.756,404.272,9.664,84.699,7.0344,7.0337
1,2025-11-12,23.384,6.297,255.0,7.615,64.673,373.547,10.327,88.925,7.0337,7.0192
1,2025-11-13,21.597,5.758,255.0,7.337,70.734,423.809,9.521,91.272,7.0192,7.0263
1,2025-11-14,21.645,7.279,255.0,7.485,67.287,388.491,9.875,83.984,7.0263,7.0079
1,2025-11-15,25.374,5.437,255.0,7.316,71.222,464.868,9.476,89.201,7.0079,6.995
1,2025-11-16,21.12,4.892,255.0,7.607,53.254,375.997,8.96,85.344,6.995,7.0031
1,2025-11-17,23.008,6.768,255.0,7.83,70.284,443.525,10.276,87.43,7.0031,6.9968
1,2025-11-18,21.262,6.558,255.0,7.643,67.02,419.791,9.407,89.807,6.9968,6.9761
1,2025-11-19,22.906,5.894,255.0,7.437,80.18,433.425,9.468,87.884,6.9761,6.9789
1,2025-11-20,20.968,6.69,255.0,7.627,87.603,460.398,9.005,88.273,6.9789,7.0194
1,2025-11-21,24.122,5.619,255.0,7.897,70.659,475.26,8.956,85.378,7.0194,7.0439
1,2025-11-22,23.267,6.55,255.0,7.502,,446.854,10.339,90.621,7.0439,7.0281
1,2025-11-23,19.947,5.143,255.0,8.006,75.392,450.701,10.054,89.831,7.0281,7.021
1,2025-11-24,22.816,6.564,255.0,8.036,82.289,504.746,10.48,83.775,7.021,7.0152
1,2025-11-25,20.725,4.94,255.0,7.556,84.085,483.97,9.306,92.378,7.0152,7.0153
1,2025-11-26,23.861,5.939,255.0,7.73,70.093,528.262,9.366,92.361,7.0153,7.0442
1,2025-11-27,23.83,6.458,255.0,7.598,82.932,487.277,9.553,87.206,7.0442,7.1057
1,2025-11-28,24.121,7.587,255.0,7.641,84.586,425.502,10.213,87.977,7.1057,7.1161
1,2025-11-29,25.913,6.98,255.0,7.936,82.89,549.49,9.923,85.056,7.1161,7.1799
1,2025-11-30,25.646,6.324,255.0,7.831,88.503,527.354,9.149,86.491,7.1799,7.1362
1,2025-12-01,26.154,6.395,255.0,7.697,100.441,437.688,9.688,87.706,7.1362,7.1288
1,2025-12-02,24.693,7.351,255.0,7.588,69.687,397.689,10.984,88.567,7.1288,7.129
1,2025-12-03,25.521,7.153,255.0,7.228,78.035,439.904,10.174,89.046,7.129,7.1435
1,2025-12-04,26.735,7.006,255.0,7.449,83.016,390.403,10.12,91.022,7.1435,7.1288
1,2025-12-05,,6.834,255.0,7.308,86.698,426.957,10.475,91.311,7.1288,7.1115
1,2025-12-06,24.857,6.668,255.0,7.246,74.798,382.267,9.787,85.949,7.1115,7.1446
1,2025-12-07,25.944,8.479,255.0,,80.062,387.241,10.931,88.866,7.1446,7.1305
1,2025-12-08,26.543,6.923,255.0,6.953,86.682,421.398,9.73,87.129,7.1305,7.1028
1,2025-12-09,26.632,6.479,255.0,6.995,81.966,349.492,9.704,89.078,7.1028,7.0832
1,2025-12-10,25.609,7.513,255.0,7.38,74.669,392.371,10.028,92.457,7.0832,7.1224
1,2025-12-11,24.648,8.273,255.0,7.231,71.081,334.312,11.074,90.226,7.1224,7.1273
1,2025-12-12,25.902,6.985,255.0,6.864,71.29,355.261,10.69,91.012,7.1273,7.1365
1,2025-12-13,25.732,6.455,255.0,7.048,69.935,299.318,10.055,87.762,7.1365,7.1524
1,2025-12-14,25.077,7.341,255.0,,77.269,315.25,10.47,88.958,7.1524,7.1565
1,2025-12-15,24.084,6.612,255.0,6.849,81.883,377.312,10.217,91.822,7.1565,7.2338
1,2025-12-16,24.385,7.189,255.0,6.979,74.259,370.331,10.184,91.575,7.2338,7.2428
1,2025-12-17,23.647,7.333,255.0,7.031,66.03,316.676,11.502,86.547,7.2428,7.2268
1,2025-12-18,24.494,7.453,255.0,7.167,73.681,325.68,10.507,85.285,7.2268,7.2067
1,2025-12-19,23.398,7.845,255.0,7.209,74.478,355.544,10.88,83.116,7.2067,7.2135
1,2025-12-20,25.306,7.397,255.0,6.932,55.909,336.539,10.583,88.802,7.2135,7.1907
1,2025-12-21,24.1,6.911,255.0,,55.268,341.184,10.149,84.022,7.1907,7.2181
1,2025-12-22,23.717,7.047,255.0,7.359,61.21,359.344,10.695,87.033,7.2181,7.2313
1,2025-12-23,24.917,7.558,255.0,7.272,70.302,370.457,10.42,87.524,7.2313,7.2098
1,2025-12-24,26.557,7.579,255.0,7.021,70.747,478.57,10.862,90.841,7.2098,7.1732
1,2025-12-25,24.007,7.462,255.0,7.197,55.147,409.146,10.635,83.883,7.1732,7.2133
1,2025-12-26,25.108,7.923,255.0,7.264,64.765,460.68,,89.941,7.2133,7.2464
1,2025-12-27,25.675,7.527,255.0,7.446,63.881,444.697,10.007,84.472,7.2464,7.2567
1,2025-12-28,28.02,7.345,255.0,7.196,66.938,430.006,10.459,86.013,7.2567,7.2406
1,2025-12-29,26.867,7.482,255.0,7.3,62.333,508.64,10.146,88.774,7.2406,7.2468
1,2025-12-30,27.203,6.865,255.0,7.737,57.736,454.226,9.92,82.577,7.2468,7.2757
1,2025-12-31,25.687,6.933,255.0,7.514,72.382,494.311,9.869,90.988,7.2757,7.308
1,2026-01-01,26.68,8.251,255.0,7.552,53.288,465.368,10.838,86.45,7.308,7.3
1,2026-01-02,28.856,7.841,255.0,7.649,57.859,482.28,10.776,92.68,7.3,7.3319
1,2026-01-03,31.471,7.923,255.0,7.777,66.482,444.022,10.366,85.951,7.3319,7.3317
1,2026-01-04,28.616,8.354,255.0,7.87,61.163,456.537,11.27,89.07,7.3317,7.3298
1,2026-01-05,28.685,8.169,255.0,7.897,65.15,499.399,10.705,85.401,7.3298,7.3365
1,2026-01-06,28.477,6.335,255.0,7.673,64.539,466.299,9.74,88.714,7.3365,7.3018
1,2026-01-07,28.111,8.22,255.0,8.054,70.706,420.36,10.595,87.462,7.3018,7.3194
1,2026-01-08,27.449,7.762,255.0,7.824,72.184,437.632,10.338,80.461,7.3194,7.3124
1,2026-01-09,27.224,7.863,255.0,7.73,51.836,466.082,10.121,88.598,7.3124,7.3189
1,2026-01-10,27.815,7.99,255.0,7.747,67.168,396.282,9.931,85.91,7.3189,7.3099
1,2026-01-11,28.567,7.613,255.0,7.529,68.35,448.483,10.572,92.446,7.3099,7.3166
1,2026-01-12,28.212,7.822,255.0,7.586,60.817,412.472,10.037,83.343,7.3166,7.2967
1,2026-01-13,28.224,8.29,255.0,7.48,71.21,354.584,10.508,88.846,7.2967,7.2863
1,2026-01-14,28.567,6.838,255.0,7.381,79.355,467.147,10.299,87.848,7.2863,7.2443
1,2026-01-15,27.55,7.679,255.0,7.365,76.172,401.756,10.881,88.265,7.2443,7.2523
1,2026-01-16,27.25,8.705,255.0,7.344,96.691,400.23,11.088,89.189,7.2523,7.2828
1,2026-01-17,25.749,8.972,255.0,7.411,78.951,332.257,11.274,86.284,7.2828,7.2822
1,2026-01-18,29.318,9.407,255.0,7.433,79.779,354.706,11.731,87.079,7.2822,7.3152
1,2026-01-19,26.945,8.022,255.0,7.091,85.296,427.493,10.935,91.067,7.3152,7.328
1,2026-01-20,26.683,7.919,255.0,7.466,82.005,303.148,9.972,84.388,7.328,7.3857
1,2026-01-21,29.18,6.78,255.0,7.536,88.652,292.946,9.915,90.458,7.3857,7.3589
1,2026-01-22,28.664,6.64,255.0,7.196,90.737,343.667,9.764,89.835,7.3589,7.3973
1,2026-01-23,29.202,8.922,255.0,7.326,85.162,343.797,10.908,84.8,7.3973,7.3982
1,2026-01-24,28.875,9.203,255.0,7.149,90.714,377.789,11.037,89.009,7.3982,7.4395
1,2026-01-25,29.595,7.389,255.0,7.153,95.459,334.741,10.527,88.873,7.4395,7.458
1,2026-01-26,27.901,7.813,255.0,7.291,86.497,333.196,10.717,87.65,7.458,7.4817
1,2026-01-27,28.902,8.307,255.0,7.019,72.822,316.034,11.444,88.249,7.4817,7.447
1,2026-01-28,29.841,9.4,255.0,7.027,92.836,366.486,11.442,83.934,7.447,7.4443
1,2026-01-29,31.118,7.764,255.0,7.084,85.765,356.069,10.676,86.671,7.4443,7.4882
1,2026-01-30,31.574,7.829,255.0,7.153,77.568,328.484,10.988,83.187,7.4882,7.485
1,2026-01-31,30.543,8.676,255.0,7.16,76.308,404.543,10.955,84.351,7.485,7.5249
1,2026-02-01,32.616,8.918,255.0,6.853,84.721,419.429,11.34,88.839,7.5249,7.525
1,2026-02-02,30.464,7.114,255.0,7.147,81.662,419.892,9.599,89.082,7.525,7.5319
1,2026-02-03,31.091,8.685,255.0,7.476,72.158,418.454,10.548,86.404,7.5319,7.5719
1,2026-02-04,32.981,8.808,255.0,7.072,95.642,407.31,10.707,82.823,7.5719,7.5989
1,2026-02-05,33.574,7.547,255.0,7.437,77.472,461.117,9.655,91.435,7.5989,7.6007
1,2026-02-06,31.731,8.01,255.0,7.11,72.459,378.124,10.992,90.345,7.6007,7.6127
1,2026-02-07,30.711,8.8,255.0,7.145,68.194,,10.931,92.514,7.6127,7.5959
1,2026-02-08,32.062,9.037,255.0,7.434,81.356,437.59,11.009,87.388,7.5959,7.5953
1,2026-02-09,32.007,8.786,255.0,7.109,60.762,525.677,10.913,85.737,7.5953,7.562
1,2026-02-10,31.918,8.369,255.0,7.646,70.649,523.002,10.881,89.573,7.562,7.5835
1,2026-02-11,30.666,8.505,255.0,7.793,62.596,477.127,10.834,88.218,7.5835,7.5971
1,2026-02-12,29.982,7.584,255.0,7.498,59.938,418.632,10.474,88.983,7.5971,7.6173
1,2026-02-13,28.072,7.761,255.0,7.898,59.065,501.367,10.183,87.301,7.6173,7.6371
1,2026-02-14,30.024,8.423,255.0,7.396,67.097,436.47,10.983,94.499,7.6371,7.6631
1,2026-02-15,29.722,7.402,255.0,7.387,73.118,448.506,10.016,87.511,7.6631,7.64
1,2026-02-16,29.722,8.157,255.0,7.527,57.688,490.032,10.566,87.274,7.64,7.644
1,2026-02-17,29.508,9.132,255.0,7.81,61.259,468.653,10.758,85.064,7.644,7.6619
1,2026-02-18,30.307,9.02,255.0,7.723,66.424,491.268,11.469,87.098,7.6619,7.6753
1,2026-02-19,30.599,9.042,255.0,7.777,55.794,474.599,12.349,86.306,7.6753,7.6697
1,2026-02-20,29.643,9.946,255.0,7.624,57.166,385.015,11.135,83.277,7.6697,7.7463
1,2026-02-21,29.973,7.718,255.0,7.912,55.086,475.828,10.346,85.44,7.7463,7.7695
1,2026-02-22,30.359,8.557,255.0,7.712,51.116,433.519,10.047,86.257,7.7695,7.782
1,2026-02-23,31.452,8.878,255.0,7.95,66.493,424.273,11.413,88.782,7.782,7.7521
1,2026-02-24,31.578,9.325,255.0,7.921,53.622,366.001,11.403,86.777,7.7521,7.7641
1,2026-02-25,29.611,8.299,255.0,7.946,73.262,344.548,10.586,87.075,7.7641,7.7562
1,2026-02-26,31.291,10.063,255.0,7.608,66.004,325.331,11.451,83.377,7.7562,7.782
1,2026-02-27,32.01,8.773,255.0,7.508,60.009,378.316,11.39,81.122,7.782,7.7896
1,2026-02-28,32.23,9.295,255.0,7.654,60.161,341.123,11.072,90.288,7.7896,7.7914
1,2026-03-01,32.749,10.122,255.0,7.51,69.874,395.71,11.526,87.132,7.7914,7.7892
1,2026-03-02,33.617,9.207,255.0,7.562,56.269,313.17,12.108,87.095,7.7892,7.8267
1,2026-03-03,33.194,9.466,255.0,7.448,63.0,337.088,10.638,87.538,7.8267,7.8755
1,2026-03-04,33.097,7.443,255.0,7.407,85.581,370.987,9.984,89.311,7.8755,7.8448
1,2026-03-05,32.707,9.155,255.0,7.039,59.607,340.375,10.936,88.195,7.8448,7.8644
1,2026-03-06,31.863,10.255,255.0,7.018,61.306,355.692,12.364,87.985,7.8644,7.8675
1,2026-03-07,31.961,8.776,255.0,7.062,61.346,357.914,10.444,88.072,7.8675,7.8774
1,2026-03-08,32.392,10.117,255.0,7.294,80.313,321.803,11.578,85.225,7.8774,7.8749
1,2026-03-09,32.007,8.295,255.0,6.94,56.653,317.196,11.015,83.055,7.8749,7.921
1,2026-03-10,31.917,9.382,255.0,7.272,79.026,308.18,11.118,83.607,7.921,7.8851
1,2026-03-11,31.303,8.441,255.0,6.855,85.181,454.734,10.584,83.618,7.8851,7.8819
1,2026-03-12,31.82,8.725,255.0,7.137,79.756,390.73,10.784,84.657,7.8819,7.8862
1,2026-03-13,32.808,9.745,255.0,6.82,68.161,363.205,10.91,88.699,7.8862,7.9149
1,2026-03-14,32.109,9.348,255.0,7.276,82.62,402.761,11.873,87.942,7.9149,7.8994
1,2026-03-15,32.228,10.078,255.0,7.043,89.522,342.392,11.51,87.13,7.8994,7.9624
1,2026-03-16,31.301,8.936,255.0,7.055,67.273,395.679,11.464,85.707,7.9624,7.9988
1,2026-03-17,32.587,9.592,255.0,6.973,80.421,404.758,10.869,84.483,7.9988,7.9755
1,2026-03-18,29.607,9.392,255.0,7.109,94.676,419.577,11.36,88.21,7.9755,8.0031
1,2026-03-19,31.917,9.475,255.0,7.039,80.801,404.352,10.901,85.678,8.0031,8.0179
1,2026-03-20,32.361,8.618,255.0,7.161,76.45,449.765,10.567,88.943,8.0179,8.0473
1,2026-03-21,30.991,8.805,,6.914,85.695,498.742,11.085,92.633,8.0473,8.0444
1,2026-03-22,31.04,9.595,255.0,7.024,92.164,485.624,11.433,88.95,8.0444,8.0555
1,2026-03-23,31.41,10.328,255.0,7.389,81.674,,11.736,88.782,8.0555,8.0266
1,2026-03-24,30.838,8.602,255.0,7.142,88.13,473.423,10.959,84.389,8.0266,8.0484
1,2026-03-25,32.551,8.775,255.0,7.333,98.692,479.371,10.637,87.308,8.0484,8.0508
1,2026-03-26,32.176,8.276,255.0,7.178,81.721,473.131,10.469,87.033,8.0508,8.0778
1,2026-03-27,32.369,9.569,255.0,,86.097,489.298,11.696,89.477,8.0778,8.0822
1,2026-03-28,32.972,10.037,255.0,7.331,76.888,478.1,11.704,85.667,8.0822,8.0847
1,2026-03-29,30.758,9.141,255.0,7.468,79.238,515.389,10.567,85.733,8.0847,8.0831
1,2026-03-30,32.801,8.94,255.0,7.742,85.348,461.264,10.856,89.806,8.0831,8.0675
1,2026-03-31,31.671,8.99,255.0,7.721,94.128,452.208,10.701,84.349,8.0675,8.0308
1,2026-04-01,34.088,9.872,255.0,7.704,75.443,460.351,11.519,85.326,8.0308,8.0247
1,2026-04-02,34.417,7.607,255.0,7.89,85.985,431.395,10.675,88.322,8.0247,8.0398
1,2026-04-03,32.884,8.874,255.0,7.893,81.201,394.9,10.663,85.352,8.0398,8.0177
1,2026-04-04,34.048,9.822,255.0,7.699,80.093,398.007,11.324,84.838,8.0177,8.001
1,2026-04-05,33.985,9.248,255.0,7.543,67.389,446.127,11.252,85.04,8.001,7.9998
1,2026-04-06,36.0,9.496,255.0,7.676,80.228,322.66,11.316,92.249,7.9998,7.9572
1,2026-04-07,32.977,10.312,255.0,7.817,63.073,353.047,11.389,88.002,7.9572,7.9861
1,2026-04-08,33.634,8.359,255.0,7.509,71.375,320.685,10.66,88.395,7.9861,7.9625
1,2026-04-09,32.857,9.64,255.0,7.931,70.645,362.141,11.002,84.222,7.9625,7.9751
1,2026-04-10,33.037,7.814,255.0,7.583,73.654,355.363,9.879,93.409,7.9751,7.9876
1,2026-04-11,32.837,9.022,255.0,,78.99,382.144,11.43,88.986,7.9876,8.0236
1,2026-04-12,31.33,9.473,255.0,7.381,48.87,354.164,10.899,82.892,8.0236,8.0803
1,2026-04-13,33.308,9.089,255.0,7.645,68.503,379.939,10.936,87.486,8.0803,8.097
1,2026-04-14,31.549,9.179,255.0,7.854,70.015,356.722,11.904,86.11,8.097,8.1145
1,2026-04-15,34.747,8.422,255.0,7.44,63.876,354.988,11.667,86.054,8.1145,8.1447
1,2026-04-16,32.012,8.577,255.0,7.773,69.09,364.838,10.952,87.773,8.1447,8.1645
1,2026-04-17,31.214,8.648,255.0,7.284,54.911,356.025,10.88,88.233,8.1645,8.1528
1,2026-04-18,32.571,9.047,255.0,7.346,63.396,289.89,10.715,90.219,8.1528,8.1835
1,2026-04-19,32.591,8.967,255.0,7.428,67.853,345.123,11.426,86.134,8.1835,8.1669
1,2026-04-20,31.447,10.027,255.0,7.294,51.278,332.054,11.69,92.316,8.1669,8.1612
1,2026-04-21,31.943,9.039,255.0,7.212,53.778,428.718,9.925,89.538,8.1612,8.1546
1,2026-04-22,32.986,8.697,255.0,7.113,60.036,404.134,10.715,83.4,8.1546,8.1886
1,2026-04-23,31.522,9.502,255.0,7.147,56.937,459.092,11.191,86.331,8.1886,8.1749
1,2026-04-24,31.036,9.182,255.0,7.157,64.112,484.551,11.283,81.526,8.1749,8.1814
1,2026-04-25,31.878,9.336,255.0,7.119,62.794,443.731,10.957,85.009,8.1814,8.1673
1,2026-04-26,32.147,8.105,255.0,7.118,57.613,417.417,11.117,88.548,8.1673,8.1258
1,2026-04-27,34.095,8.305,255.0,7.351,72.381,463.176,10.352,88.107,8.1258,8.1289
1,2026-04-28,32.207,7.699,255.0,7.262,65.837,435.255,10.212,88.522,8.1289,8.0762
1,2026-04-29,33.04,9.476,255.0,7.016,59.615,463.55,10.605,84.59,8.0762,8.0994
1,2026-04-30,32.413,8.785,255.0,7.402,71.421,479.274,10.787,86.373,8.0994,8.1288
1,2026-05-01,33.328,8.959,255.0,7.031,75.45,418.553,10.766,84.335,8.1288,8.1527
1,2026-05-02,30.733,8.009,255.0,7.043,68.355,430.623,11.479,88.057,8.1527,8.1396
1,2026-05-03,33.663,8.787,255.0,7.034,77.309,422.321,11.673,87.628,8.1396,8.1146
1,2026-05-04,31.969,8.224,255.0,7.155,74.85,463.733,10.245,84.273,8.1146,8.1072
1,2026-05-05,32.105,10.104,255.0,7.125,84.603,460.252,11.657,87.243,8.1072,8.1485
1,2026-05-06,32.502,9.527,255.0,7.04,75.835,445.807,11.843,87.995,8.1485,8.1859
1,2026-05-07,33.593,9.523,255.0,6.959,73.331,436.614,11.613,87.464,8.1859,8.1829
1,2026-05-08,30.702,8.933,255.0,6.96,83.033,479.061,11.878,89.246,8.1829,8.2087
1,2026-05-09,30.526,8.278,255.0,7.363,65.259,457.239,10.266,88.112,8.2087,8.2265
1,2026-05-10,31.648,9.913,255.0,7.353,75.912,441.411,10.856,,8.2265,8.2957
1,2026-05-11,30.699,8.727,255.0,7.296,83.582,453.937,10.903,90.448,8.2957,8.3296
1,2026-05-12,31.551,8.886,255.0,7.392,99.758,401.755,11.133,86.004,8.3296,8.3595
1,2026-05-13,30.035,9.234,255.0,7.543,79.687,446.159,11.33,88.221,8.3595,8.3815
1,2026-05-14,30.664,8.896,255.0,7.427,95.546,371.893,11.196,87.071,8.3815,8.3681
1,2026-05-15,29.45,8.155,255.0,7.644,74.311,380.978,9.701,88.119,8.3681,8.3387
2,2025-01-01,25.692,8.058,238.814,7.274,94.123,479.52,10.172,85.411,3.0,3.0379
2,2025-01-02,27.175,8.422,231.46,7.314,82.91,494.771,11.154,87.421,3.0379,3.049
2,2025-01-03,26.621,7.785,233.847,7.472,82.021,504.541,9.969,87.239,3.049,3.0828
2,2025-01-04,29.421,8.229,229.371,7.595,93.158,421.082,10.7,88.523,3.0828,3.1427
2,2025-01-05,27.164,8.107,236.016,7.776,81.495,412.506,10.213,88.71,3.1427,3.1154
2,2025-01-06,29.755,7.75,249.175,7.478,85.444,455.793,10.178,88.704,3.1154,3.204
2,2025-01-07,29.068,8.009,233.021,7.803,68.487,502.494,10.274,88.04,3.204,3.2549
2,2025-01-08,28.973,5.565,235.153,7.722,80.519,494.275,9.458,91.496,3.2549,3.299
2,2025-01-09,29.993,8.001,241.909,7.553,57.64,458.996,10.943,86.782,3.299,3.3349
2,2025-01-10,30.278,7.571,246.143,7.817,76.899,523.662,9.639,86.035,3.3349,3.4065
2,2025-01-11,29.221,7.603,255.0,7.881,78.071,452.424,10.57,90.049,3.4065,3.4588
2,2025-01-12,28.971,7.801,233.106,7.85,69.813,464.201,10.034,90.403,3.4588,3.4818
2,2025-01-13,28.931,9.263,237.512,7.672,64.611,429.665,11.915,80.452,3.4818,3.5891
2,2025-01-14,29.3,7.125,239.854,7.732,68.43,468.979,11.034,88.335,3.5891,3.6437
2,2025-01-15,27.864,7.206,233.88,7.408,55.741,397.687,9.713,88.765,3.6437,3.593
2,2025-01-16,27.361,7.629,246.753,7.594,76.141,396.818,10.83,87.584,3.593,3.613
2,2025-01-17,28.187,7.454,240.989,7.706,62.743,374.254,10.801,88.51,3.613,3.6461
2,2025-01-18,,7.412,249.256,7.656,59.041,363.334,9.605,86.643,3.6461,3.6545
2,2025-01-19,30.492,8.669,246.35,7.841,68.058,450.683,10.547,80.73,3.6545,3.6953
2,2025-01-20,28.027,8.271,255.0,7.802,64.393,403.815,10.299,84.537,3.6953,3.7287
2,2025-01-21,27.194,7.673,242.522,7.403,56.118,321.804,,87.483,3.7287,3.7797
2,2025-01-22,28.097,8.322,255.0,7.339,59.737,371.276,11.067,87.653,3.7797,3.8121
2,2025-01-23,28.633,7.823,248.553,7.098,62.116,377.219,10.779,88.493,3.8121,3.8149
2,2025-01-24,28.479,8.493,255.0,7.275,67.809,315.557,10.559,91.851,3.8149,3.8369
2,2025-01-25,28.354,8.331,255.0,6.833,53.66,340.866,10.588,87.587,3.8369,3.8387
2,2025-01-26,27.198,8.478,250.056,7.222,59.031,330.281,11.824,82.053,3.8387,3.8618
2,2025-01-27,27.707,8.909,254.512,7.382,60.062,330.578,10.959,87.697,3.8618,3.8887
2,2025-01-28,29.012,8.834,255.0,6.973,53.466,280.134,11.365,87.827,3.8887,3.8652
2,2025-01-29,30.846,7.908,255.0,7.187,67.372,309.76,10.313,87.979,3.8652,3.8903
2,2025-01-30,30.99,9.206,255.0,7.19,55.175,385.985,10.468,91.535,3.8903,3.8452
2,2025-01-31,29.375,8.847,255.0,7.054,67.942,325.237,10.393,87.158,3.8452,3.8573
2,2025-02-01,31.274,7.82,255.0,7.132,64.369,307.952,9.926,87.449,3.8573,3.885
2,2025-02-02,28.641,6.265,255.0,7.192,64.281,411.001,9.423,88.483,3.885,3.8963
2,2025-02-03,30.238,8.486,255.0,7.15,66.007,,10.611,84.161,3.8963,3.9064
2,2025-02-04,30.362,8.448,237.38,7.062,64.631,390.327,10.784,87.758,3.9064,3.9735
2,2025-02-05,31.009,8.926,255.0,6.807,65.331,378.177,11.678,85.378,3.9735,3.9661
2,2025-02-06,30.883,8.374,249.772,7.298,56.734,366.635,9.892,85.012,3.9661,3.9455
2,2025-02-07,30.73,7.16,244.923,6.902,79.728,437.719,10.306,84.515,3.9455,3.9312
2,2025-02-08,31.497,9.203,255.0,7.272,77.109,408.353,11.152,86.862,3.9312,4.011
2,2025-02-09,29.801,8.455,246.46,7.358,63.795,421.616,10.567,87.312,4.011,4.0609
2,2025-02-10,32.2,9.0,255.0,7.018,75.996,421.805,10.9,92.571,4.0609,4.0473
2,2025-02-11,31.64,7.721,255.0,6.999,69.392,445.808,10.896,88.614,4.0473,4.0343
2,2025-02-12,30.803,8.881,255.0,7.145,75.961,483.615,10.84,88.021,4.0343,4.0628
2,2025-02-13,32.377,9.106,255.0,7.039,71.346,444.367,10.713,86.994,4.0628,4.109
2,2025-02-14,31.336,8.425,255.0,6.976,80.615,478.256,10.873,92.403,4.109,4.1498
2,2025-02-15,29.885,8.4,255.0,7.383,75.647,497.023,10.941,85.192,4.1498,4.1998
2,2025-02-16,28.936,8.745,255.0,7.499,88.721,468.137,11.308,88.261,4.1998,4.2293
2,2025-02-17,31.615,9.64,255.0,7.555,93.088,515.649,11.646,85.335,4.2293,4.2913
2,2025-02-18,29.954,8.356,255.0,7.589,71.488,500.184,10.331,88.528,4.2913,4.3312
2,2025-02-19,29.46,8.732,255.0,7.926,93.304,483.513,10.918,89.121,4.3312,4.3541
2,2025-02-20,30.054,7.59,255.0,7.827,98.334,467.815,9.459,88.692,4.3541,4.3748
2,2025-02-21,30.717,9.063,255.0,7.572,79.448,461.968,10.894,84.835,4.3748,4.4263
2,2025-02-22,29.92,7.915,255.0,7.868,64.783,433.321,10.283,87.47,4.4263,4.4796
2,2025-02-23,29.444,9.334,255.0,7.75,71.778,505.884,10.553,88.376,4.4796,4.5354
2,2025-02-24,29.772,9.522,255.0,7.452,82.949,409.327,10.98,88.925,4.5354,4.5784
2,2025-02-25,31.205,8.996,255.0,7.584,81.106,407.81,10.735,88.644,4.5784,4.5736
2,2025-02-26,28.975,9.276,255.0,7.603,84.385,434.649,10.602,84.076,4.5736,4.6371
2,2025-02-27,30.447,8.342,255.0,7.656,73.163,427.326,10.405,90.199,4.6371,4.6464
2,2025-02-28,30.709,7.176,255.0,7.718,79.408,414.698,9.38,90.251,4.6464,4.7042
2,2025-03-01,31.372,9.739,255.0,7.46,84.58,348.862,10.64,84.981,4.7042,4.7146
2,2025-03-02,32.099,7.78,255.0,7.32,88.086,398.347,10.029,87.726,4.7146,4.7474
2,2025-03-03,32.169,9.828,255.0,7.544,77.504,358.017,11.3,86.641,4.7474,4.7717
2,2025-03-04,31.257,9.638,255.0,7.467,74.496,341.498,11.498,82.483,4.7717,4.781
2,2025-03-05,33.788,8.757,255.0,7.597,88.105,336.75,11.498,87.57,4.781,4.7944
2,2025-03-06,33.646,8.626,255.0,7.387,68.888,346.136,10.782,89.583,4.7944,4.7799
2,2025-03-07,32.253,8.114,255.0,7.885,74.123,357.286,10.048,86.996,4.7799,4.7861
2,2025-03-08,34.206,10.751,255.0,7.302,63.468,309.33,12.561,90.244,4.7861,4.7944
2,2025-03-09,32.405,9.768,255.0,7.356,67.452,362.64,11.311,87.201,4.7944,4.8324
2,2025-03-10,34.905,9.568,255.0,7.52,66.559,319.531,11.6,88.005,4.8324,4.8295
2,2025-03-11,33.16,8.812,255.0,7.594,70.056,396.955,11.084,87.7,4.8295,4.8441
2,2025-03-12,33.188,8.224,255.0,7.183,63.241,369.46,10.908,86.001,4.8441,4.8483
2,2025-03-13,30.191,8.852,255.0,7.43,52.624,366.381,11.697,85.979,4.8483,4.8393
2,2025-03-14,34.533,9.144,255.0,7.203,72.868,394.208,10.721,85.831,4.8393,4.8302
2,2025-03-15,30.602,9.175,255.0,6.89,73.805,386.823,10.721,85.258,4.8302,4.8167
2,2025-03-16,33.525,10.783,255.0,7.255,61.075,375.818,11.422,92.723,4.8167,4.8812
2,2025-03-17,33.68,8.011,255.0,6.977,,398.914,10.578,94.559,4.8812,4.8918
2,2025-03-18,32.679,9.237,255.0,7.095,53.271,416.411,11.387,88.13,4.8918,4.9371
2,2025-03-19,32.784,9.296,255.0,6.849,56.037,415.906,11.297,85.67,4.9371,4.9127
2,2025-03-20,30.001,9.089,255.0,6.787,53.04,420.381,10.489,87.787,4.9127,4.9078
2,2025-03-21,31.049,9.636,255.0,6.922,54.526,486.025,11.734,88.551,4.9078,4.8722
2,2025-03-22,32.712,9.541,255.0,7.237,62.834,454.998,11.169,88.484,4.8722,4.9104
2,2025-03-23,29.687,8.893,255.0,7.435,56.014,453.005,10.605,88.726,4.9104,4.9403
2,2025-03-24,32.086,8.788,255.0,7.227,66.577,505.09,11.018,95.67,4.9403,4.9721
2,2025-03-25,30.375,9.214,255.0,7.367,73.358,525.285,11.5,84.729,4.9721,4.9855
2,2025-03-26,29.828,9.453,255.0,7.234,68.423,494.754,11.493,85.185,4.9855,4.9868
2,2025-03-27,29.426,9.808,255.0,7.039,69.045,518.299,11.135,88.784,4.9868,4.9742
2,2025-03-28,31.709,8.963,255.0,7.135,77.72,426.544,11.206,84.925,4.9742,5.0022
2,2025-03-29,32.159,8.634,255.0,7.12,71.445,540.645,11.101,85.127,5.0022,5.0823
2,2025-03-30,32.106,10.32,255.0,7.17,65.813,497.38,11.823,85.547,5.0823,5.1285
2,2025-03-31,33.438,10.357,255.0,7.676,68.28,460.214,12.269,89.123,5.1285,5.1182
2,2025-04-01,32.991,9.175,255.0,7.395,76.136,491.578,11.727,83.013,5.1182,5.1549
2,2025-04-02,31.223,8.842,255.0,7.297,70.115,514.538,11.889,85.683,5.1549,5.1995
2,2025-04-03,33.375,9.579,255.0,7.551,83.138,487.53,10.834,89.556,5.1995,5.2275
2,2025-04-04,34.334,9.431,255.0,7.578,73.543,368.726,11.208,85.818,5.2275,5.2714
2,2025-04-05,33.89,9.277,255.0,7.484,76.129,463.763,10.803,87.66,5.2714,5.236
2,2025-04-06,33.47,8.996,255.0,7.601,71.879,423.109,11.914,86.664,5.236,5.2988
2,2025-04-07,33.073,10.564,255.0,7.661,89.153,433.573,11.892,87.214,5.2988,5.3224
2,2025-04-08,34.564,9.282,255.0,7.633,76.154,431.144,11.728,85.715,5.3224,5.3399
2,2025-04-09,35.184,10.09,255.0,7.489,77.213,353.261,11.42,91.635,5.3399,5.3052
2,2025-04-10,32.764,9.485,255.0,7.845,83.183,417.002,10.475,90.028,5.3052,5.3398
2,2025-04-11,32.154,9.283,255.0,7.787,89.166,311.23,11.191,84.465,5.3398,5.3754
2,2025-04-12,34.602,8.9,255.0,7.917,91.437,301.128,11.281,89.268,5.3754,5.3496
2,2025-04-13,34.054,8.43,255.0,7.716,82.337,376.877,10.511,85.538,5.3496,5.3831
2,2025-04-14,35.163,8.208,255.0,7.796,75.58,382.115,10.271,85.385,5.3831,5.3849
2,2025-04-15,32.941,9.595,255.0,7.723,74.299,368.118,11.294,90.174,5.3849,5.3589
2,2025-04-16,32.313,10.157,255.0,7.732,82.482,310.031,12.362,84.699,5.3589,5.3896
2,2025-04-17,30.218,10.135,255.0,7.788,90.29,359.586,11.488,84.577,5.3896,5.3986
2,2025-04-18,32.297,9.799,255.0,7.909,86.558,373.693,11.276,85.759,5.3986,5.4044
2,2025-04-19,31.837,8.483,255.0,7.447,88.207,375.338,10.374,89.477,5.4044,5.4293
2,2025-04-20,32.77,9.782,255.0,7.708,96.771,324.258,10.958,85.498,5.4293,5.3867
2,2025-04-21,30.969,8.826,255.0,7.661,85.379,333.964,11.237,89.25,5.3867,5.4007
2,2025-04-22,28.819,8.434,255.0,7.339,82.79,329.348,10.564,84.803,5.4007,5.443
2,2025-04-23,31.362,9.195,255.0,7.147,77.157,356.801,10.956,87.631,5.443,5.4817
2,2025-04-24,29.938,9.65,255.0,7.491,74.956,410.346,11.27,84.253,5.4817,5.5244
2,2025-04-25,30.715,9.138,255.0,7.198,83.86,389.416,11.187,88.447,5.5244,5.5291
2,2025-04-26,28.798,9.547,255.0,7.062,79.408,414.693,11.567,84.358,5.5291,5.599
2,2025-04-27,32.831,9.83,255.0,7.296,70.25,437.835,11.352,89.07,5.599,5.6108
2,2025-04-28,31.427,9.298,255.0,7.283,71.969,376.578,11.915,93.91,5.6108,5.5998
2,2025-04-29,30.666,9.469,255.0,7.398,66.218,429.816,11.349,90.078,5.5998,5.5906
2,2025-04-30,32.256,9.886,255.0,7.109,76.195,427.54,11.068,89.915,5.5906,5.6192
2,2025-05-01,33.342,8.346,255.0,6.998,73.096,433.535,11.108,86.647,5.6192,5.6276
2,2025-05-02,32.214,9.723,255.0,7.146,73.851,472.569,11.291,,5.6276,5.6369
2,2025-05-03,33.925,9.993,255.0,7.174,71.922,465.088,10.929,,5.6369,5.6519
2,2025-05-04,32.874,9.683,255.0,6.927,63.177,524.323,11.704,86.026,5.6519,5.6574
2,2025-05-05,32.572,9.352,255.0,7.507,68.025,500.545,,86.459,5.6574,5.6871
2,2025-05-06,28.248,9.476,255.0,7.401,51.533,532.686,10.017,90.337,5.6871,5.665
2,2025-05-07,33.132,9.793,255.0,7.133,68.49,465.54,10.569,89.094,5.665,5.7048
2,2025-05-08,30.697,7.909,255.0,6.933,52.237,480.214,10.736,83.503,5.7048,5.7293
2,2025-05-09,32.081,8.831,255.0,6.759,60.165,475.954,11.05,87.671,5.7293,5.7277
2,2025-05-10,32.806,9.635,,7.123,63.942,464.59,11.045,88.664,5.7277,5.7489
2,2025-05-11,32.389,8.701,255.0,7.116,57.524,407.409,11.088,87.936,5.7489,5.745
2,2025-05-12,34.049,8.629,255.0,7.057,53.629,396.876,11.573,90.629,5.745,5.7264
2,2025-05-13,33.718,8.629,255.0,7.209,70.298,472.005,11.873,88.107,5.7264,5.7201
2,2025-05-14,29.781,8.66,255.0,7.51,64.235,440.076,10.449,88.317,5.7201,5.7616
2,2025-05-15,31.493,8.276,255.0,7.507,38.082,442.463,11.881,83.931,5.7616,5.7729
2,2025-05-16,30.55,9.539,255.0,7.485,61.19,446.196,11.3,95.72,5.7729,5.8082
2,2025-05-17,28.987,8.411,255.0,7.655,51.048,331.802,10.8,90.938,5.8082,5.8182
2,2025-05-18,28.534,9.087,255.0,7.616,48.349,436.116,11.434,90.427,5.8182,5.8605
2,2025-05-19,30.628,9.356,255.0,7.215,50.884,360.072,11.152,88.558,5.8605,5.903
2,2025-05-20,31.001,8.115,255.0,7.628,56.165,369.264,10.796,78.977,5.903,5.9306
2,2025-05-21,29.039,10.052,255.0,7.562,63.865,349.665,12.267,87.414,5.9306,5.9886
2,2025-05-22,30.047,8.641,255.0,7.86,81.662,369.751,10.941,87.537,5.9886,5.9944
2,2025-05-23,29.06,7.579,255.0,7.477,61.33,349.875,11.207,89.169,5.9944,5.9963
2,2025-05-24,30.64,9.42,255.0,7.72,63.01,385.83,10.792,88.326,5.9963,6.0214
2,2025-05-25,28.467,8.895,255.0,7.648,57.579,367.182,11.506,86.762,6.0214,6.0194
2,2025-05-26,29.12,8.189,255.0,7.563,81.874,356.82,10.943,89.882,6.0194,6.0383
2,2025-05-27,29.614,8.37,255.0,7.829,72.355,326.658,10.168,87.546,6.0383,6.0083
2,2025-05-28,29.958,9.209,255.0,8.203,68.586,322.478,10.645,87.017,6.0083,5.9948
2,2025-05-29,29.415,7.122,255.0,7.906,67.3,343.091,9.563,85.59,5.9948,6.0066
2,2025-05-30,30.229,9.489,255.0,7.856,80.791,399.507,11.526,87.02,6.0066,6.0568
2,2025-05-31,30.568,7.437,255.0,7.552,73.466,382.275,10.337,90.492,6.0568,6.1073
2,2025-06-01,31.293,7.703,255.0,7.763,72.427,,10.337,90.56,6.1073,6.1695
2,2025-06-02,30.422,10.116,255.0,7.675,78.067,326.278,12.052,86.177,6.1695,6.2235
2,2025-06-03,31.538,9.168,255.0,7.541,78.704,378.54,11.478,91.525,6.2235,6.2926
2,2025-06-04,31.38,8.184,255.0,7.713,92.063,460.877,11.217,87.399,6.2926,6.3288
2,2025-06-05,32.221,8.624,255.0,7.602,81.435,390.232,10.808,87.849,6.3288,6.337
2,2025-06-06,30.617,7.687,255.0,7.602,91.478,469.541,10.551,88.994,6.337,6.3771
2,2025-06-07,30.845,8.306,255.0,7.449,85.781,413.298,10.628,92.094,6.3771,6.3704
2,2025-06-08,29.185,7.567,255.0,7.357,89.456,454.862,10.482,89.209,6.3704,6.3942
2,2025-06-09,30.286,7.1,255.0,7.118,75.757,470.891,10.305,88.952,6.3942,6.3725
2,2025-06-10,30.78,6.235,255.0,7.501,71.116,482.803,9.406,90.358,6.3725,6.3315
2,2025-06-11,30.577,6.885,255.0,7.313,82.548,465.901,9.688,89.717,6.3315,6.3822
2,2025-06-12,29.197,7.14,255.0,7.481,83.484,534.934,10.763,85.822,6.3822,6.4161
2,2025-06-13,30.826,8.399,255.0,7.189,82.36,471.773,11.367,87.544,6.4161,6.4214
2,2025-06-14,28.418,7.082,255.0,6.989,93.899,470.123,,81.051,6.4214,6.4332
2,2025-06-15,28.15,8.161,255.0,7.008,68.044,511.786,10.782,86.504,6.4332,6.4125
2,2025-06-16,28.516,9.134,255.0,7.112,72.592,487.828,11.086,89.626,6.4125,6.3615
2,2025-06-17,28.507,7.272,255.0,6.804,80.178,493.052,9.534,88.674,6.3615,6.3718
2,2025-06-18,26.786,7.259,255.0,7.237,70.02,512.952,10.192,87.43,6.3718,6.3901
2,2025-06-19,27.988,6.979,255.0,7.14,80.212,448.575,10.525,82.026,6.3901,6.4487
2,2025-06-20,28.575,8.157,255.0,7.001,74.029,454.41,10.915,85.246,6.4487,6.5167
2,2025-06-21,26.879,6.913,255.0,6.825,82.722,455.472,10.505,85.597,6.5167,6.5207
2,2025-06-22,26.063,7.543,255.0,6.87,89.949,445.57,10.684,85.646,6.5207,6.5244
2,2025-06-23,27.803,7.429,255.0,6.953,75.797,456.831,11.082,88.074,6.5244,6.5546
2,2025-06-24,25.508,7.088,255.0,6.945,64.033,456.904,10.32,87.305,6.5546,6.6132
2,2025-06-25,25.775,9.168,255.0,6.914,66.304,341.192,11.289,84.306,6.6132,6.5854
2,2025-06-26,27.5,8.199,255.0,7.541,65.823,414.975,10.109,86.894,6.5854,6.617
2,2025-06-27,27.832,8.364,255.0,7.106,76.262,394.864,10.618,85.694,6.617,6.6758
2,2025-06-28,27.245,7.762,255.0,7.256,85.08,431.508,10.168,87.035,6.6758,6.6999
2,2025-06-29,26.38,7.916,255.0,7.613,57.501,336.368,10.345,86.477,6.6999,6.736
2,2025-06-30,28.181,7.392,255.0,7.348,55.342,394.075,10.548,91.117,6.736,6.7453
2,2025-07-01,27.562,8.171,255.0,7.184,69.549,357.924,10.2,82.387,6.7453,6.7935
2,2025-07-02,29.21,7.764,255.0,7.85,63.087,385.199,10.291,85.868,6.7935,6.752
2,2025-07-03,28.945,7.035,255.0,7.398,54.231,339.304,10.959,93.203,6.752,6.7535
2,2025-07-04,26.715,8.145,255.0,7.637,57.263,345.186,10.451,91.57,6.7535,6.7823
2,2025-07-05,25.136,7.376,255.0,8.0,70.363,275.845,10.178,83.83,6.7823,6.7927
2,2025-07-06,27.042,7.416,255.0,7.191,52.99,341.327,10.718,82.741,6.7927,6.8254
2,2025-07-07,26.316,7.521,255.0,7.702,72.238,333.278,10.307,89.543,6.8254,6.831
2,2025-07-08,27.218,7.233,255.0,7.867,63.922,318.1,10.316,90.862,6.831,6.8427
2,2025-07-09,27.334,7.255,255.0,7.439,69.881,321.791,10.726,86.356,6.8427,6.8845
2,2025-07-10,28.325,7.414,255.0,7.882,58.104,354.695,10.039,89.383,6.8845,6.9292
2,2025-07-11,26.774,7.252,255.0,7.886,60.564,352.01,10.25,89.322,6.9292,6.933
2,2025-07-12,26.82,7.812,255.0,7.73,73.479,365.578,10.409,86.943,6.933,6.9186
2,2025-07-13,25.969,7.972,255.0,7.734,57.999,423.564,11.285,90.477,6.9186,6.9164
2,2025-07-14,27.982,7.315,255.0,7.676,67.128,426.193,10.035,88.051,6.9164,6.9004
2,2025-07-15,25.838,6.336,255.0,7.526,58.996,418.407,9.706,86.087,6.9004,6.8801
2,2025-07-16,25.913,7.877,255.0,7.662,62.474,425.754,9.632,88.809,6.8801,6.8882
2,2025-07-17,25.034,7.576,255.0,7.939,71.779,348.147,10.663,93.37,6.8882,6.8656
2,2025-07-18,25.126,6.129,255.0,7.828,59.416,436.766,9.372,85.778,6.8656,6.8739
2,2025-07-19,24.008,6.194,255.0,7.227,58.579,448.066,10.228,86.169,6.8739,6.861
2,2025-07-20,24.091,6.21,255.0,7.698,83.311,,9.639,90.508,6.861,6.8822
2,2025-07-21,25.358,6.991,255.0,7.572,82.29,529.554,10.118,86.281,6.8822,6.9222
2,2025-07-22,22.623,6.73,255.0,7.443,67.804,477.961,11.183,87.457,6.9222,6.9522
2,2025-07-23,24.145,7.885,255.0,7.405,70.956,411.113,9.82,83.286,6.9522,6.9255
2,2025-07-24,25.125,6.87,255.0,7.283,68.149,499.133,9.73,85.24,6.9255,6.9437
2,2025-07-25,23.648,7.269,255.0,7.282,78.071,450.918,11.203,86.208,6.9437,6.9459
2,2025-07-26,24.751,7.305,255.0,7.442,70.796,517.596,11.118,87.18,6.9459,6.9441
2,2025-07-27,23.697,7.961,255.0,7.014,71.314,535.049,10.864,92.476,6.9441,6.953
2,2025-07-28,23.514,6.835,255.0,6.838,83.856,487.017,,85.877,6.953,6.974
2,2025-07-29,23.157,7.065,255.0,7.498,90.52,418.427,9.938,88.733,6.974,6.9455
2,2025-07-30,24.878,6.672,255.0,7.441,79.303,505.892,9.432,85.262,6.9455,6.9832
2,2025-07-31,23.701,6.669,255.0,6.827,,486.856,9.805,86.217,6.9832,6.9695
2,2025-08-01,26.572,6.676,255.0,6.88,80.414,393.034,9.548,90.422,6.9695,7.0216
2,2025-08-02,24.853,6.573,255.0,7.167,64.478,446.538,9.936,91.202,7.0216,6.9992
2,2025-08-03,26.296,6.387,255.0,6.887,84.988,421.966,10.567,87.878,6.9992,7.0268
2,2025-08-04,26.213,7.093,255.0,7.311,88.14,424.159,10.75,87.559,7.0268,7.0825
2,2025-08-05,26.764,,255.0,6.985,94.238,435.331,10.073,86.412,7.0825,7.0891
2,2025-08-06,24.451,6.583,255.0,7.133,81.327,,10.542,89.838,7.0891,7.1136
2,2025-08-07,25.116,5.602,255.0,7.231,84.782,476.607,10.177,89.387,7.1136,7.1249
2,2025-08-08,23.905,5.225,255.0,6.983,83.076,302.159,9.106,86.507,7.1249,7.11
2,2025-08-09,24.389,7.624,255.0,7.294,78.989,364.322,10.418,85.781,7.11,7.1413
2,2025-08-10,24.088,5.626,255.0,7.207,,289.597,9.513,89.705,7.1413,7.1999
2,2025-08-11,25.498,7.382,255.0,7.762,86.804,357.54,10.76,85.876,7.1999,7.1904
2,2025-08-12,24.355,5.888,255.0,7.18,83.493,341.637,8.782,83.856,7.1904,7.1712
2,2025-08-13,24.061,6.474,255.0,7.543,84.858,380.162,10.187,88.149,7.1712,7.1995
2,2025-08-14,23.702,7.187,255.0,6.978,76.446,329.79,10.753,91.04,7.1995,7.2369
2,2025-08-15,21.835,5.476,255.0,7.407,75.059,285.507,9.757,89.502,7.2369,7.2271
2,2025-08-16,22.659,6.231,255.0,7.8,56.184,307.839,9.806,84.405,7.2271,7.2251
2,2025-08-17,21.756,6.275,255.0,7.655,73.055,328.442,9.749,87.334,7.2251,7.2378
2,2025-08-18,21.71,7.091,255.0,7.692,81.549,313.509,10.024,84.18,7.2378,7.2705
2,2025-08-19,23.436,5.383,255.0,7.542,71.457,375.484,8.63,83.599,7.2705,7.2237
2,2025-08-20,21.335,6.279,255.0,7.735,69.63,349.635,10.206,87.91,7.2237,7.2256
2,2025-08-21,22.05,7.348,255.0,7.832,77.775,349.685,10.071,86.456,7.2256,7.202
2,2025-08-22,22.871,6.743,255.0,,72.45,388.437,10.358,84.018,7.202,7.2032
2,2025-08-23,22.221,5.665,255.0,7.283,59.125,388.8,9.578,91.825,7.2032,7.2066
2,2025-08-24,21.607,6.859,255.0,7.638,64.522,363.584,10.725,88.36,7.2066,7.2051
2,2025-08-25,22.239,5.891,255.0,7.654,59.816,424.547,9.49,86.236,7.2051,7.2086
2,2025-08-26,21.678,5.823,255.0,7.784,68.624,448.148,9.869,86.518,7.2086,7.1837
2,2025-08-27,21.428,6.044,255.0,7.598,63.164,400.377,8.972,89.495,7.1837,7.1639
2,2025-08-28,21.112,6.309,255.0,7.972,58.897,436.602,10.321,82.238,7.1639,7.2257
2,2025-08-29,19.696,5.927,255.0,7.574,59.227,438.642,10.032,87.157,7.2257,7.2218
2,2025-08-30,23.115,5.15,255.0,7.379,74.534,438.874,9.256,86.822,7.2218,7.2685
2,2025-08-31,23.369,4.899,255.0,7.394,57.444,458.779,8.43,89.899,7.2685,7.3076
2,2025-09-01,24.779,5.773,255.0,7.685,51.42,495.372,9.373,84.673,7.3076,7.2988
2,2025-09-02,22.772,6.596,255.0,7.423,72.15,430.977,10.695,85.261,7.2988,7.289
2,2025-09-03,22.855,6.477,255.0,7.79,68.457,465.337,9.998,85.189,7.289,7.2624
2,2025-09-04,22.819,6.076,255.0,7.129,60.072,533.009,10.239,85.893,7.2624,7.2758
2,2025-09-05,20.949,6.665,255.0,7.386,73.64,418.224,10.412,87.512,7.2758,7.2426
2,2025-09-06,23.821,,255.0,7.697,68.448,454.909,9.405,83.919,7.2426,7.2264
2,2025-09-07,24.613,6.228,255.0,7.387,59.952,494.23,9.796,86.951,7.2264,7.2274
2,2025-09-08,22.194,6.268,255.0,7.269,66.36,449.127,9.277,91.927,7.2274,7.2512
2,2025-09-09,22.42,5.626,255.0,7.485,61.416,435.424,10.374,87.561,7.2512,7.218
2,2025-09-10,23.105,7.274,255.0,7.2,63.106,408.072,10.761,85.567,7.218,7.1896
2,2025-09-11,23.892,6.622,255.0,7.151,58.029,493.122,9.815,84.666,7.1896,7.1766
2,2025-09-12,20.61,5.367,255.0,7.258,64.71,441.512,9.09,87.686,7.1766,7.1685
2,2025-09-13,22.168,4.697,255.0,7.371,65.288,455.06,9.058,89.301,7.1685,7.1586
2,2025-09-14,22.597,5.252,255.0,7.216,67.232,419.551,9.156,87.631,7.1586,7.1665
2,2025-09-15,21.283,5.396,255.0,7.05,72.263,374.834,9.37,84.655,7.1665,7.1936
2,2025-09-16,21.269,6.586,255.0,6.696,54.791,371.857,9.343,85.939,7.1936,7.2168
2,2025-09-17,,6.037,255.0,7.053,76.488,357.661,10.339,86.866,7.2168,7.1973
2,2025-09-18,21.357,5.708,255.0,6.996,79.816,356.243,8.371,79.417,7.1973,7.2286
2,2025-09-19,22.378,5.731,255.0,6.834,73.743,359.041,9.126,90.935,7.2286,7.2411
2,2025-09-20,20.408,4.83,255.0,7.364,78.443,341.712,9.39,86.243,7.2411,7.2055
2,2025-09-21,21.488,5.658,255.0,7.318,77.653,341.69,9.0,89.557,7.2055,7.1944
2,2025-09-22,20.437,5.81,255.0,6.833,78.506,370.479,9.444,86.19,7.1944,7.1915
2,2025-09-23,19.493,5.695,255.0,7.354,73.717,327.386,8.941,90.015,7.1915,7.1705
2,2025-09-24,20.749,4.873,255.0,7.028,71.69,302.714,9.804,85.281,7.1705,7.15
2,2025-09-25,21.591,4.994,255.0,7.265,82.988,422.806,9.531,86.082,7.15,7.2048
2,2025-09-26,19.409,5.119,255.0,7.261,80.266,332.658,8.717,91.002,7.2048,7.2
2,2025-09-27,22.315,5.685,255.0,7.175,74.167,340.844,9.218,87.938,7.2,7.2216
2,2025-09-28,21.627,5.837,255.0,7.659,80.815,329.584,9.38,86.861,7.2216,7.202
2,2025-09-29,19.733,5.309,255.0,7.513,84.949,404.421,10.269,89.446,7.202,7.2217
2,2025-09-30,23.7,6.996,255.0,7.668,88.9,363.873,10.13,86.545,7.2217,7.2079
2,2025-10-01,22.015,4.052,255.0,7.853,82.216,396.581,9.479,87.757,7.2079,7.1779
2,2025-10-02,24.789,6.461,255.0,7.623,93.385,350.035,9.778,91.113,7.1779,7.1982
2,2025-10-03,23.073,7.079,255.0,7.34,94.179,382.127,9.984,84.689,7.1982,7.2121
2,2025-10-04,21.533,6.22,255.0,7.541,73.78,394.21,9.95,86.859,7.2121,7.2309
2,2025-10-05,23.784,5.486,255.0,7.502,82.03,440.066,8.811,85.463,7.2309,7.2292
2,2025-10-06,21.947,6.2,255.0,7.426,69.541,422.482,9.711,84.136,7.2292,7.2208
2,2025-10-07,22.27,5.814,255.0,7.614,89.934,461.234,9.253,87.68,7.2208,7.2536
2,2025-10-08,21.971,6.248,255.0,7.752,88.921,498.467,9.9,86.529,7.2536,7.2513
2,2025-10-09,24.115,5.769,255.0,7.677,74.069,418.903,9.846,85.335,7.2513,7.2224
2,2025-10-10,22.388,6.523,255.0,7.361,90.151,453.282,9.999,89.189,7.2224,7.2324
2,2025-10-11,23.055,6.086,255.0,8.057,78.365,542.305,10.144,82.155,7.2324,7.2199
2,2025-10-12,23.33,5.747,255.0,7.916,68.539,499.255,9.472,90.88,7.2199,7.2455
2,2025-10-13,19.439,5.674,255.0,7.777,73.556,513.148,9.389,87.187,7.2455,7.1889
2,2025-10-14,21.962,5.506,255.0,7.512,72.978,522.909,9.945,87.28,7.1889,7.2128
2,2025-10-15,21.067,5.261,255.0,7.529,75.138,477.192,8.897,83.348,7.2128,7.2002
2,2025-10-16,21.29,6.622,255.0,7.37,67.642,469.721,10.151,90.843,7.2002,7.2159
2,2025-10-17,21.828,5.631,255.0,7.54,69.626,483.175,9.796,88.967,7.2159,7.2425
2,2025-10-18,21.841,5.9,255.0,7.251,64.701,471.816,9.14,86.646,7.2425,7.2589
2,2025-10-19,20.765,4.627,255.0,7.536,64.001,475.638,8.906,85.534,7.2589,7.246
2,2025-10-20,20.595,5.892,255.0,7.39,60.424,436.644,10.78,85.833,7.246,7.329
2,2025-10-21,21.027,4.832,255.0,7.527,56.121,471.182,9.079,86.462,7.329,7.3438
2,2025-10-22,21.663,6.113,255.0,7.247,65.998,471.385,9.811,92.039,7.3438,7.3502
2,2025-10-23,21.076,5.915,255.0,7.055,60.45,426.033,9.475,88.016,7.3502,7.37
2,2025-10-24,21.67,5.947,255.0,6.99,73.119,402.35,9.64,86.215,7.37,7.4093
2,2025-10-25,22.615,6.153,255.0,7.175,64.571,398.99,9.683,88.279,7.4093,7.4169
2,2025-10-26,21.688,6.277,255.0,7.045,65.014,354.111,9.567,85.85,7.4169,7.4429
2,2025-10-27,20.793,5.378,255.0,7.35,56.011,369.268,8.965,89.776,7.4429,7.4618
2,2025-10-28,22.59,5.932,255.0,7.003,54.419,411.861,10.014,85.389,7.4618,7.4551
2,2025-10-29,21.215,6.019,255.0,7.001,53.729,306.872,9.005,86.149,7.4551,7.4334
2,2025-10-30,23.276,5.863,255.0,7.164,59.541,324.284,9.69,84.277,7.4334,7.4112
2,2025-10-31,23.806,5.686,255.0,7.243,53.533,322.735,9.73,90.518,7.4112,7.4137
2,2025-11-01,24.959,5.736,255.0,7.248,55.505,357.353,8.527,84.831,7.4137,7.3828
2,2025-11-02,23.743,6.589,255.0,6.965,56.155,323.896,9.53,86.836,7.3828,7.3761
2,2025-11-03,25.142,5.467,255.0,7.318,56.604,342.599,9.992,90.594,7.3761,7.3925
2,2025-11-04,23.991,5.609,255.0,7.196,77.992,357.842,9.779,89.193,7.3925,7.4063
2,2025-11-05,22.605,5.591,255.0,7.499,64.335,318.398,10.035,85.291,7.4063,7.4388
2,2025-11-06,23.666,4.928,255.0,7.238,64.562,402.789,8.945,90.206,7.4388,7.4192
2,2025-11-07,23.383,6.311,255.0,7.021,70.521,347.116,9.73,87.301,7.4192,7.4246
2,2025-11-08,22.885,5.669,255.0,7.193,69.65,347.077,9.697,82.937,7.4246,7.4188
2,2025-11-09,22.499,7.217,255.0,7.261,72.562,354.143,10.24,84.547,7.4188,7.397
2,2025-11-10,22.919,4.304,255.0,7.1,82.942,409.699,9.53,90.778,7.397,7.387
2,2025-11-11,21.98,6.918,255.0,7.363,91.514,378.159,11.001,87.361,7.387,7.4313
2,2025-11-12,21.806,5.796,255.0,7.214,66.78,,9.52,87.61,7.4313,7.3858
2,2025-11-13,23.929,5.911,255.0,7.545,81.025,460.662,9.613,82.309,7.3858,7.3944
2,2025-11-14,21.433,6.279,255.0,7.431,68.51,447.095,9.572,86.73,7.3944,7.4264
2,2025-11-15,22.274,6.253,255.0,7.463,82.301,481.394,10.105,89.432,7.4264,7.3943
2,2025-11-16,21.318,6.076,255.0,7.455,72.669,378.621,9.128,87.06,7.3943,7.3753
2,2025-11-17,22.193,5.937,255.0,7.821,79.944,477.657,9.763,83.562,7.3753,7.3459
2,2025-11-18,21.972,5.742,255.0,7.729,72.515,461.873,9.841,89.496,7.3459,7.3478
2,2025-11-19,22.281,7.369,255.0,7.424,76.24,566.323,10.193,83.059,7.3478,7.2814
2,2025-11-20,22.409,6.876,255.0,7.55,79.891,505.871,9.307,84.257,7.2814,7.2652
2,2025-11-21,21.997,5.448,255.0,7.771,82.564,496.576,9.542,87.668,7.2652,7.2792
2,2025-11-22,22.135,6.24,255.0,7.933,78.843,526.799,10.458,88.746,7.2792,7.2261
2,2025-11-23,23.766,6.458,255.0,7.616,92.21,449.794,9.715,88.797,7.2261,7.2286
2,2025-11-24,24.037,6.553,255.0,7.973,91.89,478.938,8.897,84.086,7.2286,7.1931
2,2025-11-25,22.914,6.666,255.0,8.004,79.734,453.174,9.976,87.637,7.1931,7.2214
2,2025-11-26,22.757,6.539,255.0,7.805,,500.496,10.009,89.086,7.2214,7.2339
2,2025-11-27,23.251,6.038,255.0,7.924,87.36,429.208,9.799,80.981,7.2339,7.2601
2,2025-11-28,,6.588,255.0,7.133,79.525,469.403,10.174,89.808,7.2601,7.2599
2,2025-11-29,23.197,6.388,255.0,7.416,68.562,410.962,10.554,87.151,7.2599,7.2499
2,2025-11-30,23.036,7.213,255.0,7.215,76.715,437.453,10.35,85.701,7.2499,7.2328
2,2025-12-01,24.345,6.043,255.0,7.739,71.093,439.597,9.791,89.681,7.2328,7.2566
2,2025-12-02,25.151,6.915,255.0,7.249,60.012,431.506,10.306,88.832,7.2566,7.2984
2,2025-12-03,25.048,6.933,255.0,7.58,89.317,396.22,9.826,83.842,7.2984,7.3147
2,2025-12-04,26.097,8.847,255.0,7.483,66.907,389.55,10.543,86.804,7.3147,7.307
2,2025-12-05,24.335,7.808,255.0,7.429,73.13,412.35,10.726,88.526,7.307,7.3153
2,2025-12-06,26.431,7.248,255.0,7.357,71.816,429.417,10.047,88.853,7.3153,7.3068
2,2025-12-07,24.937,6.501,255.0,7.192,61.783,343.912,10.045,90.698,7.3068,7.2446
2,2025-12-08,26.325,6.387,255.0,7.317,70.524,351.897,9.828,87.745,7.2446,7.2493
2,2025-12-09,26.67,7.464,255.0,7.314,56.766,390.915,10.153,89.595,7.2493,7.2256
2,2025-12-10,27.431,6.165,255.0,7.363,68.787,331.753,9.754,84.664,7.2256,7.2038
2,2025-12-11,24.909,7.511,255.0,7.17,56.321,372.448,10.377,86.138,7.2038,7.2032
2,2025-12-12,23.978,8.186,255.0,7.094,,326.314,11.215,86.016,7.2032,7.1889
2,2025-12-13,26.31,7.504,255.0,7.03,74.009,366.229,10.257,86.868,7.1889,7.173
2,2025-12-14,24.839,7.167,255.0,6.757,62.062,330.726,10.688,82.136,7.173,7.1622
2,2025-12-15,25.668,6.95,255.0,7.375,67.127,329.946,10.235,87.0,7.1622,7.1346
2,2025-12-16,23.789,7.329,255.0,7.271,46.305,397.0,10.235,82.932,7.1346,7.0991
2,2025-12-17,24.537,6.994,255.0,7.169,57.234,316.206,9.962,87.565,7.0991,7.0825
2,2025-12-18,25.447,6.635,255.0,6.911,56.788,400.056,9.926,85.306,7.0825,7.1387
2,2025-12-19,24.796,7.964,255.0,7.272,55.998,371.989,10.007,87.161,7.1387,7.1334
2,2025-12-20,23.929,6.93,255.0,7.206,59.207,315.382,9.783,83.73,7.1334,7.1485
2,2025-12-21,25.08,6.61,255.0,7.184,56.714,351.099,10.308,89.569,7.1485,7.137
2,2025-12-22,26.198,6.846,255.0,7.293,56.547,393.869,8.991,86.998,7.137,7.1321
2,2025-12-23,27.016,6.409,255.0,7.113,54.063,392.952,10.348,91.149,7.1321,7.1189
2,2025-12-24,24.382,8.167,255.0,7.459,60.079,374.73,10.087,88.211,7.1189,7.0728
2,2025-12-25,25.529,8.416,255.0,7.264,71.819,456.884,10.299,86.95,7.0728,7.0594
2,2025-12-26,25.214,8.369,255.0,7.175,69.649,428.87,10.755,88.917,7.0594,7.0818
2,2025-12-27,24.481,7.653,255.0,6.956,61.349,483.184,10.724,83.849,7.0818,7.0681
2,2025-12-28,27.057,5.954,255.0,7.446,66.073,451.452,9.916,88.448,7.0681,7.0291
2,2025-12-29,27.338,6.74,255.0,7.392,68.308,517.774,10.016,89.352,7.0291,7.0486
2,2025-12-30,27.456,8.299,255.0,7.445,64.416,510.601,10.693,85.13,7.0486,7.0366
2,2025-12-31,27.732,7.712,255.0,7.634,66.009,470.888,10.365,84.782,7.0366,7.044
2,2026-01-01,28.636,7.266,255.0,7.561,65.44,425.263,10.197,86.673,7.044,7.0254
2,2026-01-02,27.659,6.902,255.0,7.92,63.877,499.629,10.543,86.689,7.0254,6.9997
2,2026-01-03,29.243,6.68,255.0,7.761,72.125,491.867,10.218,84.979,6.9997,7.0288
2,2026-01-04,27.848,5.668,255.0,7.831,65.441,492.045,10.177,87.261,7.0288,7.0409
2,2026-01-05,30.107,6.88,255.0,7.731,78.768,464.442,10.615,,7.0409,7.1046
2,2026-01-06,28.794,8.042,255.0,7.959,67.08,419.092,11.184,87.655,7.1046,7.1119
2,2026-01-07,26.073,7.552,255.0,7.614,83.107,492.389,10.658,88.545,7.1119,7.1403
2,2026-01-08,28.996,8.588,255.0,8.129,66.061,435.347,10.531,87.089,7.1403,7.1391
2,2026-01-09,29.271,6.976,255.0,7.552,71.892,426.753,9.586,87.566,7.1391,7.1288
2,2026-01-10,28.972,7.736,255.0,7.916,78.756,428.216,10.228,87.025,7.1288,7.1269
2,2026-01-11,28.461,7.239,255.0,7.84,77.016,448.1,10.285,90.997,7.1269,7.1
2,2026-01-12,27.17,6.87,255.0,,86.262,407.17,9.875,86.959,7.1,7.1531
2,2026-01-13,26.904,6.944,255.0,7.786,81.107,467.764,9.888,89.387,7.1531,7.1501
2,2026-01-14,26.772,8.418,255.0,7.709,73.312,346.337,,88.895,7.1501,7.1546
2,2026-01-15,25.729,7.161,255.0,7.478,78.902,379.977,10.485,93.465,7.1546,7.1915
2,2026-01-16,26.535,6.787,,7.456,72.695,367.228,9.703,82.969,7.1915,7.1849
2,2026-01-17,25.717,8.618,255.0,7.342,91.627,332.972,10.635,88.688,7.1849,7.2135
2,2026-01-18,27.303,8.389,,7.559,85.359,346.84,10.125,89.192,7.2135,7.2139
2,2026-01-19,28.761,7.049,255.0,7.672,83.603,357.57,9.994,83.321,7.2139,7.2301
2,2026-01-20,28.302,7.94,255.0,6.933,72.618,414.466,10.081,90.717,7.2301,7.2303
2,2026-01-21,28.442,7.533,255.0,7.567,83.442,356.623,10.27,89.333,7.2303,7.2366
2,2026-01-22,29.783,7.708,255.0,7.373,85.695,302.651,10.565,87.917,7.2366,7.2526
2,2026-01-23,28.474,8.115,255.0,7.182,80.867,328.463,10.715,85.983,7.2526,7.2241
2,2026-01-24,28.048,7.84,255.0,7.524,71.358,359.212,10.64,88.609,7.2241,7.2632
2,2026-01-25,28.508,8.358,255.0,6.789,80.282,321.104,10.677,82.671,7.2632,7.2232
2,2026-01-26,29.443,7.392,255.0,6.944,86.563,375.565,10.844,91.035,7.2232,7.2654
2,2026-01-27,28.164,8.801,255.0,6.987,70.774,383.943,11.386,89.539,7.2654,7.2739
2,2026-01-28,30.48,8.519,255.0,7.158,77.451,400.554,10.102,87.162,7.2739,7.2868
2,2026-01-29,31.897,8.003,255.0,7.075,80.004,308.265,10.366,88.209,7.2868,7.265
2,2026-01-30,31.626,9.064,255.0,7.118,79.534,398.466,11.329,86.594,7.265,7.2539
2,2026-01-31,32.018,9.454,255.0,7.304,69.134,368.326,11.829,89.066,7.2539,7.2428
2,2026-02-01,31.365,7.656,255.0,7.181,80.275,469.77,10.764,84.05,7.2428,7.302
2,2026-02-02,30.204,8.401,255.0,7.34,73.593,510.399,10.451,85.351,7.302,7.2807
2,2026-02-03,30.956,8.422,255.0,7.296,72.258,450.165,10.609,90.762,7.2807,7.3049
2,2026-02-04,31.279,7.586,255.0,7.025,65.201,425.436,10.406,91.672,7.3049,7.304
2,2026-02-05,29.948,9.456,255.0,7.166,53.419,478.221,11.717,81.456,7.304,7.3066
2,2026-02-06,31.821,8.184,255.0,7.065,69.487,444.967,10.927,84.503,7.3066,7.3286
2,2026-02-07,31.229,9.216,255.0,7.162,57.822,515.792,10.462,90.603,7.3286,7.3551
2,2026-02-08,30.147,8.024,255.0,7.266,53.426,439.884,10.901,89.317,7.3551,7.377
2,2026-02-09,31.125,9.677,255.0,7.454,69.129,494.052,11.795,84.592,7.377,7.3836
2,2026-02-10,30.251,8.954,255.0,7.514,63.826,473.314,10.698,90.47,7.3836,7.3662
2,2026-02-11,30.124,7.447,255.0,7.455,59.196,459.842,11.064,84.947,7.3662,7.4267
2,2026-02-12,31.228,8.669,255.0,7.292,50.703,464.263,10.592,85.911,7.4267,7.4284
2,2026-02-13,30.489,7.848,255.0,7.42,58.925,468.854,11.358,88.471,7.4284,7.4449
2,2026-02-14,30.433,8.649,255.0,7.367,72.312,433.66,11.189,88.368,7.4449,7.4949
2,2026-02-15,30.369,8.368,255.0,7.824,55.706,470.737,10.184,84.582,7.4949,7.5089
2,2026-02-16,28.07,9.129,255.0,7.513,69.355,445.245,10.602,87.985,7.5089,7.5508
2,2026-02-17,29.787,8.696,255.0,7.797,53.787,403.823,11.097,84.483,7.5508,7.5765
2,2026-02-18,30.376,7.946,255.0,7.603,55.065,501.536,10.983,86.511,7.5765,7.5487
2,2026-02-19,29.294,8.918,255.0,7.814,61.418,437.743,11.048,86.807,7.5487,7.5444
2,2026-02-20,30.363,9.153,255.0,7.78,54.687,383.329,11.298,90.924,7.5444,7.5389
2,2026-02-21,30.564,8.089,255.0,7.985,65.199,383.885,10.565,85.552,7.5389,7.537
2,2026-02-22,30.742,9.306,255.0,7.615,66.31,406.012,10.488,88.163,7.537,7.5468
2,2026-02-23,30.898,9.105,255.0,7.98,57.851,373.857,11.397,88.071,7.5468,7.6186
2,2026-02-24,31.772,9.734,255.0,7.669,60.387,364.852,11.701,88.419,7.6186,7.6175
2,2026-02-25,31.09,8.835,255.0,7.834,74.514,331.496,11.319,,7.6175,7.6168
2,2026-02-26,33.333,8.686,255.0,7.708,74.209,328.053,10.876,86.619,7.6168,7.608
2,2026-02-27,33.172,8.577,255.0,7.745,73.527,302.939,11.093,83.69,7.608,7.5973
2,2026-02-28,32.337,8.107,255.0,7.628,79.183,318.213,10.375,88.596,7.5973,7.5399
2,2026-03-01,34.581,9.4,255.0,7.69,73.051,277.708,11.533,85.868,7.5399,7.5355
2,2026-03-02,33.0,8.503,255.0,7.675,67.071,419.088,11.834,91.436,7.5355,7.5365
2,2026-03-03,34.079,8.994,255.0,7.193,87.203,379.56,11.033,84.382,7.5365,7.4928
2,2026-03-04,33.956,7.954,255.0,7.476,72.003,291.398,10.687,86.85,7.4928,7.4626
2,2026-03-05,32.298,7.42,,6.982,91.649,417.23,10.381,85.06,7.4626,7.4869
2,2026-03-06,32.533,9.272,255.0,7.325,76.14,330.477,11.304,85.287,7.4869,7.4785
2,2026-03-07,33.115,10.088,255.0,7.25,87.514,292.267,11.328,87.646,7.4785,7.4323
2,2026-03-08,32.784,10.152,255.0,7.094,80.421,374.047,11.652,91.221,7.4323,7.4686
2,2026-03-09,32.373,8.627,255.0,7.154,74.504,387.979,10.709,85.746,7.4686,7.443
2,2026-03-10,33.324,8.823,255.0,7.366,80.437,402.752,11.051,89.638,7.443,7.4047
2,2026-03-11,33.36,9.108,255.0,7.266,88.44,363.872,10.687,89.237,7.4047,7.4311
2,2026-03-12,31.958,9.897,255.0,7.173,85.895,388.618,11.558,90.455,7.4311,7.4494
2,2026-03-13,31.966,9.279,255.0,7.386,92.407,415.463,11.272,86.101,7.4494,7.4636
2,2026-03-14,32.563,9.727,255.0,6.861,90.794,420.486,10.933,90.233,7.4636,7.4725
2,2026-03-15,32.234,9.749,255.0,7.303,88.856,387.699,12.292,90.363,7.4725,7.4523
2,2026-03-16,31.872,9.026,255.0,7.11,88.614,424.322,10.56,88.326,7.4523,7.4606
2,2026-03-17,29.904,9.054,255.0,7.184,87.153,425.693,10.548,87.594,7.4606,7.479
2,2026-03-18,30.658,9.447,255.0,7.338,83.707,404.199,11.343,92.918,7.479,7.4883
2,2026-03-19,30.916,9.313,255.0,7.12,89.477,471.134,11.766,87.115,7.4883,7.4787
2,2026-03-20,29.347,9.446,255.0,7.48,83.806,497.579,11.065,87.206,7.4787,7.542
2,2026-03-21,32.725,9.824,255.0,7.146,81.057,450.982,10.769,84.584,7.542,7.5386
2,2026-03-22,29.889,9.24,255.0,7.118,70.27,466.551,11.014,85.894,7.5386,7.4976
2,2026-03-23,29.537,9.274,255.0,7.232,80.115,461.084,10.76,87.633,7.4976,7.5459
2,2026-03-24,31.401,9.24,255.0,7.703,74.66,498.133,11.449,89.181,7.5459,7.5579
2,2026-03-25,32.057,8.879,255.0,7.362,88.909,518.07,11.132,89.95,7.5579,7.559
2,2026-03-26,33.156,10.327,255.0,7.213,69.973,547.454,11.69,92.066,7.559,7.5694
2,2026-03-27,32.163,9.949,255.0,7.644,64.745,452.676,11.889,87.111,7.5694,7.5997
2,2026-03-28,33.831,8.978,255.0,7.487,62.163,426.222,11.096,87.747,7.5997,7.584
2,2026-03-29,31.908,9.614,255.0,7.142,62.192,383.741,11.515,82.912,7.584,7.6282
2,2026-03-30,34.87,8.033,255.0,7.596,61.036,397.605,10.564,90.512,7.6282,7.6114
2,2026-03-31,34.093,7.728,255.0,7.45,60.929,431.804,10.386,87.374,7.6114,7.6136
2,2026-04-01,34.078,9.404,255.0,7.574,68.316,447.206,10.982,87.356,7.6136,7.5884
2,2026-04-02,35.446,8.363,255.0,7.598,57.745,483.894,10.537,86.168,7.5884,7.5917
2,2026-04-03,33.365,9.207,255.0,7.055,63.788,397.03,11.61,90.491,7.5917,7.6139
2,2026-04-04,32.589,9.836,255.0,7.612,54.198,379.337,12.057,87.934,7.6139,7.5982
2,2026-04-05,34.683,8.841,255.0,7.773,63.236,399.005,11.091,85.279,7.5982,7.6426
2,2026-04-06,32.944,8.012,255.0,7.835,58.762,362.126,10.855,85.928,7.6426,7.6419
2,2026-04-07,34.843,9.315,255.0,7.527,52.213,363.514,10.684,83.66,7.6419,7.66
2,2026-04-08,32.81,9.497,255.0,7.782,64.454,372.999,10.101,86.567,7.66,7.6524
2,2026-04-09,32.987,9.813,255.0,7.754,70.599,385.902,11.363,86.718,7.6524,7.6473
2,2026-04-10,31.347,9.439,255.0,7.752,64.876,391.529,11.236,92.967,7.6473,7.6197
2,2026-04-11,31.876,9.019,255.0,7.81,53.493,330.064,10.986,86.026,7.6197,7.6383
2,2026-04-12,33.34,9.043,255.0,7.892,50.849,291.458,10.523,86.977,7.6383,7.6243
2,2026-04-13,31.441,9.118,255.0,7.746,57.478,322.663,10.498,85.844,7.6243,7.6298
2,2026-04-14,30.943,10.129,255.0,7.5,71.331,393.431,11.583,83.985,7.6298,7.6466
2,2026-04-15,31.152,9.926,255.0,7.691,71.276,325.712,11.61,84.417,7.6466,7.6511
2,2026-04-16,31.588,9.147,255.0,7.475,56.86,382.653,11.787,86.367,7.6511,7.6662
2,2026-04-17,31.19,8.174,255.0,7.238,58.426,287.571,11.312,88.533,7.6662,7.6143
2,2026-04-18,29.282,9.233,255.0,7.779,60.064,401.289,10.939,87.417,7.6143,7.612
2,2026-04-19,30.389,10.218,255.0,7.384,73.746,356.652,12.231,88.583,7.612,7.6229
2,2026-04-20,30.599,9.215,255.0,7.248,74.054,383.83,10.474,83.449,7.6229,7.6444
2,2026-04-21,30.025,9.417,255.0,7.305,68.176,417.052,11.309,80.994,7.6444,7.6621
2,2026-04-22,32.934,10.377,255.0,6.99,67.515,357.87,12.354,89.647,7.6621,7.6682
2,2026-04-23,32.828,10.034,255.0,7.403,74.521,411.37,11.861,89.89,7.6682,7.6638
2,2026-04-24,32.764,10.34,255.0,7.022,70.851,446.45,11.872,85.871,7.6638,7.6772
2,2026-04-25,32.365,10.395,255.0,7.043,73.437,400.281,11.6,83.505,7.6772,7.6907
2,2026-04-26,31.77,9.081,255.0,7.234,67.439,460.432,11.401,83.132,7.6907,7.6536
2,2026-04-27,32.14,8.325,255.0,7.333,68.58,403.602,10.806,86.721,7.6536,7.6707
2,2026-04-28,30.465,8.401,255.0,6.957,83.525,513.508,11.277,86.745,7.6707,7.6856
2,2026-04-29,34.103,9.976,255.0,7.135,70.735,455.157,12.359,83.799,7.6856,7.7111
2,2026-04-30,32.345,8.271,255.0,7.325,83.349,463.991,10.206,92.854,7.7111,7.7515
2,2026-05-01,33.773,8.719,255.0,6.963,91.2,530.695,10.079,88.415,7.7515,7.7277
2,2026-05-02,33.197,8.124,255.0,6.983,76.322,462.456,10.624,84.555,7.7277,7.7419
2,2026-05-03,34.735,8.942,255.0,6.987,94.927,458.435,10.943,88.854,7.7419,7.761
2,2026-05-04,33.476,9.926,255.0,7.27,92.286,471.831,11.079,92.877,7.761,7.7299
2,2026-05-05,33.355,10.159,255.0,7.174,90.603,401.253,11.347,82.748,7.7299,7.6944
2,2026-05-06,31.359,9.364,255.0,7.366,82.766,484.968,11.456,87.3,7.6944,7.717
2,2026-05-07,33.05,9.613,255.0,7.271,75.816,481.725,11.325,86.409,7.717,7.7038
2,2026-05-08,33.085,7.977,255.0,7.079,81.654,505.425,11.064,83.167,7.7038,7.7402
2,2026-05-09,30.75,7.187,255.0,7.291,91.616,495.059,9.842,92.1,7.7402,7.7392
2,2026-05-10,31.211,9.74,255.0,7.585,90.089,381.794,11.771,88.843,7.7392,7.6958
2,2026-05-11,32.359,8.788,255.0,7.169,81.454,431.033,10.917,83.573,7.6958,7.7248
2,2026-05-12,30.677,8.688,255.0,7.513,74.364,418.61,10.311,87.539,7.7248,7.7044
2,2026-05-13,32.359,8.916,,7.534,67.417,375.512,11.22,88.114,7.7044,7.7135
2,2026-05-14,30.801,9.753,255.0,7.424,64.904,350.945,10.895,89.714,7.7135,7.7084
2,2026-05-15,31.611,8.839,255.0,7.747,68.096,,11.624,87.52,7.7084,7.6841
3,2025-01-01,25.854,8.331,207.949,7.891,77.081,446.68,9.609,82.841,1.8089,1.8031
3,2025-01-02,26.973,7.99,188.664,7.716,70.931,459.931,10.628,85.832,1.8031,1.8429
3,2025-01-03,27.863,9.054,201.89,7.575,79.017,440.212,11.311,85.873,1.8429,1.9017
3,2025-01-04,28.039,9.278,211.778,7.799,77.843,506.403,11.969,83.687,1.9017,1.9164
3,2025-01-05,27.706,8.017,201.407,7.807,60.203,461.945,10.651,86.792,1.9164,2.027
3,2025-01-06,28.931,7.14,192.9,7.392,64.725,445.486,10.423,89.087,2.027,2.1053
3,2025-01-07,27.973,7.602,196.25,7.775,72.035,519.935,10.614,89.951,2.1053,2.1648
3,2025-01-08,29.759,8.775,212.023,7.39,58.31,499.25,9.756,89.159,2.1648,2.1829
3,2025-01-09,28.518,6.995,197.745,7.621,60.178,440.273,9.816,86.91,2.1829,2.2556
3,2025-01-10,28.596,8.019,205.898,7.629,58.574,396.917,9.901,84.552,2.2556,2.3083
3,2025-01-11,27.195,7.424,216.461,7.499,60.047,485.473,10.14,87.679,2.3083,2.353
3,2025-01-12,28.167,,207.357,7.601,64.168,456.178,9.962,88.071,2.353,2.4023
3,2025-01-13,29.665,8.203,210.461,7.694,67.226,397.211,10.097,79.434,2.4023,2.4078
3,2025-01-14,29.106,6.52,205.991,7.623,63.6,380.913,10.118,86.173,2.4078,2.4457
3,2025-01-15,29.515,7.994,206.643,7.578,56.87,428.269,10.138,87.189,2.4457,2.4714
3,2025-01-16,27.395,6.663,213.918,7.797,66.749,332.367,10.164,89.975,2.4714,2.4809
3,2025-01-17,27.303,8.046,215.461,7.72,60.751,378.273,10.134,88.459,2.4809,2.5127
3,2025-01-18,28.21,9.195,214.881,7.531,69.285,348.997,11.637,90.842,2.5127,2.5924
3,2025-01-19,28.441,7.435,216.714,7.538,68.632,397.975,9.87,87.39,2.5924,2.6125
3,2025-01-20,30.233,8.242,214.264,7.553,,344.956,11.162,83.488,2.6125,2.6647
3,2025-01-21,29.387,7.566,212.681,7.36,65.885,329.291,10.284,90.077,2.6647,2.6411
3,2025-01-22,26.503,8.144,208.255,7.137,60.639,297.182,11.403,92.895,2.6411,2.6653
3,2025-01-23,26.88,7.949,190.803,7.749,60.38,332.281,10.153,90.204,2.6653,2.6773
3,2025-01-24,27.882,7.731,229.575,7.531,73.098,290.925,11.421,84.202,2.6773,2.7081
3,2025-01-25,27.563,7.936,209.818,7.321,67.275,307.91,10.466,85.918,2.7081,2.7133
3,2025-01-26,27.105,7.957,219.917,7.358,67.873,410.708,9.586,89.071,2.7133,2.7675
3,2025-01-27,29.205,8.164,220.868,7.267,63.097,366.259,9.828,89.666,2.7675,2.7823
3,2025-01-28,28.527,8.195,232.797,7.428,92.266,392.255,10.434,89.509,2.7823,2.811
3,2025-01-29,27.801,8.29,233.326,,59.705,330.596,10.988,87.922,2.811,2.802
3,2025-01-30,31.736,7.285,220.095,6.759,71.945,323.724,10.261,86.55,2.802,2.7855
3,2025-01-31,30.148,8.167,213.32,7.296,72.46,338.416,9.916,87.317,2.7855,2.7774
3,2025-02-01,30.575,7.171,221.462,7.33,76.183,380.324,,89.707,2.7774,2.7857
3,2025-02-02,30.567,7.264,213.077,6.766,68.526,404.465,10.267,89.404,2.7857,2.8078
3,2025-02-03,30.551,7.808,222.955,7.121,77.151,381.023,10.533,87.098,2.8078,2.8195
3,2025-02-04,29.625,8.547,221.031,6.906,71.643,405.6,11.176,87.526,2.8195,2.8223
3,2025-02-05,31.792,6.842,233.543,7.199,66.751,375.368,9.848,92.949,2.8223,2.854
3,2025-02-06,31.692,7.242,231.079,7.095,77.006,406.839,10.328,86.163,2.854,2.8211
3,2025-02-07,31.539,7.955,221.007,7.012,83.849,406.207,10.654,86.664,2.8211,2.8256
3,2025-02-08,31.385,8.058,222.953,7.111,80.509,432.938,11.341,88.417,2.8256,2.8514
3,2025-02-09,30.536,8.314,,7.082,74.332,475.819,10.514,86.463,2.8514,2.9516
3,2025-02-10,30.871,7.196,235.237,6.887,,515.679,9.931,90.188,2.9516,2.9644
3,2025-02-11,31.199,8.794,235.25,7.372,86.608,450.406,10.879,92.808,2.9644,3.028
3,2025-02-12,31.884,8.882,239.182,7.277,90.263,502.86,11.116,85.928,3.028,3.0612
3,2025-02-13,30.889,10.589,233.749,7.026,90.689,449.46,11.824,93.662,3.0612,3.0786
3,2025-02-14,31.011,8.144,231.901,7.51,,502.775,10.067,83.194,3.0786,3.0784
3,2025-02-15,32.365,7.688,225.842,7.213,86.405,457.872,9.776,92.633,3.0784,3.0952
3,2025-02-16,30.455,9.278,227.156,7.532,77.26,463.816,11.073,89.561,3.0952,3.1944
3,2025-02-17,29.733,8.796,229.663,7.288,73.355,439.835,10.522,86.71,3.1944,3.2533
3,2025-02-18,29.556,8.198,231.682,7.472,88.65,471.693,10.644,84.242,3.2533,3.277
3,2025-02-19,31.523,9.216,239.425,7.43,76.88,427.685,10.749,88.99,3.277,3.3636
3,2025-02-20,31.382,9.782,248.974,7.746,76.889,468.744,11.245,91.352,3.3636,3.4081
3,2025-02-21,30.218,10.103,237.621,7.402,91.629,431.626,10.914,86.049,3.4081,3.484
3,2025-02-22,29.06,9.023,255.0,7.894,72.883,418.384,10.474,86.108,3.484,3.5375
3,2025-02-23,29.892,8.496,240.146,7.707,77.251,402.29,11.062,85.007,3.5375,3.585
3,2025-02-24,29.098,9.453,246.639,7.73,62.241,409.808,10.495,89.106,3.585,3.6706
3,2025-02-25,31.496,8.218,255.0,7.381,68.408,352.349,11.52,87.835,3.6706,3.6861
3,2025-02-26,30.447,8.956,,7.949,74.51,347.571,11.76,86.206,3.6861,3.6368
3,2025-02-27,31.5,9.067,255.0,7.766,68.139,354.555,10.914,88.394,3.6368,3.653
3,2025-02-28,32.084,8.958,242.961,7.649,70.992,318.089,11.136,83.574,3.653,3.6205
3,2025-03-01,31.249,10.156,248.543,7.703,72.783,440.07,11.752,85.443,3.6205,3.6567
3,2025-03-02,31.09,8.655,255.0,7.88,74.185,293.456,10.527,85.882,3.6567,3.7024
3,2025-03-03,34.722,8.735,,7.601,69.911,322.028,10.868,86.399,3.7024,3.7115
3,2025-03-04,32.123,9.966,255.0,7.644,55.878,333.259,10.544,84.41,3.7115,3.7219
3,2025-03-05,33.49,7.714,255.0,7.562,60.298,373.801,10.774,89.149,3.7219,3.7228
3,2025-03-06,34.133,8.375,255.0,7.37,67.97,287.45,11.026,88.015,3.7228,3.728
3,2025-03-07,33.043,9.476,251.259,7.4,56.954,358.211,11.251,86.83,3.728,3.7809
3,2025-03-08,32.687,8.802,255.0,7.165,60.928,367.771,11.337,87.708,3.7809,3.8113
3,2025-03-09,34.334,9.834,255.0,7.707,59.505,303.113,11.724,89.209,3.8113,3.8497
3,2025-03-10,35.204,9.592,255.0,7.417,50.614,366.611,11.068,88.282,3.8497,3.8658
3,2025-03-11,33.145,9.824,255.0,6.837,61.407,405.517,12.262,88.662,3.8658,3.8758
3,2025-03-12,33.178,9.551,255.0,7.28,54.524,354.145,10.798,88.949,3.8758,3.8779
3,2025-03-13,32.494,9.545,255.0,7.376,52.166,336.79,11.725,84.384,3.8779,3.9317
3,2025-03-14,34.525,9.719,255.0,7.322,76.078,310.528,11.164,89.785,3.9317,3.9704
3,2025-03-15,32.68,9.304,255.0,7.107,57.045,383.894,11.309,85.397,3.9704,3.9978
3,2025-03-16,33.608,8.431,255.0,6.818,61.208,515.482,11.364,85.399,3.9978,4.0208
3,2025-03-17,30.918,10.189,249.695,7.067,61.278,425.74,12.1,85.425,4.0208,4.0517
3,2025-03-18,30.018,9.028,255.0,7.289,66.773,471.905,11.342,93.766,4.0517,4.1067
3,2025-03-19,31.409,9.916,255.0,7.049,75.679,426.734,12.095,88.749,4.1067,4.1447
3,2025-03-20,31.913,9.503,255.0,7.015,59.773,442.605,10.519,89.294,4.1447,4.1546
3,2025-03-21,32.134,9.848,255.0,6.731,65.173,478.352,11.455,90.032,4.1546,4.1109
3,2025-03-22,32.168,8.89,255.0,6.739,65.919,511.972,10.432,92.525,4.1109,4.1209
3,2025-03-23,30.054,9.301,255.0,7.043,57.879,572.998,10.963,86.06,4.1209,4.1959
3,2025-03-24,32.363,8.436,255.0,7.124,56.462,509.267,10.061,85.364,4.1959,4.222
3,2025-03-25,30.99,10.345,255.0,7.24,75.501,436.624,12.42,85.615,4.222,4.3109
3,2025-03-26,31.829,10.008,255.0,6.585,70.992,518.46,11.92,83.369,4.3109,4.2527
3,2025-03-27,31.842,7.971,255.0,7.379,82.001,461.791,10.822,87.303,4.2527,4.2551
3,2025-03-28,32.208,8.144,255.0,6.885,74.211,467.827,10.787,85.323,4.2551,4.2698
3,2025-03-29,32.013,9.433,255.0,7.438,80.399,485.911,11.576,83.249,4.2698,4.303
3,2025-03-30,31.806,9.703,255.0,,81.686,420.576,11.362,84.366,4.303,4.2877
3,2025-03-31,32.595,8.27,255.0,7.282,85.05,464.528,9.981,85.969,4.2877,4.2686
3,2025-04-01,32.616,9.692,255.0,7.479,84.088,447.404,11.238,85.036,4.2686,4.2646
3,2025-04-02,31.904,9.362,255.0,7.428,102.304,391.038,11.157,84.274,4.2646,4.2901
3,2025-04-03,33.833,8.985,255.0,7.462,78.704,378.731,10.75,86.759,4.2901,4.3171
3,2025-04-04,32.968,9.123,255.0,7.233,86.234,392.601,11.441,90.841,4.3171,4.311
3,2025-04-05,33.369,9.542,255.0,7.529,79.111,425.699,11.518,86.742,4.311,4.3417
3,2025-04-06,32.76,9.446,255.0,7.652,70.295,397.931,,88.996,4.3417,4.312
3,2025-04-07,34.9,9.582,255.0,7.444,78.312,392.67,11.618,86.495,4.312,4.2754
3,2025-04-08,32.624,7.846,255.0,7.529,94.538,446.711,10.636,86.034,4.2754,4.3137
3,2025-04-09,32.093,8.887,255.0,7.973,76.66,339.451,11.005,87.554,4.3137,4.329
3,2025-04-10,34.2,10.657,255.0,7.71,83.533,411.2,11.549,83.945,4.329,4.3689
3,2025-04-11,33.838,9.212,255.0,7.484,83.101,394.257,10.59,87.062,4.3689,4.3662
3,2025-04-12,33.562,9.585,255.0,7.828,76.21,288.296,11.431,85.798,4.3662,4.4223
3,2025-04-13,35.102,8.611,255.0,7.851,88.538,368.835,10.716,90.174,4.4223,4.431
3,2025-04-14,31.338,9.715,255.0,7.693,84.953,348.576,11.453,87.259,4.431,4.4582
3,2025-04-15,31.162,9.655,255.0,7.579,71.561,304.337,11.472,87.342,4.4582,4.4751
3,2025-04-16,33.516,8.934,255.0,7.673,87.148,369.448,11.48,80.411,4.4751,4.5049
3,2025-04-17,34.536,8.695,255.0,7.358,78.812,335.142,11.207,90.416,4.5049,4.5067
3,2025-04-18,32.334,9.055,255.0,7.582,84.847,393.652,11.562,87.122,4.5067,4.5296
3,2025-04-19,30.81,9.135,255.0,7.485,76.195,319.453,10.534,90.82,4.5296,4.5616
3,2025-04-20,32.308,9.857,255.0,7.707,77.157,388.77,12.053,88.38,4.5616,4.5728
3,2025-04-21,31.873,8.768,255.0,7.811,73.251,375.163,11.452,86.686,4.5728,4.615
3,2025-04-22,29.572,8.997,255.0,7.622,72.787,433.216,10.34,83.328,4.615,4.6813
3,2025-04-23,30.766,9.467,255.0,7.559,65.262,367.492,11.345,89.892,4.6813,4.7084
3,2025-04-24,30.681,9.468,255.0,7.374,65.782,446.742,11.018,87.143,4.7084,4.7282
3,2025-04-25,31.458,9.388,255.0,7.435,72.135,487.094,10.888,83.784,4.7282,4.7469
3,2025-04-26,30.033,9.217,255.0,7.506,,442.558,12.111,86.858,4.7469,4.8231
3,2025-04-27,29.278,8.611,255.0,7.329,65.074,428.739,10.343,87.807,4.8231,4.8628
3,2025-04-28,30.433,8.253,255.0,7.049,67.407,457.339,10.354,81.768,4.8628,4.8617
3,2025-04-29,32.128,8.583,255.0,6.979,64.699,536.852,11.2,87.459,4.8617,4.8326
3,2025-04-30,30.512,7.341,255.0,7.436,73.393,476.01,10.364,83.982,4.8326,4.9125
3,2025-05-01,31.971,8.689,255.0,6.78,71.559,466.45,10.119,84.455,4.9125,4.9172
3,2025-05-02,32.251,8.717,255.0,7.215,61.776,,10.762,95.153,4.9172,4.9167
3,2025-05-03,31.209,8.906,255.0,6.751,62.755,411.022,11.08,83.357,4.9167,4.9388
3,2025-05-04,34.708,8.283,255.0,7.025,55.242,449.208,10.406,89.184,4.9388,4.9988
3,2025-05-05,32.957,8.314,255.0,6.984,54.464,507.887,10.004,83.75,4.9988,5.0237
3,2025-05-06,33.87,9.971,255.0,7.151,59.42,506.206,10.972,82.763,5.0237,5.0083
3,2025-05-07,32.621,9.071,255.0,7.112,66.644,504.343,11.17,86.238,5.0083,5.0096
3,2025-05-08,32.488,10.802,255.0,7.118,63.467,445.748,12.32,89.259,5.0096,5.0329
3,2025-05-09,33.663,9.842,255.0,7.161,59.9,495.482,11.022,85.605,5.0329,5.0003
3,2025-05-10,33.348,8.259,255.0,7.055,59.745,457.945,10.562,87.05,5.0003,4.9973
3,2025-05-11,31.587,,255.0,6.796,60.473,431.41,11.54,83.17,4.9973,5.0028
3,2025-05-12,33.224,9.127,255.0,7.002,59.307,469.153,10.567,86.929,5.0028,5.0017
3,2025-05-13,34.602,8.586,255.0,7.339,58.283,446.239,11.256,86.221,5.0017,4.9859
3,2025-05-14,30.483,9.581,255.0,7.204,47.788,478.745,10.95,86.956,4.9859,5.0076
3,2025-05-15,31.163,7.974,255.0,7.057,64.651,418.674,10.726,86.085,5.0076,4.9779
3,2025-05-16,31.473,8.926,,7.755,67.081,362.099,10.994,86.437,4.9779,4.9993
3,2025-05-17,29.438,7.647,255.0,7.496,77.987,387.354,10.807,90.316,4.9993,5.0188
3,2025-05-18,30.588,9.615,255.0,7.592,74.869,358.498,11.236,87.28,5.0188,5.0831
3,2025-05-19,27.761,8.769,255.0,7.528,61.387,389.179,10.62,86.87,5.0831,5.1456
3,2025-05-20,30.427,8.992,255.0,7.556,86.353,385.815,10.709,84.146,5.1456,5.1844
3,2025-05-21,28.206,9.003,255.0,7.577,77.437,366.558,10.777,89.258,5.1844,5.2191
3,2025-05-22,28.93,9.471,255.0,7.61,84.672,408.328,10.93,80.292,5.2191,5.2603
3,2025-05-23,28.472,8.244,255.0,7.615,85.448,347.889,11.287,88.834,5.2603,5.2923
3,2025-05-24,29.826,9.206,255.0,7.894,75.782,346.479,11.406,86.096,5.2923,5.2973
3,2025-05-25,29.002,9.071,255.0,7.959,69.293,319.209,10.921,88.95,5.2973,5.3072
3,2025-05-26,27.858,8.921,255.0,7.716,75.291,332.523,11.522,84.915,5.3072,5.3722
3,2025-05-27,29.417,9.027,255.0,7.822,80.603,332.589,11.436,90.104,5.3722,5.3734
3,2025-05-28,30.755,8.282,255.0,7.612,80.531,378.649,10.97,86.897,5.3734,5.4078
3,2025-05-29,29.017,8.012,255.0,7.813,81.878,307.685,10.986,86.025,5.4078,5.3984
3,2025-05-30,29.569,7.991,255.0,7.549,79.652,425.4,10.661,85.706,5.3984,5.3962
3,2025-05-31,29.383,8.012,255.0,7.663,67.613,368.97,11.068,91.543,5.3962,5.4072
3,2025-06-01,29.234,8.531,255.0,7.456,95.603,383.382,10.783,91.844,5.4072,5.4686
3,2025-06-02,29.494,7.443,255.0,7.533,99.29,414.388,10.473,85.274,5.4686,5.4779
3,2025-06-03,28.813,7.984,255.0,7.958,,387.249,10.289,82.871,5.4779,5.5094
3,2025-06-04,31.273,8.986,255.0,7.529,87.714,389.502,11.285,86.402,5.5094,5.5517
3,2025-06-05,30.616,8.877,255.0,7.237,76.055,415.455,10.345,86.611,5.5517,5.6142
3,2025-06-06,30.707,9.014,255.0,7.527,79.298,440.103,11.384,90.674,5.6142,5.6126
3,2025-06-07,28.813,8.037,255.0,7.004,95.008,466.205,10.33,84.488,5.6126,5.6148
3,2025-06-08,29.427,7.701,255.0,7.396,86.045,496.076,10.936,87.952,5.6148,5.6464
3,2025-06-09,28.485,7.739,255.0,7.182,76.407,428.683,10.275,89.143,5.6464,5.6359
3,2025-06-10,28.829,7.626,255.0,7.418,78.413,443.559,10.754,90.333,5.6359,5.6581
3,2025-06-11,30.151,7.988,255.0,7.192,75.175,506.469,10.707,90.151,5.6581,5.7031
3,2025-06-12,29.1,8.85,255.0,7.278,95.811,488.561,11.297,88.474,5.7031,5.7522
3,2025-06-13,29.594,8.458,255.0,7.365,78.502,463.452,10.659,84.581,5.7522,5.7792
3,2025-06-14,29.939,8.257,255.0,7.179,74.214,452.311,10.28,91.865,5.7792,5.838
3,2025-06-15,30.017,,255.0,7.173,74.009,437.892,10.402,89.0,5.838,5.8559
3,2025-06-16,28.118,9.482,255.0,6.745,75.84,466.353,10.979,86.123,5.8559,5.8871
3,2025-06-17,28.148,8.74,255.0,7.289,76.673,451.324,11.155,89.043,5.8871,5.8899
3,2025-06-18,25.631,7.994,,7.106,61.33,500.783,10.666,90.773,5.8899,5.8846
3,2025-06-19,27.833,8.384,255.0,6.952,58.183,460.08,10.322,89.99,5.8846,5.9449
3,2025-06-20,25.011,7.979,255.0,7.313,60.77,442.249,10.409,86.044,5.9449,5.9328
3,2025-06-21,26.829,8.215,255.0,7.028,58.789,474.198,11.025,84.693,5.9328,5.9276
3,2025-06-22,27.341,8.016,255.0,7.228,62.378,395.402,11.021,86.286,5.9276,5.913
3,2025-06-23,26.132,8.5,255.0,6.981,69.328,335.372,10.573,86.761,5.913,5.8973
3,2025-06-24,27.332,8.502,255.0,7.01,60.086,410.933,10.159,86.14,5.8973,5.9277
3,2025-06-25,26.512,7.811,255.0,7.28,67.304,375.618,11.206,91.029,5.9277,5.9318
3,2025-06-26,25.702,7.472,255.0,7.225,48.845,401.891,10.942,89.058,5.9318,5.9271
3,2025-06-27,27.114,7.563,255.0,7.337,64.905,412.904,9.894,88.415,5.9271,5.9518
3,2025-06-28,27.802,8.32,255.0,7.555,63.288,361.817,10.63,83.378,5.9518,5.9705
3,2025-06-29,27.588,8.084,255.0,7.127,53.613,411.884,10.768,86.045,5.9705,6.0163
3,2025-06-30,28.171,6.551,255.0,7.694,,345.76,9.412,90.1,6.0163,5.999
3,2025-07-01,27.159,9.735,255.0,7.452,54.886,310.608,,90.001,5.999,6.0294
3,2025-07-02,28.789,6.922,255.0,7.526,62.325,390.678,10.258,86.186,6.0294,6.011
3,2025-07-03,25.337,8.066,255.0,7.475,58.873,369.43,11.259,89.122,6.011,6.0432
3,2025-07-04,28.052,7.622,255.0,7.354,67.93,254.524,10.166,87.973,6.0432,6.0501
3,2025-07-05,29.642,8.195,255.0,7.502,58.626,296.911,11.005,87.144,6.0501,6.071
3,2025-07-06,28.249,8.066,255.0,7.647,60.111,414.299,10.633,89.347,6.071,6.1161
3,2025-07-07,26.312,7.037,255.0,7.473,59.412,393.326,,89.614,6.1161,6.1359
3,2025-07-08,28.667,7.702,255.0,7.736,69.936,420.226,10.179,84.978,6.1359,6.1873
3,2025-07-09,28.657,6.923,255.0,7.348,61.092,382.605,10.085,88.338,6.1873,6.2333
3,2025-07-10,27.674,7.679,255.0,7.773,70.699,388.229,10.038,88.251,6.2333,6.2857
3,2025-07-11,27.506,6.562,255.0,7.604,65.26,388.49,9.898,84.809,6.2857,6.2533
3,2025-07-12,23.69,7.115,255.0,8.166,82.209,357.994,10.269,82.831,6.2533,6.2278
3,2025-07-13,26.274,7.049,255.0,7.785,75.63,391.252,10.188,84.521,6.2278,6.2102
3,2025-07-14,26.817,6.909,255.0,7.388,71.916,370.316,10.856,86.495,6.2102,6.2602
3,2025-07-15,24.871,7.169,255.0,7.803,74.531,437.546,9.628,88.566,6.2602,6.2852
3,2025-07-16,26.404,7.554,255.0,7.739,79.56,459.517,11.072,87.258,6.2852,6.3372
3,2025-07-17,24.663,6.121,255.0,7.732,74.925,403.049,9.98,90.88,6.3372,6.3765
3,2025-07-18,22.307,6.745,255.0,7.937,75.315,457.481,10.379,82.571,6.3765,6.383
3,2025-07-19,26.429,6.131,255.0,7.496,72.287,426.057,10.266,87.847,6.383,6.3918
3,2025-07-20,23.766,6.634,255.0,7.292,78.058,456.331,9.644,88.066,6.3918,6.3904
3,2025-07-21,23.993,8.447,255.0,7.854,73.472,442.089,10.325,89.704,6.3904,6.4103
3,2025-07-22,25.992,6.9,255.0,7.552,85.36,457.12,10.582,85.543,6.4103,6.4236
3,2025-07-23,23.428,6.116,255.0,7.209,79.469,394.556,9.647,86.249,6.4236,6.442
3,2025-07-24,23.162,6.528,255.0,7.285,93.461,451.104,9.614,84.826,6.442,6.4606
3,2025-07-25,24.086,7.718,255.0,7.468,100.298,475.809,10.356,84.51,6.4606,6.4856
3,2025-07-26,24.595,5.994,255.0,7.299,85.263,480.086,9.39,90.689,6.4856,6.474
3,2025-07-27,24.764,4.749,255.0,7.315,70.89,452.066,8.546,87.21,6.474,6.437
3,2025-07-28,23.815,6.376,255.0,7.441,87.002,422.969,9.657,91.69,6.437,6.4282
3,2025-07-29,24.061,6.542,255.0,7.027,71.85,432.853,10.569,86.258,6.4282,6.4396
3,2025-07-30,26.711,6.686,255.0,7.294,79.323,438.742,10.014,85.835,6.4396,6.4853
3,2025-07-31,23.858,6.652,255.0,7.203,77.277,476.481,10.026,87.108,6.4853,6.4878
3,2025-08-01,25.185,7.846,255.0,7.163,90.325,385.449,10.474,90.54,6.4878,6.5309
3,2025-08-02,25.682,6.79,255.0,6.993,74.796,,10.34,88.049,6.5309,6.5446
3,2025-08-03,25.218,6.851,255.0,7.182,75.354,354.645,10.121,83.157,6.5446,6.5436
3,2025-08-04,25.612,7.933,255.0,6.705,95.767,386.935,10.726,83.141,6.5436,6.5504
3,2025-08-05,25.081,5.162,255.0,7.08,84.682,376.307,9.851,90.169,6.5504,6.5993
3,2025-08-06,25.161,6.528,255.0,,78.072,282.633,9.854,83.971,6.5993,6.6465
3,2025-08-07,25.89,6.3,255.0,6.928,71.737,433.66,9.524,81.199,6.6465,6.6913
3,2025-08-08,26.568,7.169,255.0,7.356,75.407,285.068,10.239,89.432,6.6913,6.7018
3,2025-08-09,23.766,5.716,255.0,7.506,,351.004,9.699,85.23,6.7018,6.7543
3,2025-08-10,22.978,6.717,255.0,7.312,76.021,403.404,10.939,87.106,6.7543,6.7635
3,2025-08-11,23.615,6.558,255.0,7.379,72.477,311.451,9.742,86.69,6.7635,6.7779
3,2025-08-12,24.375,7.03,255.0,7.149,65.56,394.757,10.089,87.515,6.7779,6.8144
3,2025-08-13,24.818,7.1,255.0,7.356,62.171,407.498,10.58,86.684,6.8144,6.8124
3,2025-08-14,24.736,7.332,255.0,7.234,71.074,368.982,11.476,85.748,6.8124,6.8233
3,2025-08-15,21.765,6.191,255.0,7.449,58.379,355.706,10.217,88.32,6.8233,6.8223
3,2025-08-16,22.694,6.404,255.0,7.696,66.564,300.465,9.629,87.723,6.8223,6.8583
3,2025-08-17,24.189,6.321,255.0,7.68,53.445,370.874,9.361,87.226,6.8583,6.8717
3,2025-08-18,21.297,6.494,255.0,7.492,55.976,437.04,10.402,88.496,6.8717,6.8665
3,2025-08-19,23.491,6.401,255.0,7.07,78.844,378.586,10.035,89.988,6.8665,6.8905
3,2025-08-20,21.358,5.305,255.0,7.711,71.246,359.186,9.06,90.294,6.8905,6.8821
3,2025-08-21,21.294,6.1,255.0,7.407,56.918,400.295,9.845,90.681,6.8821,6.9221
3,2025-08-22,22.52,6.021,255.0,7.602,60.434,423.538,10.079,89.029,6.9221,6.946
3,2025-08-23,22.858,6.721,255.0,7.727,54.24,384.009,9.718,87.9,6.946,6.9144
3,2025-08-24,21.136,6.256,255.0,7.583,63.037,414.147,9.49,87.598,6.9144,6.8953
3,2025-08-25,21.487,6.394,255.0,7.613,48.476,,9.689,84.126,6.8953,6.9387
3,2025-08-26,20.48,5.851,255.0,8.132,63.172,432.442,9.562,87.53,6.9387,6.926
3,2025-08-27,21.263,5.065,255.0,7.758,50.863,438.1,8.87,89.839,6.926,6.9373
3,2025-08-28,20.601,6.105,255.0,7.508,58.258,539.653,10.167,87.263,6.9373,6.9163
3,2025-08-29,23.568,4.922,255.0,7.659,52.478,477.908,9.24,86.631,6.9163,6.9066
3,2025-08-30,22.927,6.553,255.0,7.409,57.481,475.979,10.232,91.385,6.9066,6.9049
3,2025-08-31,21.917,6.193,255.0,7.59,61.729,474.421,10.035,86.067,6.9049,6.9194
3,2025-09-01,19.932,5.524,255.0,7.398,73.107,464.221,9.233,87.634,6.9194,6.9104
3,2025-09-02,23.194,5.636,255.0,7.487,58.745,439.502,9.563,88.466,6.9104,6.9346
3,2025-09-03,23.963,6.598,255.0,7.574,71.488,,9.834,84.952,6.9346,6.9901
3,2025-09-04,25.026,5.254,255.0,7.342,66.038,518.069,8.785,82.89,6.9901,7.0065
3,2025-09-05,23.721,5.744,255.0,7.508,59.032,441.008,9.632,82.0,7.0065,7.0029
3,2025-09-06,22.922,5.488,255.0,7.196,58.233,469.238,9.335,84.043,7.0029,6.9989
3,2025-09-07,22.672,4.351,255.0,7.45,,458.784,8.594,86.778,6.9989,7.0151
3,2025-09-08,24.123,6.08,255.0,7.352,61.254,436.708,9.635,90.856,7.0151,7.0289
3,2025-09-09,23.034,6.647,255.0,7.212,80.859,378.471,9.265,81.804,7.0289,7.0503
3,2025-09-10,23.483,5.351,255.0,7.093,75.52,478.298,10.17,89.296,7.0503,7.0886
3,2025-09-11,22.079,5.54,255.0,7.134,70.762,410.832,8.99,89.905,7.0886,7.1265
3,2025-09-12,20.435,7.134,255.0,6.841,70.397,384.247,10.799,87.331,7.1265,7.1072
3,2025-09-13,20.408,6.586,255.0,7.241,89.336,408.982,8.775,84.374,7.1072,7.0993
3,2025-09-14,20.946,5.011,255.0,7.246,84.044,402.119,8.97,87.952,7.0993,7.0975
3,2025-09-15,18.711,4.677,255.0,7.002,98.343,311.662,8.545,87.548,7.0975,7.1027
3,2025-09-16,21.698,5.529,255.0,6.96,83.031,342.627,9.814,83.003,7.1027,7.1049
3,2025-09-17,20.57,4.608,255.0,6.874,91.45,350.438,9.199,84.631,7.1049,7.071
3,2025-09-18,20.714,6.01,255.0,7.113,77.193,339.125,9.946,86.736,7.071,7.1197
3,2025-09-19,19.54,6.499,255.0,6.859,88.41,370.691,9.695,83.729,7.1197,7.1046
3,2025-09-20,20.945,4.982,255.0,7.103,73.646,334.106,8.726,87.059,7.1046,7.0757
3,2025-09-21,19.742,5.077,255.0,6.873,91.559,327.741,8.294,85.246,7.0757,7.0569
3,2025-09-22,21.934,5.126,255.0,,91.078,355.873,8.688,85.157,7.0569,7.039
3,2025-09-23,21.499,5.419,255.0,,73.807,320.316,9.045,88.01,7.039,7.052
3,2025-09-24,20.167,5.065,255.0,7.247,75.841,382.525,9.228,86.675,7.052,7.0509
3,2025-09-25,19.174,4.969,255.0,7.448,83.029,290.705,9.395,86.251,7.0509,7.0227
3,2025-09-26,22.039,4.333,255.0,7.153,82.541,411.071,9.199,85.261,7.0227,6.9908
3,2025-09-27,21.534,6.047,255.0,7.193,85.714,345.444,10.034,82.834,6.9908,6.9827
3,2025-09-28,22.661,5.673,255.0,7.625,83.401,367.716,9.907,89.42,6.9827,6.9302
3,2025-09-29,20.773,6.671,255.0,7.223,84.939,406.585,9.675,82.476,6.9302,6.9841
3,2025-09-30,21.127,5.145,255.0,7.317,86.091,383.73,9.034,91.178,6.9841,6.963
3,2025-10-01,20.982,6.511,255.0,7.545,,340.633,9.428,84.429,6.963,6.9372
3,2025-10-02,21.473,5.376,255.0,7.89,,408.159,9.648,86.329,6.9372,6.9459
3,2025-10-03,22.663,7.637,255.0,7.789,66.121,437.865,10.08,88.255,6.9459,6.9235
3,2025-10-04,22.989,6.4,255.0,7.751,78.307,,9.957,85.959,6.9235,6.9555
3,2025-10-05,22.639,5.621,255.0,7.977,70.816,447.961,9.747,86.557,6.9555,6.9678
3,2025-10-06,22.669,6.994,255.0,7.856,65.434,479.85,10.286,90.292,6.9678,6.9773
3,2025-10-07,22.565,5.748,255.0,7.574,72.309,476.89,10.165,87.5,6.9773,7.0024
3,2025-10-08,21.777,6.47,255.0,7.94,,482.085,9.693,87.115,7.0024,6.991
3,2025-10-09,23.768,6.12,255.0,7.589,78.971,477.503,9.262,85.457,6.991,7.0453
3,2025-10-10,23.27,6.642,255.0,7.967,68.559,489.224,10.232,88.677,7.0453,7.0683
3,2025-10-11,23.516,5.578,255.0,7.683,66.962,456.915,8.918,90.225,7.0683,7.074
3,2025-10-12,21.225,6.622,255.0,7.878,61.016,438.588,9.824,88.362,7.074,7.0783
3,2025-10-13,21.815,6.265,255.0,7.696,65.047,443.852,10.968,86.573,7.0783,7.0954
3,2025-10-14,20.962,5.745,255.0,7.675,54.827,490.571,8.843,,7.0954,7.1128
3,2025-10-15,19.418,5.192,255.0,7.893,89.752,512.255,9.803,88.167,7.1128,7.1384
3,2025-10-16,19.858,4.906,255.0,7.376,67.139,462.163,9.253,87.675,7.1384,7.1223
3,2025-10-17,20.176,4.778,255.0,7.474,52.507,476.789,9.448,84.399,7.1223,7.1695
3,2025-10-18,19.694,6.069,255.0,7.539,67.65,458.163,9.537,87.668,7.1695,7.168
3,2025-10-19,19.28,6.649,255.0,7.665,52.771,427.616,9.891,84.371,7.168,7.1517
3,2025-10-20,20.219,4.779,255.0,7.456,68.455,457.242,9.094,83.064,7.1517,7.1562
3,2025-10-21,21.03,7.153,255.0,7.227,40.579,380.087,10.438,87.547,7.1562,7.1218
3,2025-10-22,20.335,4.936,255.0,7.421,58.358,384.027,8.88,88.39,7.1218,7.1275
3,2025-10-23,21.005,5.769,255.0,7.094,56.8,381.279,10.525,83.868,7.1275,7.1309
3,2025-10-24,20.703,6.582,255.0,7.18,61.078,413.089,10.777,90.904,7.1309,7.1309
3,2025-10-25,21.276,5.945,255.0,7.042,70.203,381.919,9.655,83.976,7.1309,7.0847
3,2025-10-26,20.903,5.46,255.0,7.209,77.843,385.684,10.109,89.055,7.0847,7.1326
3,2025-10-27,21.03,5.309,255.0,7.245,65.79,365.451,9.277,86.021,7.1326,7.1062
3,2025-10-28,22.738,6.248,255.0,6.813,61.213,327.903,10.065,85.867,7.1062,7.0708
3,2025-10-29,24.67,5.944,255.0,7.165,64.521,323.064,10.536,82.686,7.0708,7.0453
3,2025-10-30,22.221,5.462,255.0,6.883,69.879,252.412,9.316,86.67,7.0453,7.0839
3,2025-10-31,22.293,5.757,255.0,6.945,70.417,386.132,10.704,88.874,7.0839,7.1285
3,2025-11-01,23.37,7.038,255.0,7.193,73.365,352.378,9.347,88.219,7.1285,7.0924
3,2025-11-02,23.509,5.174,255.0,7.054,74.691,348.012,8.922,89.489,7.0924,7.1061
3,2025-11-03,22.271,5.845,255.0,7.265,81.856,316.874,9.385,85.113,7.1061,7.0737
3,2025-11-04,23.432,6.43,255.0,6.944,75.733,341.842,10.368,85.513,7.0737,7.0553
3,2025-11-05,22.484,6.374,255.0,7.086,77.996,400.44,10.468,83.153,7.0553,7.0641
3,2025-11-06,23.162,6.251,255.0,6.829,89.024,381.453,9.423,85.364,7.0641,7.0584
3,2025-11-07,23.093,,255.0,7.315,88.807,371.221,9.163,88.787,7.0584,7.0359
3,2025-11-08,22.832,5.85,255.0,7.259,80.916,389.222,8.946,89.255,7.0359,7.1039
3,2025-11-09,22.968,6.303,255.0,7.767,83.075,389.865,9.392,91.009,7.1039,7.1194
3,2025-11-10,22.723,5.963,255.0,7.047,91.858,393.32,9.137,90.338,7.1194,7.1309
3,2025-11-11,23.859,6.447,255.0,6.956,87.927,410.503,9.753,86.804,7.1309,7.14
3,2025-11-12,21.465,5.935,255.0,7.428,91.036,396.221,10.324,90.12,7.14,7.1154
3,2025-11-13,21.198,6.346,255.0,7.316,92.222,411.639,9.45,88.229,7.1154,7.1182
3,2025-11-14,,6.258,255.0,7.518,85.417,386.054,9.993,88.051,7.1182,7.1403
3,2025-11-15,22.113,6.92,255.0,7.49,85.71,443.442,10.322,86.721,7.1403,7.1958
3,2025-11-16,23.068,7.298,255.0,7.308,73.872,451.007,10.303,87.192,7.1958,7.2308
3,2025-11-17,24.268,7.138,255.0,7.82,85.093,439.398,10.245,92.395,7.2308,7.2283
3,2025-11-18,23.187,7.085,255.0,7.507,81.217,456.528,10.22,90.421,7.2283,7.2632
3,2025-11-19,22.199,7.914,255.0,7.748,81.763,497.822,10.41,82.712,7.2632,7.2615
3,2025-11-20,20.575,6.258,255.0,7.342,79.266,488.179,9.86,86.646,7.2615,7.2435
3,2025-11-21,22.302,6.373,255.0,7.571,82.705,489.035,9.793,93.574,7.2435,7.2415
3,2025-11-22,22.043,5.677,255.0,7.868,75.044,458.516,9.312,84.516,7.2415,7.232
3,2025-11-23,23.56,6.518,255.0,8.031,84.018,493.559,10.78,86.489,7.232,7.2362
3,2025-11-24,24.492,6.407,255.0,7.631,81.701,441.871,10.123,88.513,7.2362,7.2599
3,2025-11-25,21.753,6.544,255.0,7.656,96.376,469.626,9.676,83.905,7.2599,7.2547
3,2025-11-26,22.765,6.69,255.0,7.841,79.474,457.261,10.082,87.628,7.2547,7.2695
3,2025-11-27,24.978,6.519,255.0,7.556,72.683,474.203,9.13,83.176,7.2695,7.3164
3,2025-11-28,22.946,6.576,255.0,7.604,70.502,448.835,9.377,84.713,7.3164,7.3169
3,2025-11-29,23.403,7.084,255.0,7.568,68.006,437.661,10.13,89.653,7.3169,7.2878
3,2025-11-30,24.517,6.6,255.0,7.382,59.888,423.338,9.629,84.233,7.2878,7.278
3,2025-12-01,26.244,6.604,255.0,7.617,66.798,313.045,9.46,87.242,7.278,7.2406
3,2025-12-02,25.27,5.826,255.0,7.562,66.866,421.115,10.102,88.774,7.2406,7.2403
3,2025-12-03,28.331,5.785,255.0,7.378,72.1,410.922,9.823,,7.2403,7.2914
3,2025-12-04,25.44,7.538,255.0,7.058,66.457,354.965,10.649,88.101,7.2914,7.2707
3,2025-12-05,25.671,6.567,255.0,7.465,70.551,370.934,9.381,88.083,7.2707,7.3205
3,2025-12-06,22.787,6.765,255.0,7.495,61.425,,9.924,89.053,7.3205,7.3532
3,2025-12-07,25.689,6.095,255.0,7.483,51.081,331.665,9.485,93.142,7.3532,7.3044
3,2025-12-08,25.102,7.096,255.0,7.377,77.161,395.147,10.278,85.643,7.3044,7.3046
3,2025-12-09,24.926,6.514,255.0,6.969,57.438,334.134,10.26,86.162,7.3046,7.2674
3,2025-12-10,25.664,6.885,255.0,7.057,57.036,353.944,10.724,85.362,7.2674,7.296
3,2025-12-11,,6.852,255.0,7.117,50.898,346.013,10.098,88.775,7.296,7.2997
3,2025-12-12,26.525,8.347,,7.327,51.761,357.393,10.539,88.535,7.2997,7.2656
3,2025-12-13,24.639,7.428,255.0,7.127,62.901,352.352,10.524,88.732,7.2656,7.2728
3,2025-12-14,26.578,7.051,255.0,7.068,61.035,341.933,9.977,87.882,7.2728,7.275
3,2025-12-15,23.917,7.056,255.0,7.157,59.219,285.535,10.441,,7.275,7.2974
3,2025-12-16,,7.742,255.0,7.04,45.356,369.672,10.301,85.816,7.2974,7.2963
3,2025-12-17,24.071,5.741,255.0,7.284,60.202,346.561,9.076,89.601,7.2963,7.3031
3,2025-12-18,23.962,6.703,255.0,6.868,58.377,382.167,10.122,84.958,7.3031,7.3272
3,2025-12-19,22.923,7.096,255.0,6.914,56.278,401.367,9.948,83.931,7.3272,7.3517
3,2025-12-20,22.746,6.099,255.0,7.217,62.69,455.563,10.022,88.261,7.3517,7.3669
3,2025-12-21,23.548,8.075,255.0,7.216,60.042,442.188,,86.991,7.3669,7.3609
3,2025-12-22,25.104,6.137,255.0,7.175,67.333,,8.954,86.806,7.3609,7.3607
3,2025-12-23,25.088,6.639,255.0,7.047,55.525,413.4,9.542,87.572,7.3607,7.3525
3,2025-12-24,25.087,7.219,255.0,7.163,62.199,448.314,10.729,87.806,7.3525,7.3562
3,2025-12-25,23.8,7.186,255.0,7.231,64.453,428.009,10.049,90.052,7.3562,7.3381
3,2025-12-26,25.665,6.97,255.0,7.497,73.376,465.509,10.378,86.264,7.3381,7.3498
3,2025-12-27,25.671,7.185,255.0,7.622,70.746,502.137,9.952,85.617,7.3498,7.3396
3,2025-12-28,27.694,7.622,255.0,7.291,74.565,454.887,10.587,92.515,7.3396,7.3682
3,2025-12-29,27.229,7.424,255.0,7.467,70.365,489.437,10.211,85.595,7.3682,7.3853
3,2025-12-30,27.288,8.376,255.0,7.212,86.523,448.847,10.864,86.17,7.3853,7.4332
3,2025-12-31,29.653,7.314,255.0,7.646,,540.452,9.34,88.451,7.4332,7.3878
3,2026-01-01,27.679,8.794,255.0,7.507,85.405,520.348,10.951,88.099,7.3878,7.3928
3,2026-01-02,29.143,7.573,255.0,7.726,81.783,551.94,10.214,91.392,7.3928,7.4525
3,2026-01-03,27.158,7.691,255.0,7.619,82.693,513.223,10.632,90.631,7.4525,7.4488
3,2026-01-04,28.493,7.566,255.0,7.681,75.746,506.125,10.241,91.044,7.4488,7.4798
3,2026-01-05,29.077,7.047,255.0,7.799,96.557,465.376,10.577,88.983,7.4798,7.4968
3,2026-01-06,29.059,8.189,255.0,7.501,85.249,441.378,10.509,91.026,7.4968,7.4771
3,2026-01-07,29.255,6.691,255.0,7.403,90.185,443.696,10.224,86.851,7.4771,7.4599
3,2026-01-08,28.094,6.826,255.0,7.803,80.744,434.244,10.141,88.238,7.4599,7.4614
3,2026-01-09,28.427,7.912,255.0,7.302,88.505,422.205,10.814,84.594,7.4614,7.4477
3,2026-01-10,28.843,6.794,255.0,7.557,87.562,383.948,9.64,89.958,7.4477,7.4772
3,2026-01-11,28.791,7.646,255.0,7.666,78.973,400.963,10.203,86.414,7.4772,7.518
3,2026-01-12,28.184,9.095,255.0,7.549,70.182,409.589,10.745,87.042,7.518,7.5078
3,2026-01-13,26.138,7.565,255.0,,83.072,418.078,10.709,83.579,7.5078,7.5211
3,2026-01-14,27.417,7.884,255.0,7.643,76.856,359.285,11.08,85.786,7.5211,7.5291
3,2026-01-15,26.29,6.724,255.0,7.502,90.971,356.388,10.106,82.439,7.5291,7.5399
3,2026-01-16,26.7,8.086,255.0,7.55,72.431,362.712,11.177,87.121,7.5399,7.5444
3,2026-01-17,28.209,7.131,255.0,,74.015,354.378,9.955,86.258,7.5444,7.5173
3,2026-01-18,27.879,9.231,255.0,7.548,68.27,297.437,10.816,88.125,7.5173,7.4944
3,2026-01-19,26.611,7.481,255.0,7.343,,307.685,9.927,85.023,7.4944,7.5019
3,2026-01-20,26.729,7.824,255.0,7.185,77.108,434.069,10.769,87.342,7.5019,7.4778
3,2026-01-21,28.551,8.583,255.0,7.196,82.187,342.344,11.211,88.357,7.4778,7.4639
3,2026-01-22,27.908,8.726,255.0,7.144,75.406,306.884,11.278,88.319,7.4639,7.4661
3,2026-01-23,29.26,7.284,255.0,7.002,70.472,424.226,9.975,88.483,7.4661,7.4572
3,2026-01-24,28.794,7.881,255.0,7.092,57.974,354.973,10.951,87.566,7.4572,7.4774
3,2026-01-25,28.899,7.783,255.0,7.037,57.984,354.082,10.568,91.608,7.4774,7.4607
3,2026-01-26,27.855,8.106,255.0,7.243,65.458,391.148,10.566,89.506,7.4607,7.5103
3,2026-01-27,28.517,8.835,255.0,7.026,64.98,373.42,11.091,88.456,7.5103,7.5516
3,2026-01-28,30.285,9.506,255.0,7.077,72.203,407.237,11.031,87.803,7.5516,7.5575
3,2026-01-29,30.668,8.94,255.0,7.048,43.019,461.782,10.889,85.228,7.5575,7.5527
3,2026-01-30,29.962,7.846,255.0,6.927,66.409,485.087,10.9,89.897,7.5527,7.5599
3,2026-01-31,31.181,7.927,255.0,6.979,67.879,463.067,10.598,84.158,7.5599,7.5276
3,2026-02-01,31.014,8.594,255.0,7.018,62.917,450.014,10.983,84.219,7.5276,7.5422
3,2026-02-02,32.651,8.252,255.0,7.185,66.84,438.431,11.23,90.478,7.5422,7.5575
3,2026-02-03,33.513,8.038,255.0,7.492,65.687,501.246,10.473,89.78,7.5575,7.5339
3,2026-02-04,31.016,6.996,255.0,7.108,54.365,454.639,11.464,91.678,7.5339,7.5518
3,2026-02-05,31.955,8.284,255.0,7.207,61.932,421.772,10.263,87.965,7.5518,7.5384
3,2026-02-06,30.292,8.483,255.0,7.374,59.544,530.89,10.504,88.367,7.5384,7.5628
3,2026-02-07,30.195,9.92,255.0,6.953,72.324,480.857,11.712,90.466,7.5628,7.5509
3,2026-02-08,31.435,9.902,255.0,7.144,75.532,493.153,11.261,85.203,7.5509,7.5095
3,2026-02-09,30.256,8.436,255.0,7.158,66.473,472.227,10.51,86.683,7.5095,7.5192
3,2026-02-10,29.794,8.732,255.0,7.391,53.937,468.297,11.19,89.36,7.5192,7.5453
3,2026-02-11,29.338,8.003,255.0,7.403,73.202,480.934,10.478,91.814,7.5453,7.6134
3,2026-02-12,29.64,7.983,255.0,,61.904,442.17,11.763,88.628,7.6134,7.6097
3,2026-02-13,29.426,9.432,255.0,7.241,56.684,455.516,11.852,86.734,7.6097,7.618
3,2026-02-14,31.183,7.627,255.0,7.718,64.423,488.941,10.064,87.393,7.618,7.5984
3,2026-02-15,28.527,8.353,255.0,7.648,61.73,436.269,9.91,86.61,7.5984,7.6244
3,2026-02-16,29.686,8.952,255.0,7.511,79.677,510.513,11.102,94.226,7.6244,7.6066
3,2026-02-17,29.077,8.649,255.0,8.106,67.663,397.68,10.488,89.546,7.6066,7.5983
3,2026-02-18,27.976,8.034,255.0,8.024,75.809,419.249,11.456,91.771,7.5983,7.6036
3,2026-02-19,29.385,8.645,255.0,7.465,61.924,345.683,11.378,83.937,7.6036,7.592
3,2026-02-20,31.869,8.609,,7.463,82.709,444.158,10.467,86.942,7.592,7.5961
3,2026-02-21,30.448,8.639,255.0,7.422,70.998,409.2,10.794,87.068,7.5961,7.5888
3,2026-02-22,31.995,8.107,255.0,7.878,76.697,383.256,10.318,86.141,7.5888,7.5795
3,2026-02-23,31.194,9.244,255.0,8.131,79.56,298.739,11.683,86.079,7.5795,7.6187
3,2026-02-24,30.653,9.448,255.0,7.618,78.804,381.398,11.752,89.767,7.6187,7.6891
3,2026-02-25,31.098,7.836,255.0,7.448,90.187,348.414,10.598,86.464,7.6891,7.6755
3,2026-02-26,32.239,8.91,255.0,7.754,83.227,331.0,10.353,83.371,7.6755,7.7161
3,2026-02-27,33.4,8.524,255.0,7.645,76.009,296.37,10.571,90.713,7.7161,7.694
3,2026-02-28,32.014,9.537,255.0,7.503,83.013,354.411,11.468,88.33,7.694,7.6857
3,2026-03-01,31.432,7.937,255.0,7.544,88.773,291.806,10.694,89.6,7.6857,7.6838
3,2026-03-02,34.409,9.432,255.0,7.183,88.126,315.435,11.556,85.692,7.6838,7.6718
3,2026-03-03,32.915,8.664,255.0,7.433,75.597,361.953,10.978,83.753,7.6718,7.6705
3,2026-03-04,33.173,9.612,255.0,7.483,92.138,339.294,11.791,88.002,7.6705,7.6844
3,2026-03-05,34.297,9.596,255.0,7.296,79.491,354.087,10.976,84.993,7.6844,7.6475
3,2026-03-06,35.033,8.646,255.0,7.67,86.644,361.688,10.215,87.315,7.6475,7.6877
3,2026-03-07,33.261,8.315,255.0,7.108,77.542,416.914,11.476,87.806,7.6877,7.7287
3,2026-03-08,31.902,9.169,255.0,7.319,77.008,359.602,10.805,91.279,7.7287,7.7365
3,2026-03-09,32.465,8.726,255.0,7.195,78.59,388.836,11.112,86.483,7.7365,7.7354
3,2026-03-10,32.236,8.849,255.0,7.294,69.305,458.142,11.043,89.207,7.7354,7.7224
3,2026-03-11,31.437,8.447,255.0,7.08,85.726,393.593,11.075,81.401,7.7224,7.7556
3,2026-03-12,31.965,8.601,255.0,6.979,58.651,389.494,11.346,85.666,7.7556,7.6993
3,2026-03-13,30.289,10.025,255.0,7.187,69.679,413.353,11.498,84.557,7.6993,7.702
3,2026-03-14,32.285,9.616,255.0,7.218,66.712,447.339,11.207,87.326,7.702,7.6897
3,2026-03-15,28.508,10.025,255.0,7.111,65.95,470.892,11.31,86.418,7.6897,7.711
3,2026-03-16,30.568,8.453,255.0,7.254,73.784,457.099,11.116,85.991,7.711,7.7255
3,2026-03-17,29.706,9.385,255.0,6.919,79.682,488.036,11.41,83.066,7.7255,7.7012
3,2026-03-18,31.133,7.618,255.0,6.79,80.651,487.011,10.269,84.536,7.7012,7.7084
3,2026-03-19,30.798,10.329,255.0,7.052,71.37,429.11,11.486,87.732,7.7084,7.7016
3,2026-03-20,31.491,10.314,255.0,7.136,77.612,501.409,12.129,85.896,7.7016,7.7031
3,2026-03-21,31.783,9.815,255.0,7.162,74.415,460.168,11.815,89.998,7.7031,7.712
3,2026-03-22,32.071,8.641,255.0,7.211,69.105,431.861,11.102,84.415,7.712,7.7168
3,2026-03-23,30.792,9.33,255.0,7.227,,495.099,10.855,93.324,7.7168,7.6943
3,2026-03-24,30.741,10.081,255.0,7.184,,500.32,11.349,89.163,7.6943,7.7073
3,2026-03-25,34.352,8.075,255.0,7.156,61.835,543.313,11.443,90.592,7.7073,7.6919
3,2026-03-26,31.379,8.738,255.0,7.62,60.995,452.668,11.28,83.344,7.6919,7.6697
3,2026-03-27,32.174,8.879,255.0,7.285,63.476,455.564,10.897,88.595,7.6697,7.691
3,2026-03-28,32.521,8.954,255.0,7.306,59.535,503.613,11.001,84.834,7.691,7.6831
3,2026-03-29,33.257,8.871,255.0,7.727,56.558,476.693,10.52,86.521,7.6831,7.6898
3,2026-03-30,35.468,9.109,255.0,7.589,73.645,363.97,10.362,85.448,7.6898,7.6505
3,2026-03-31,33.985,9.667,255.0,7.948,67.395,418.717,11.962,88.181,7.6505,7.6234
3,2026-04-01,32.969,9.272,255.0,7.656,45.054,387.408,11.185,88.758,7.6234,7.6303
3,2026-04-02,32.732,8.027,255.0,7.784,53.996,414.917,11.241,83.307,7.6303,7.6648
3,2026-04-03,34.712,7.832,255.0,7.537,51.354,393.009,10.711,80.808,7.6648,7.6857
3,2026-04-04,33.839,9.402,255.0,7.649,53.29,365.07,11.254,88.915,7.6857,7.6895
3,2026-04-05,34.73,9.036,255.0,7.473,64.577,362.162,11.29,84.506,7.6895,7.7085
3,2026-04-06,33.24,8.641,255.0,7.939,54.2,430.245,10.613,91.175,7.7085,7.7497
3,2026-04-07,32.639,9.307,255.0,7.895,67.354,384.432,10.969,87.183,7.7497,7.7346
3,2026-04-08,33.751,9.138,255.0,7.785,64.239,314.703,10.995,87.497,7.7346,7.7755
3,2026-04-09,33.961,9.491,255.0,7.602,58.916,409.43,10.816,87.742,7.7755,7.7697
3,2026-04-10,31.698,8.735,255.0,7.626,60.849,386.586,10.926,86.172,7.7697,7.7906
3,2026-04-11,32.093,9.911,255.0,7.474,75.227,341.292,11.438,86.011,7.7906,7.7537
3,2026-04-12,31.41,9.686,255.0,7.503,57.466,312.962,11.186,86.849,7.7537,7.7836
3,2026-04-13,33.167,10.673,255.0,7.351,63.64,374.007,11.599,89.908,7.7836,7.8262
3,2026-04-14,32.725,10.006,255.0,7.532,70.305,345.144,10.825,91.301,7.8262,7.8215
3,2026-04-15,32.781,8.816,255.0,7.233,79.409,318.68,10.879,88.072,7.8215,7.8456
3,2026-04-16,31.888,9.635,255.0,7.377,75.782,319.485,12.039,84.336,7.8456,7.8171
3,2026-04-17,30.452,9.252,255.0,7.378,83.074,389.8,10.955,87.552,7.8171,7.8483
3,2026-04-18,29.967,8.758,255.0,7.51,78.841,355.469,11.278,85.516,7.8483,7.8693
3,2026-04-19,29.948,8.855,255.0,7.277,78.732,395.903,10.469,84.235,7.8693,7.8841
3,2026-04-20,31.21,9.406,255.0,7.216,80.073,502.872,11.761,86.851,7.8841,7.8204
3,2026-04-21,32.245,9.758,255.0,7.182,69.847,384.473,11.591,87.258,7.8204,7.8263
3,2026-04-22,32.26,9.456,255.0,7.385,66.223,392.221,11.091,90.544,7.8263,7.8267
3,2026-04-23,30.836,7.818,255.0,7.35,77.865,548.854,10.185,93.088,7.8267,7.8101
3,2026-04-24,31.863,9.715,255.0,7.116,88.322,482.891,11.64,87.332,7.8101,7.8142
3,2026-04-25,32.01,7.85,255.0,7.155,82.382,416.879,10.383,86.658,7.8142,7.8237
3,2026-04-26,33.083,9.069,255.0,6.76,88.224,445.866,10.93,84.062,7.8237,7.8516
3,2026-04-27,33.191,10.249,,7.387,69.506,432.318,10.799,89.4,7.8516,7.8433
3,2026-04-28,32.24,9.394,255.0,6.793,75.169,477.753,11.767,86.717,7.8433,7.7915
3,2026-04-29,33.585,8.597,255.0,6.845,71.972,429.285,10.436,86.237,7.7915,7.7971
3,2026-04-30,32.53,10.654,255.0,6.743,84.952,485.974,11.331,86.92,7.7971,7.8014
3,2026-05-01,34.264,7.56,255.0,6.904,93.835,510.315,10.645,,7.8014,7.8225
3,2026-05-02,34.0,8.608,255.0,7.54,84.422,398.473,11.045,85.768,7.8225,7.8387
3,2026-05-03,32.343,10.105,255.0,7.255,76.646,465.119,11.78,86.697,7.8387,7.8451
3,2026-05-04,31.826,7.475,255.0,7.153,67.777,429.416,9.566,83.319,7.8451,7.8426
3,2026-05-05,32.532,8.1,255.0,7.022,83.466,454.747,11.015,89.596,7.8426,7.7994
3,2026-05-06,31.88,8.936,255.0,7.035,72.465,450.262,12.115,86.007,7.7994,7.7701
3,2026-05-07,33.68,9.6,255.0,7.36,88.28,423.184,11.184,92.032,7.7701,7.7183
3,2026-05-08,32.651,8.563,255.0,7.419,80.445,366.849,10.974,88.352,7.7183,7.7366
3,2026-05-09,33.42,9.241,255.0,7.308,84.376,495.453,11.57,88.187,7.7366,7.7471
3,2026-05-10,31.647,10.449,,7.216,83.121,401.571,11.036,87.089,7.7471,7.7678
3,2026-05-11,31.412,8.199,255.0,7.665,81.324,450.605,10.796,87.332,7.7678,7.76
3,2026-05-12,31.142,8.772,255.0,7.186,73.22,369.143,10.838,88.429,7.76,7.7435
3,2026-05-13,30.377,8.339,255.0,7.347,66.797,367.812,11.016,88.634,7.7435,7.7817
3,2026-05-14,31.379,8.224,255.0,7.763,71.891,360.191,10.862,87.181,7.7817,7.7906
3,2026-05-15,29.848,7.416,255.0,7.68,65.662,384.967,10.554,86.571,7.7906,7.8014
4,2025-01-01,26.862,8.678,206.382,7.272,60.66,434.729,11.232,86.279,2.3771,2.3952
4,2025-01-02,27.407,6.655,205.239,7.045,65.287,405.799,10.379,91.239,2.3952,2.446
4,2025-01-03,27.653,8.681,204.925,7.414,44.824,476.997,11.675,89.301,2.446,2.485
4,2025-01-04,28.96,7.533,206.426,8.015,57.189,513.184,10.733,85.114,2.485,2.5291
4,2025-01-05,28.415,7.86,210.246,7.291,64.981,484.776,10.508,88.694,2.5291,2.5524
4,2025-01-06,28.27,7.33,213.433,8.017,66.503,435.856,11.215,85.798,2.5524,2.5937
4,2025-01-07,26.738,7.52,222.418,7.557,61.44,476.264,10.349,87.371,2.5937,2.6364
4,2025-01-08,28.896,7.82,212.157,8.021,61.254,437.554,9.66,83.271,2.6364,2.6504
4,2025-01-09,28.393,7.993,217.213,7.612,53.841,468.127,11.213,84.838,2.6504,2.6356
4,2025-01-10,27.515,7.366,207.231,7.937,55.142,408.344,10.331,87.111,2.6356,2.7034
4,2025-01-11,28.716,7.888,227.461,7.672,64.172,469.69,11.298,85.583,2.7034,2.7545
4,2025-01-12,29.902,7.774,219.872,7.716,68.284,449.035,11.203,87.87,2.7545,2.726
4,2025-01-13,27.222,7.593,229.041,7.55,68.208,358.786,10.191,86.552,2.726,2.7423
4,2025-01-14,29.161,8.036,221.071,7.902,69.359,392.614,9.853,86.482,2.7423,2.7734
4,2025-01-15,27.825,8.728,230.004,7.727,57.975,367.293,11.796,89.067,2.7734,2.7772
4,2025-01-16,27.716,7.483,218.445,7.736,64.311,356.403,10.203,85.401,2.7772,2.8311
4,2025-01-17,26.733,8.232,223.419,7.924,65.44,346.126,11.12,84.558,2.8311,2.825
4,2025-01-18,26.228,7.913,231.266,7.416,67.904,395.882,11.395,88.152,2.825,2.8684
4,2025-01-19,27.589,6.702,222.694,7.898,61.957,398.78,10.257,84.65,2.8684,2.9416
4,2025-01-20,29.411,7.719,213.278,7.436,71.353,339.585,11.014,89.742,2.9416,2.9852
4,2025-01-21,27.638,8.134,227.384,7.565,80.41,376.187,10.323,87.546,2.9852,2.988
4,2025-01-22,27.695,9.428,221.452,7.165,73.219,338.261,11.372,85.16,2.988,2.9856
4,2025-01-23,29.171,7.478,,7.334,89.469,314.507,10.519,90.506,2.9856,2.988
4,2025-01-24,27.214,8.406,235.24,7.723,70.72,324.628,10.971,88.945,2.988,2.9983
4,2025-01-25,27.535,8.374,232.245,7.554,75.643,344.499,10.306,92.366,2.9983,3.0672
4,2025-01-26,28.285,8.311,220.49,7.01,63.449,394.065,10.775,87.806,3.0672,3.0667
4,2025-01-27,29.551,9.497,233.979,7.124,84.311,363.339,,92.086,3.0667,3.1349
4,2025-01-28,,,245.929,7.441,82.65,361.066,11.353,91.015,3.1349,3.0834
4,2025-01-29,29.502,8.483,247.852,7.151,85.783,382.435,11.122,86.836,3.0834,3.1383
4,2025-01-30,29.926,8.707,254.141,7.333,,379.146,11.364,88.256,3.1383,3.2111
4,2025-01-31,29.09,10.02,237.51,6.719,87.385,369.165,12.356,87.373,3.2111,3.2183
4,2025-02-01,29.333,8.202,224.417,7.016,78.161,413.831,10.867,84.779,3.2183,3.2523
4,2025-02-02,30.899,8.953,229.841,7.16,94.774,450.261,12.235,95.232,3.2523,3.2401
4,2025-02-03,30.657,8.821,240.431,7.038,88.883,416.757,10.657,85.912,3.2401,3.2891
4,2025-02-04,30.443,8.292,243.36,7.153,82.603,475.753,10.318,84.641,3.2891,3.3351
4,2025-02-05,30.291,9.461,237.737,7.402,79.48,498.52,10.185,90.618,3.3351,3.4188
4,2025-02-06,30.374,,242.141,6.921,82.104,519.41,10.775,92.343,3.4188,3.483
4,2025-02-07,29.839,8.37,241.1,6.989,93.939,469.628,9.827,83.93,3.483,3.5377
4,2025-02-08,32.345,8.385,247.42,7.011,87.619,430.084,10.979,88.101,3.5377,3.5643
4,2025-02-09,31.665,8.968,250.71,6.9,86.196,510.553,11.18,88.493,3.5643,3.6062
4,2025-02-10,31.599,7.84,248.086,7.323,69.617,487.933,10.355,86.632,3.6062,3.6173
4,2025-02-11,31.971,8.707,255.0,7.103,89.467,486.941,11.202,90.888,3.6173,3.6603
4,2025-02-12,31.042,7.69,255.0,7.295,86.7,492.195,8.911,89.895,3.6603,3.6893
4,2025-02-13,32.186,9.154,249.317,7.18,86.783,433.734,11.093,87.086,3.6893,3.7235
4,2025-02-14,32.339,9.61,249.701,7.482,64.782,427.963,11.399,87.637,3.7235,3.7961
4,2025-02-15,30.953,9.139,249.336,7.578,75.747,560.439,10.689,86.076,3.7961,3.8882
4,2025-02-16,31.467,8.4,255.0,7.293,83.721,475.971,11.415,87.553,3.8882,3.9332
4,2025-02-17,29.868,8.702,255.0,7.283,76.125,482.203,11.361,89.4,3.9332,4.023
4,2025-02-18,,9.796,255.0,7.804,70.416,460.261,11.757,84.304,4.023,4.0232
4,2025-02-19,30.108,8.611,255.0,7.327,70.98,433.56,11.407,92.838,4.0232,4.0499
4,2025-02-20,30.778,8.871,255.0,7.582,62.569,410.219,10.912,89.6,4.0499,4.1295
4,2025-02-21,30.765,9.182,255.0,7.605,60.049,395.675,10.817,81.146,4.1295,4.1988
4,2025-02-22,30.467,8.641,248.872,7.762,52.409,414.51,11.463,86.972,4.1988,4.2135
4,2025-02-23,31.436,9.105,255.0,7.459,81.504,349.901,10.988,85.197,4.2135,4.2339
4,2025-02-24,30.902,9.846,255.0,7.663,56.801,400.084,11.659,88.04,4.2339,4.2615
4,2025-02-25,30.522,8.834,255.0,7.937,78.518,379.823,10.972,87.597,4.2615,4.3068
4,2025-02-26,31.068,8.684,255.0,7.912,62.216,330.685,11.066,87.579,4.3068,4.3442
4,2025-02-27,30.757,8.666,255.0,7.748,,373.787,11.035,87.063,4.3442,4.3537
4,2025-02-28,33.615,9.547,255.0,7.537,62.107,377.427,11.139,83.848,4.3537,4.3795
4,2025-03-01,29.67,8.015,255.0,7.821,58.831,321.026,10.384,83.515,4.3795,4.3797
4,2025-03-02,31.187,9.289,255.0,7.657,55.187,272.334,11.345,87.639,4.3797,4.3715
4,2025-03-03,32.033,9.398,255.0,7.693,71.471,364.893,11.181,89.197,4.3715,4.3966
4,2025-03-04,33.602,8.448,253.53,7.647,68.374,351.02,10.636,83.121,4.3966,4.459
4,2025-03-05,32.876,8.682,254.358,7.669,53.609,330.312,10.484,83.837,4.459,4.4297
4,2025-03-06,33.819,8.415,255.0,7.661,67.29,345.859,10.652,87.689,4.4297,4.4694
4,2025-03-07,34.864,10.134,255.0,7.132,58.033,350.393,11.769,82.994,4.4694,4.5064
4,2025-03-08,32.571,8.091,255.0,7.274,64.467,327.899,10.75,85.189,4.5064,4.5549
4,2025-03-09,33.619,8.912,255.0,7.331,72.763,385.144,11.526,86.247,4.5549,4.5779
4,2025-03-10,32.709,9.091,255.0,7.271,66.201,327.066,11.348,88.402,4.5779,4.6037
4,2025-03-11,32.878,8.7,255.0,7.425,68.528,365.339,10.648,87.351,4.6037,4.6583
4,2025-03-12,33.492,9.191,255.0,7.112,70.701,372.127,10.842,89.249,4.6583,4.6061
4,2025-03-13,32.903,9.28,255.0,7.175,67.845,341.04,9.902,85.008,4.6061,4.5375
4,2025-03-14,32.063,7.856,255.0,7.151,81.691,407.762,10.487,89.527,4.5375,4.5529
4,2025-03-15,33.646,9.542,255.0,7.209,68.329,414.103,11.707,86.645,4.5529,4.5389
4,2025-03-16,33.943,9.552,255.0,6.95,74.214,413.908,,85.795,4.5389,4.5693
4,2025-03-17,32.805,8.442,255.0,6.905,73.915,458.476,10.496,90.942,4.5693,4.5639
4,2025-03-18,31.34,9.079,255.0,7.016,82.18,489.821,11.101,88.903,4.5639,4.5926
4,2025-03-19,32.25,9.662,255.0,7.148,69.285,439.425,11.218,85.653,4.5926,4.6304
4,2025-03-20,31.999,8.316,255.0,7.009,74.761,475.985,10.255,83.79,4.6304,4.6089
4,2025-03-21,31.254,9.032,255.0,7.028,,530.572,10.345,89.424,4.6089,4.6736
4,2025-03-22,29.315,10.972,255.0,6.985,87.537,515.981,11.741,86.314,4.6736,4.741
4,2025-03-23,30.85,8.699,255.0,7.164,73.331,468.26,10.963,85.883,4.741,4.8116
4,2025-03-24,31.033,9.025,255.0,7.054,83.8,443.609,11.254,87.926,4.8116,4.8852
4,2025-03-25,32.712,8.721,255.0,6.908,83.111,428.191,11.539,85.802,4.8852,4.8753
4,2025-03-26,31.204,10.173,255.0,,84.191,512.964,11.328,84.177,4.8753,4.9263
4,2025-03-27,31.818,10.033,255.0,7.126,72.908,387.406,12.805,88.709,4.9263,4.9558
4,2025-03-28,30.154,8.736,255.0,7.528,88.027,436.586,10.379,86.415,4.9558,5.0606
4,2025-03-29,31.592,8.462,255.0,7.247,85.615,410.74,10.989,90.639,5.0606,5.0712
4,2025-03-30,31.474,8.136,255.0,7.279,86.133,415.303,11.534,89.659,5.0712,5.0586
4,2025-03-31,31.262,10.4,255.0,7.512,95.361,437.264,11.586,84.582,5.0586,5.1057
4,2025-04-01,32.264,10.432,255.0,7.377,93.192,370.884,12.904,86.898,5.1057,5.1594
4,2025-04-02,32.252,9.873,255.0,7.605,78.609,391.075,11.463,87.214,5.1594,5.2043
4,2025-04-03,32.917,9.724,255.0,7.128,78.868,414.71,11.878,87.862,5.2043,5.2427
4,2025-04-04,32.715,9.201,255.0,7.616,79.464,447.379,10.642,88.26,5.2427,5.2597
4,2025-04-05,32.847,9.245,255.0,7.732,78.396,,11.678,88.256,5.2597,5.2951
4,2025-04-06,35.708,10.077,255.0,7.495,84.348,354.023,11.33,84.067,5.2951,5.3138
4,2025-04-07,33.557,8.524,255.0,7.386,94.883,376.017,10.465,88.962,5.3138,5.3454
4,2025-04-08,30.879,11.148,255.0,7.357,,317.186,11.684,88.548,5.3454,5.3775
4,2025-04-09,34.804,8.698,255.0,7.464,,338.541,10.646,84.709,5.3775,5.3988
4,2025-04-10,32.527,8.635,255.0,7.757,69.899,351.631,11.546,87.071,5.3988,5.4233
4,2025-04-11,33.299,9.175,255.0,7.83,80.2,343.207,11.101,92.225,5.4233,5.4565
4,2025-04-12,33.446,8.571,255.0,7.953,75.037,320.025,10.747,84.426,5.4565,5.4804
4,2025-04-13,33.293,9.239,255.0,7.626,57.755,290.753,10.824,85.203,5.4804,5.5094
4,2025-04-14,32.748,10.25,255.0,7.599,70.347,340.12,12.104,87.765,5.5094,5.4858
4,2025-04-15,31.718,10.024,255.0,7.351,79.336,362.767,11.174,85.72,5.4858,5.5493
4,2025-04-16,32.227,9.344,255.0,,69.544,326.661,11.169,92.063,5.5493,5.5425
4,2025-04-17,30.708,9.331,255.0,7.539,69.037,300.005,11.51,85.018,5.5425,5.5593
4,2025-04-18,33.529,9.354,,7.993,70.008,414.33,11.115,87.63,5.5593,5.59
4,2025-04-19,32.099,8.996,255.0,7.577,72.895,420.422,10.781,85.699,5.59,5.6352
4,2025-04-20,30.424,9.789,255.0,7.663,60.056,437.828,10.747,91.604,5.6352,5.619
4,2025-04-21,32.769,9.888,255.0,,56.165,338.616,12.536,85.472,5.619,5.6388
4,2025-04-22,29.406,8.51,255.0,7.652,,390.856,10.838,86.398,5.6388,5.6532
4,2025-04-23,30.379,8.759,255.0,7.294,68.685,442.318,10.522,84.751,5.6532,5.74
4,2025-04-24,29.898,9.062,255.0,7.392,60.05,410.178,11.598,89.064,5.74,5.7882
4,2025-04-25,31.836,10.273,255.0,7.567,76.663,479.276,11.322,89.703,5.7882,5.8729
4,2025-04-26,30.04,9.542,255.0,7.158,63.707,438.949,11.51,83.977,5.8729,5.9059
4,2025-04-27,31.269,10.504,255.0,7.167,62.4,458.873,11.816,93.037,5.9059,5.9187
4,2025-04-28,33.134,8.911,255.0,6.905,54.86,419.514,,86.048,5.9187,5.9534
4,2025-04-29,32.068,9.521,255.0,6.996,66.437,518.31,11.462,88.207,5.9534,5.9953
4,2025-04-30,33.416,9.325,255.0,7.017,59.459,459.907,11.034,88.768,5.9953,6.028
4,2025-05-01,32.211,8.479,255.0,7.007,57.153,471.509,11.623,92.053,6.028,6.0418
4,2025-05-02,30.682,9.223,255.0,6.933,73.147,423.56,11.323,84.894,6.0418,6.0743
4,2025-05-03,33.257,9.011,255.0,7.197,57.872,488.388,11.506,88.308,6.0743,6.0784
4,2025-05-04,33.42,8.273,255.0,6.882,67.619,462.726,10.069,90.282,6.0784,6.0787
4,2025-05-05,31.921,8.813,255.0,6.891,69.419,478.6,11.409,85.443,6.0787,6.0415
4,2025-05-06,31.052,10.232,255.0,7.141,67.918,484.847,11.861,88.191,6.0415,6.09
4,2025-05-07,33.347,9.987,255.0,7.385,69.036,420.348,12.292,85.267,6.09,6.0976
4,2025-05-08,32.254,9.505,255.0,7.129,71.578,427.01,11.199,85.462,6.0976,6.1106
4,2025-05-09,34.473,8.77,255.0,6.727,79.066,462.409,10.888,85.502,6.1106,6.1613
4,2025-05-10,32.572,7.717,255.0,7.199,79.094,442.382,10.067,85.023,6.1613,6.2136
4,2025-05-11,32.289,7.739,255.0,7.244,73.007,410.755,10.023,84.931,6.2136,6.2339
4,2025-05-12,32.632,9.066,255.0,7.274,70.108,408.417,11.604,91.17,6.2339,6.2444
4,2025-05-13,32.746,10.192,255.0,7.578,69.166,449.263,11.613,90.148,6.2444,6.2329
4,2025-05-14,32.178,9.559,255.0,7.3,74.327,338.776,11.609,88.216,6.2329,6.2417
4,2025-05-15,31.481,8.443,255.0,7.352,65.062,430.561,10.807,85.06,6.2417,6.2881
4,2025-05-16,31.571,8.961,255.0,7.555,84.53,380.341,10.918,,6.2881,6.3489
4,2025-05-17,30.595,9.825,255.0,7.516,82.276,448.816,12.165,91.91,6.3489,6.447
4,2025-05-18,30.31,8.611,255.0,7.108,82.903,318.938,11.059,84.501,6.447,6.4785
4,2025-05-19,32.388,8.032,255.0,7.821,68.896,357.665,10.33,85.99,6.4785,6.4657
4,2025-05-20,28.593,8.416,255.0,7.606,90.432,355.715,11.312,83.915,6.4657,6.5191
4,2025-05-21,29.978,8.1,255.0,7.793,79.205,314.757,10.864,87.248,6.5191,6.5249
4,2025-05-22,28.392,8.402,255.0,7.858,85.13,373.777,11.013,85.633,6.5249,6.5286
4,2025-05-23,28.667,8.132,255.0,,90.559,417.622,10.316,91.133,6.5286,6.5547
4,2025-05-24,29.738,9.5,255.0,7.704,83.003,319.947,10.213,87.577,6.5547,6.5559
4,2025-05-25,29.665,7.592,255.0,7.878,87.38,331.272,10.388,84.114,6.5559,6.5792
4,2025-05-26,29.532,8.934,255.0,7.629,73.242,383.754,,86.203,6.5792,6.6403
4,2025-05-27,30.48,8.163,255.0,7.482,74.38,345.777,11.331,85.957,6.6403,6.6464
4,2025-05-28,28.919,8.525,255.0,7.518,90.766,359.372,11.952,84.827,6.6464,6.7159
4,2025-05-29,29.178,8.231,255.0,7.574,76.235,373.294,10.713,83.646,6.7159,6.7364
4,2025-05-30,29.815,,255.0,7.676,79.39,382.99,10.613,89.46,6.7364,6.7801
4,2025-05-31,29.909,8.617,255.0,7.66,88.078,404.825,10.807,87.006,6.7801,6.8121
4,2025-06-01,30.031,8.038,255.0,7.813,85.896,466.814,10.345,88.861,6.8121,6.86
4,2025-06-02,28.788,7.713,255.0,7.703,74.687,388.821,10.253,89.255,6.86,6.8831
4,2025-06-03,30.001,8.949,255.0,7.758,65.037,462.794,10.752,87.886,6.8831,6.9158
4,2025-06-04,33.035,8.437,255.0,7.482,75.028,385.253,11.449,88.484,6.9158,6.9009
4,2025-06-05,30.562,8.973,255.0,7.313,83.156,443.258,10.619,,6.9009,6.8936
4,2025-06-06,29.832,8.96,255.0,7.512,68.489,489.131,11.487,88.572,6.8936,6.9137
4,2025-06-07,30.816,7.347,255.0,7.663,84.567,454.886,10.466,90.406,6.9137,6.976
4,2025-06-08,28.709,8.016,255.0,7.466,67.836,532.014,11.34,85.821,6.976,6.9888
4,2025-06-09,30.111,8.051,255.0,7.499,63.715,383.036,9.901,85.188,6.9888,7.011
4,2025-06-10,29.037,7.332,255.0,7.113,60.791,458.628,10.031,89.175,7.011,7.0174
4,2025-06-11,29.336,8.717,255.0,7.208,74.666,439.441,10.901,86.174,7.0174,7.0395
4,2025-06-12,31.339,7.525,255.0,7.171,56.897,428.721,10.032,86.363,7.0395,7.0435
4,2025-06-13,27.651,7.655,255.0,7.247,55.423,,10.576,85.759,7.0435,7.0235
4,2025-06-14,29.86,8.32,255.0,7.134,71.745,463.194,10.466,90.897,7.0235,7.0263
4,2025-06-15,28.518,8.766,255.0,7.083,67.08,497.066,10.691,88.462,7.0263,7.0173
4,2025-06-16,27.302,7.548,255.0,7.243,68.813,489.559,10.595,88.728,7.0173,7.0515
4,2025-06-17,28.437,6.992,255.0,,54.175,494.309,10.891,81.697,7.0515,7.0621
4,2025-06-18,28.666,8.299,255.0,7.311,62.279,398.964,10.687,89.109,7.0621,7.099
4,2025-06-19,,7.498,,,57.647,444.067,9.492,85.048,7.099,7.0903
4,2025-06-20,28.332,7.054,255.0,7.182,80.061,477.34,10.234,89.744,7.0903,7.074
4,2025-06-21,26.969,8.133,255.0,7.264,56.023,422.39,10.731,87.396,7.074,7.0699
4,2025-06-22,27.075,7.96,255.0,7.006,64.706,440.611,10.887,84.657,7.0699,7.0599
4,2025-06-23,26.799,7.158,255.0,7.34,65.726,434.139,10.694,87.179,7.0599,7.123
4,2025-06-24,26.496,6.814,255.0,7.321,61.6,436.039,10.176,87.763,7.123,7.1007
4,2025-06-25,26.084,7.111,255.0,6.78,67.205,354.026,10.607,87.799,7.1007,7.0938
4,2025-06-26,25.958,7.764,255.0,7.38,,340.069,9.954,88.413,7.0938,7.1059
4,2025-06-27,26.576,7.359,255.0,7.311,66.391,425.64,10.653,91.78,7.1059,7.0853
4,2025-06-28,26.923,8.24,255.0,7.43,71.888,261.604,11.272,88.753,7.0853,7.1192
4,2025-06-29,27.251,7.875,255.0,7.531,67.431,293.829,10.479,83.697,7.1192,7.1693
4,2025-06-30,25.995,7.107,255.0,7.241,62.351,356.399,9.999,89.285,7.1693,7.2084
4,2025-07-01,26.273,8.517,255.0,7.713,77.591,334.703,10.494,84.925,7.2084,7.2255
4,2025-07-02,28.383,8.43,255.0,,67.715,336.559,10.508,89.812,7.2255,7.2477
4,2025-07-03,28.016,7.915,255.0,7.651,63.431,373.276,10.677,86.461,7.2477,7.2731
4,2025-07-04,28.832,6.721,255.0,,70.813,327.564,9.783,84.708,7.2731,7.3003
4,2025-07-05,29.783,6.29,255.0,7.454,77.28,348.651,10.206,87.595,7.3003,7.3083
4,2025-07-06,25.428,6.591,255.0,7.831,81.73,405.904,10.164,81.507,7.3083,7.3524
4,2025-07-07,29.391,8.315,255.0,7.648,65.591,363.018,10.748,91.426,7.3524,7.3688
4,2025-07-08,27.747,7.61,255.0,7.827,70.979,336.298,11.041,83.121,7.3688,7.3326
4,2025-07-09,26.943,7.979,255.0,7.733,68.097,398.018,10.621,86.829,7.3326,7.3479
4,2025-07-10,26.749,8.972,255.0,7.701,75.888,374.576,11.837,83.322,7.3479,7.3602
4,2025-07-11,25.666,6.664,255.0,7.807,73.56,413.464,,87.624,7.3602,7.3505
4,2025-07-12,26.524,6.96,255.0,7.775,82.806,475.932,10.13,84.399,7.3505,7.3998
4,2025-07-13,26.732,7.004,255.0,7.852,80.037,354.266,10.405,89.38,7.3998,7.3936
4,2025-07-14,26.394,7.319,255.0,7.74,83.09,437.968,10.389,89.192,7.3936,7.3928
4,2025-07-15,25.653,6.82,255.0,7.601,71.611,447.313,10.285,87.18,7.3928,7.4178
4,2025-07-16,26.895,6.792,255.0,7.465,82.786,521.288,9.534,89.475,7.4178,7.3808
4,2025-07-17,25.564,7.478,255.0,7.595,79.24,442.471,10.217,86.821,7.3808,7.3895
4,2025-07-18,26.035,6.175,255.0,7.291,92.405,462.897,9.604,87.467,7.3895,7.3928
4,2025-07-19,25.073,6.322,255.0,7.51,68.492,515.65,9.766,89.389,7.3928,7.4197
4,2025-07-20,24.321,7.238,255.0,7.347,75.677,474.497,9.951,91.357,7.4197,7.4139
4,2025-07-21,23.865,7.03,255.0,7.461,85.503,482.177,,82.39,7.4139,7.4386
4,2025-07-22,23.632,7.773,255.0,7.416,92.676,520.111,10.971,84.831,7.4386,7.4828
4,2025-07-23,24.178,7.266,255.0,7.126,96.036,450.398,9.372,,7.4828,7.4645
4,2025-07-24,26.428,6.583,255.0,7.07,82.072,443.298,10.351,85.135,7.4645,7.4467
4,2025-07-25,26.482,7.173,255.0,7.254,79.006,450.376,9.885,85.721,7.4467,7.4484
4,2025-07-26,21.814,5.975,255.0,7.403,78.334,458.619,10.215,85.867,7.4484,7.4353
4,2025-07-27,24.619,6.489,255.0,7.151,84.779,481.74,9.846,86.271,7.4353,7.4598
4,2025-07-28,23.783,6.278,255.0,7.341,78.692,440.961,9.877,88.612,7.4598,7.4979
4,2025-07-29,25.587,7.079,255.0,7.372,76.713,461.069,,90.424,7.4979,7.5289
4,2025-07-30,26.45,6.302,255.0,7.069,73.861,413.584,8.941,90.795,7.5289,7.5408
4,2025-07-31,23.236,7.086,255.0,6.934,66.076,422.423,9.874,85.583,7.5408,7.5634
4,2025-08-01,23.995,5.931,255.0,7.065,76.441,455.833,9.187,86.481,7.5634,7.6172
4,2025-08-02,23.955,6.081,255.0,7.121,67.251,367.211,9.846,91.249,7.6172,7.6585
4,2025-08-03,24.479,6.813,255.0,7.337,72.212,372.919,10.389,87.347,7.6585,7.6602
4,2025-08-04,25.981,5.569,255.0,6.873,58.738,371.56,8.818,85.261,7.6602,7.6994
4,2025-08-05,24.152,5.618,255.0,7.112,79.119,360.574,9.511,90.593,7.6994,7.7137
4,2025-08-06,24.533,6.812,255.0,6.84,61.717,406.957,10.651,87.983,7.7137,7.6858
4,2025-08-07,24.358,6.347,255.0,6.885,63.207,412.238,10.037,87.51,7.6858,7.6473
4,2025-08-08,23.68,5.266,255.0,7.153,66.559,311.593,9.436,91.099,7.6473,7.669
4,2025-08-09,24.555,6.934,255.0,7.418,48.868,393.837,9.875,86.526,7.669,7.682
4,2025-08-10,23.396,6.193,255.0,7.309,63.613,353.555,9.641,89.433,7.682,7.7103
4,2025-08-11,24.675,7.025,255.0,7.414,,382.838,10.122,85.595,7.7103,7.71
4,2025-08-12,24.468,5.854,255.0,7.518,51.084,284.766,9.574,85.575,7.71,7.697
4,2025-08-13,22.885,6.328,255.0,7.24,56.615,345.109,10.304,91.235,7.697,7.705
4,2025-08-14,23.142,6.634,255.0,7.47,69.4,284.143,9.88,88.576,7.705,7.6846
4,2025-08-15,21.707,6.839,255.0,7.312,47.72,386.668,10.284,87.364,7.6846,7.6832
4,2025-08-16,23.914,5.122,255.0,7.215,55.651,363.508,9.081,89.151,7.6832,7.6927
4,2025-08-17,22.974,6.42,255.0,7.544,51.188,337.335,9.281,87.219,7.6927,7.6587
4,2025-08-18,22.234,5.596,255.0,7.393,56.216,343.876,9.791,87.394,7.6587,7.6494
4,2025-08-19,21.543,7.498,255.0,7.333,70.084,451.442,10.719,86.859,7.6494,7.6441
4,2025-08-20,21.076,5.894,255.0,7.557,55.107,443.229,9.304,87.435,7.6441,7.6461
4,2025-08-21,20.511,5.319,255.0,7.67,69.908,430.778,9.623,86.964,7.6461,7.6669
4,2025-08-22,21.042,6.709,255.0,7.937,57.518,401.91,9.774,83.157,7.6669,7.7002
4,2025-08-23,20.551,7.033,255.0,7.655,79.217,412.805,10.1,85.042,7.7002,7.7351
4,2025-08-24,22.114,6.806,255.0,7.508,70.112,412.464,9.461,88.226,7.7351,7.7391
4,2025-08-25,22.447,6.678,255.0,8.014,58.39,507.934,10.852,85.812,7.7391,7.7063
4,2025-08-26,21.397,7.458,255.0,7.751,63.665,,9.761,89.356,7.7063,7.7607
4,2025-08-27,22.649,6.611,255.0,7.696,61.664,,9.359,89.583,7.7607,7.7873
4,2025-08-28,22.341,5.808,255.0,7.514,72.763,466.97,10.019,85.837,7.7873,7.8312
4,2025-08-29,22.675,6.545,255.0,7.806,85.306,491.04,10.26,87.019,7.8312,7.8045
4,2025-08-30,23.868,5.273,255.0,7.81,76.299,511.896,9.141,85.161,7.8045,7.8011
4,2025-08-31,21.558,7.319,255.0,7.501,67.781,471.319,10.857,82.209,7.8011,7.7805
4,2025-09-01,23.223,5.473,255.0,7.964,76.923,453.313,9.327,87.065,7.7805,7.7938
4,2025-09-02,23.096,4.967,255.0,7.503,81.559,451.275,9.538,87.747,7.7938,7.8272
4,2025-09-03,21.461,,255.0,7.742,91.314,549.762,9.472,88.334,7.8272,7.8611
4,2025-09-04,23.57,6.55,255.0,7.556,83.267,431.169,9.799,86.28,7.8611,7.8247
4,2025-09-05,22.843,5.703,255.0,7.443,84.509,462.144,9.451,85.479,7.8247,7.8257
4,2025-09-06,22.791,5.743,255.0,7.244,77.8,426.999,9.455,89.202,7.8257,7.8671
4,2025-09-07,24.345,7.23,255.0,7.428,86.088,419.847,10.625,86.2,7.8671,7.9124
4,2025-09-08,21.743,6.156,255.0,7.122,90.81,470.67,10.008,90.428,7.9124,7.97
4,2025-09-09,23.554,5.206,255.0,7.248,82.351,406.856,8.597,88.561,7.97,7.9091
4,2025-09-10,22.242,5.296,255.0,7.039,62.043,374.857,9.305,85.592,7.9091,7.9447
4,2025-09-11,22.852,6.532,255.0,7.357,76.826,409.153,10.387,86.677,7.9447,7.9607
4,2025-09-12,20.583,5.041,255.0,7.004,87.148,390.993,9.733,84.76,7.9607,7.9742
4,2025-09-13,20.985,5.37,255.0,6.763,85.911,427.48,8.954,89.197,7.9742,7.9304
4,2025-09-14,20.611,5.114,255.0,7.019,86.537,429.349,8.657,85.88,7.9304,7.8991
4,2025-09-15,21.334,5.775,,6.734,83.302,314.667,9.604,89.775,7.8991,7.9038
4,2025-09-16,20.467,5.813,255.0,7.153,85.853,346.91,,84.039,7.9038,7.9221
4,2025-09-17,21.627,5.823,255.0,7.316,85.451,337.218,9.072,91.255,7.9221,7.9682
4,2025-09-18,22.781,4.849,255.0,6.824,61.014,374.107,9.478,87.051,7.9682,7.9665
4,2025-09-19,20.675,6.291,255.0,7.116,84.746,335.881,10.363,88.849,7.9665,8.0018
4,2025-09-20,21.644,6.063,255.0,7.136,90.648,283.04,10.287,86.144,8.0018,8.0057
4,2025-09-21,19.158,5.383,255.0,7.294,76.413,320.152,9.14,89.149,8.0057,7.9523
4,2025-09-22,23.237,5.868,255.0,7.244,73.6,345.156,9.727,84.954,7.9523,7.9839
4,2025-09-23,18.971,6.029,255.0,7.108,68.637,419.265,9.284,84.379,7.9839,7.9648
4,2025-09-24,20.663,5.825,255.0,7.257,73.16,332.112,9.911,87.243,7.9648,8.0024
4,2025-09-25,20.71,6.477,255.0,7.478,81.679,388.631,9.914,87.48,8.0024,7.9491
4,2025-09-26,21.758,5.88,255.0,7.452,70.477,396.584,9.026,84.796,7.9491,7.947
4,2025-09-27,20.496,5.074,255.0,7.412,66.956,332.935,10.428,87.662,7.947,7.9307
4,2025-09-28,21.338,5.581,255.0,7.634,68.045,458.466,9.317,88.444,7.9307,7.9617
4,2025-09-29,23.068,5.512,255.0,7.448,49.955,397.519,9.971,90.008,7.9617,8.0058
4,2025-09-30,21.607,5.2,,7.412,58.225,437.147,9.47,89.311,8.0058,8.0053
4,2025-10-01,20.027,5.964,255.0,7.56,57.227,422.553,9.568,91.883,8.0053,8.014
4,2025-10-02,21.301,5.31,255.0,7.635,62.392,436.459,9.539,86.141,8.014,8.0072
4,2025-10-03,22.443,5.953,255.0,7.666,67.428,457.559,9.89,86.541,8.0072,7.9733
4,2025-10-04,20.975,6.935,255.0,7.262,70.44,426.633,10.655,82.034,7.9733,8.0106
4,2025-10-05,23.415,5.467,255.0,7.34,52.12,511.765,9.303,87.576,8.0106,7.9801
4,2025-10-06,23.115,5.411,255.0,7.767,56.764,414.558,9.243,88.794,7.9801,7.9823
4,2025-10-07,23.562,5.565,255.0,7.743,57.031,508.104,9.635,85.857,7.9823,8.0122
4,2025-10-08,21.827,5.761,255.0,8.168,65.73,534.426,9.35,89.11,8.0122,8.0219
4,2025-10-09,24.455,5.519,255.0,7.753,53.682,510.87,9.231,89.815,8.0219,8.0385
4,2025-10-10,21.617,6.229,255.0,7.746,56.298,466.265,9.421,89.281,8.0385,8.0328
4,2025-10-11,22.403,6.852,255.0,7.738,58.545,487.673,9.15,84.227,8.0328,8.0166
4,2025-10-12,20.234,6.328,255.0,7.771,61.575,450.431,9.884,88.385,8.0166,8.0282
4,2025-10-13,20.807,5.802,255.0,7.909,69.717,516.218,9.739,86.947,8.0282,7.9837
4,2025-10-14,20.027,5.622,255.0,7.656,71.619,509.33,9.221,89.345,7.9837,8.0013
4,2025-10-15,21.96,6.616,255.0,7.554,69.609,390.011,10.561,87.478,8.0013,7.9519
4,2025-10-16,20.571,6.703,255.0,7.529,68.402,447.894,10.494,88.024,7.9519,7.9543
4,2025-10-17,22.398,6.11,255.0,7.543,80.209,477.48,10.117,88.367,7.9543,7.976
4,2025-10-18,18.492,,255.0,7.491,62.03,419.626,9.021,83.04,7.976,7.9877
4,2025-10-19,18.186,5.375,255.0,7.631,64.763,459.196,9.891,83.898,7.9877,7.9766
4,2025-10-20,19.187,4.77,255.0,7.279,63.499,414.55,9.616,88.803,7.9766,7.9702
4,2025-10-21,21.209,5.694,255.0,7.296,82.581,312.218,8.719,88.566,7.9702,7.9349
4,2025-10-22,19.635,5.161,255.0,7.488,79.138,440.716,8.607,84.173,7.9349,7.9675
4,2025-10-23,21.242,5.875,255.0,7.322,71.622,334.295,9.875,87.191,7.9675,7.9827
4,2025-10-24,20.581,5.99,255.0,7.213,79.627,372.343,9.298,88.246,7.9827,7.9961
4,2025-10-25,22.265,5.411,255.0,7.315,62.663,352.656,9.311,91.294,7.9961,8.0123
4,2025-10-26,19.722,5.608,255.0,7.005,93.379,327.045,9.557,87.356,8.0123,7.9994
4,2025-10-27,22.167,5.927,255.0,6.71,73.343,381.107,9.932,89.628,7.9994,8.0318
4,2025-10-28,22.008,6.995,255.0,7.097,64.172,371.688,9.948,86.335,8.0318,8.0734
4,2025-10-29,21.822,6.997,255.0,6.998,73.117,386.41,10.116,86.932,8.0734,8.0628
4,2025-10-30,23.054,4.999,255.0,6.963,77.676,342.531,9.915,86.316,8.0628,8.1324
4,2025-10-31,22.455,5.79,255.0,6.988,79.577,344.626,10.02,88.101,8.1324,8.1595
4,2025-11-01,23.329,6.202,255.0,7.25,74.508,432.717,9.56,86.712,8.1595,8.1326
4,2025-11-02,24.29,7.543,255.0,6.953,,357.954,10.845,92.631,8.1326,8.1293
4,2025-11-03,23.996,6.41,255.0,7.064,75.747,328.731,10.401,90.402,8.1293,8.138
4,2025-11-04,24.767,4.794,255.0,7.005,97.89,374.916,8.649,87.485,8.138,8.0764
4,2025-11-05,23.798,5.743,255.0,6.814,84.531,368.538,9.574,85.949,8.0764,8.041
4,2025-11-06,22.932,6.623,255.0,7.182,83.51,346.701,9.812,89.298,8.041,8.0312
4,2025-11-07,20.964,5.567,255.0,7.088,77.525,379.072,9.873,87.134,8.0312,7.994
4,2025-11-08,23.179,4.7,255.0,7.138,76.281,449.223,9.299,89.92,7.994,7.9702
4,2025-11-09,22.304,6.262,255.0,7.583,86.062,402.247,9.733,87.421,7.9702,8.0032
4,2025-11-10,23.456,6.172,255.0,7.357,86.064,411.754,9.398,90.368,8.0032,8.0303
4,2025-11-11,24.664,6.479,255.0,7.416,104.296,443.914,9.425,87.168,8.0303,8.0039
4,2025-11-12,22.077,6.91,255.0,7.351,80.285,484.033,9.787,84.063,8.0039,8.0207
4,2025-11-13,22.901,5.671,255.0,7.24,78.206,494.441,9.176,85.903,8.0207,8.0138
4,2025-11-14,22.805,7.657,255.0,7.536,78.662,493.347,10.759,86.156,8.0138,8.017
4,2025-11-15,22.551,6.583,255.0,7.605,88.562,448.97,10.315,87.88,8.017,8.0146
4,2025-11-16,21.844,6.731,255.0,7.65,70.911,521.719,10.359,87.18,8.0146,8.0257
4,2025-11-17,22.774,5.125,255.0,7.693,79.93,395.7,9.395,89.053,8.0257,8.0475
4,2025-11-18,21.752,5.535,255.0,7.336,81.673,504.381,10.017,85.885,8.0475,8.0117
4,2025-11-19,21.228,6.374,255.0,7.81,84.419,471.392,9.479,84.767,8.0117,8.0683
4,2025-11-20,22.924,7.088,255.0,7.672,71.284,502.57,9.962,,8.0683,8.0603
4,2025-11-21,22.34,5.757,255.0,7.784,71.927,468.447,9.218,87.401,8.0603,8.063
4,2025-11-22,23.564,5.479,255.0,8.136,68.093,484.167,9.127,89.398,8.063,8.0543
4,2025-11-23,22.111,6.192,255.0,7.825,68.521,461.917,9.466,85.135,8.0543,8.0671
4,2025-11-24,23.61,6.963,255.0,7.748,68.767,449.664,9.349,86.702,8.0671,8.0442
4,2025-11-25,22.674,6.524,255.0,7.536,59.955,500.861,9.215,87.138,8.0442,8.0275
4,2025-11-26,23.358,5.763,255.0,7.828,73.33,466.366,10.055,83.641,8.0275,8.0416
4,2025-11-27,24.754,7.707,255.0,7.896,69.194,518.642,10.512,86.288,8.0416,8.0235
4,2025-11-28,24.279,5.297,255.0,7.58,61.276,448.858,9.884,85.154,8.0235,8.0302
4,2025-11-29,24.769,5.399,255.0,7.532,68.727,410.579,9.478,88.234,8.0302,8.0314
4,2025-11-30,26.235,7.319,255.0,7.583,71.756,349.716,9.856,92.276,8.0314,8.0304
4,2025-12-01,25.039,6.02,255.0,7.614,61.771,384.027,9.187,88.188,8.0304,8.0092
4,2025-12-02,26.59,8.13,255.0,7.869,64.67,364.24,10.627,88.127,8.0092,8.0471
4,2025-12-03,23.473,6.431,255.0,7.617,54.088,356.232,,91.269,8.0471,8.015
4,2025-12-04,24.698,5.589,255.0,7.16,53.237,400.028,9.375,87.548,8.015,8.0329
4,2025-12-05,27.604,6.072,255.0,7.686,62.794,350.973,9.912,88.45,8.0329,8.0506
4,2025-12-06,26.302,6.426,255.0,7.478,53.895,349.193,11.189,81.548,8.0506,8.0613
4,2025-12-07,25.517,6.606,255.0,7.297,59.328,349.734,9.753,92.796,8.0613,8.0793
4,2025-12-08,25.015,7.431,255.0,7.368,64.669,304.269,10.005,,8.0793,8.0993
4,2025-12-09,24.64,7.512,255.0,7.071,55.767,315.274,10.131,88.318,8.0993,8.074
4,2025-12-10,25.427,6.034,255.0,7.273,69.196,341.066,9.838,92.074,8.074,8.0542
4,2025-12-11,25.883,6.071,255.0,7.086,60.226,320.715,9.619,89.622,8.0542,8.0798
4,2025-12-12,25.48,6.712,255.0,6.672,68.102,270.471,9.155,86.211,8.0798,8.0692
4,2025-12-13,26.519,7.245,255.0,7.031,76.427,411.467,10.491,85.352,8.0692,8.0377
4,2025-12-14,24.792,6.216,255.0,7.001,69.81,295.011,9.229,85.919,8.0377,8.027
4,2025-12-15,24.437,6.486,255.0,6.791,65.558,365.854,9.779,87.076,8.027,8.045
4,2025-12-16,23.979,5.907,255.0,7.279,73.349,349.68,9.783,90.332,8.045,8.054
4,2025-12-17,25.616,6.194,255.0,7.049,69.674,405.523,10.512,87.921,8.054,8.0258
4,2025-12-18,26.192,7.43,255.0,7.148,70.981,413.754,9.899,88.46,8.0258,8.0222
4,2025-12-19,23.943,4.82,255.0,7.023,68.445,408.0,9.17,91.62,8.0222,8.032
4,2025-12-20,25.174,7.741,255.0,7.192,78.023,451.109,9.391,92.763,8.032,8.0434
4,2025-12-21,23.41,8.008,255.0,7.015,81.049,391.767,11.606,83.564,8.0434,7.9927
4,2025-12-22,24.977,6.894,255.0,7.38,75.526,486.317,9.641,87.168,7.9927,8.0112
4,2025-12-23,25.628,7.728,255.0,7.263,84.24,423.938,10.652,91.702,8.0112,8.0312
4,2025-12-24,26.216,8.276,255.0,7.388,81.321,478.197,10.393,86.956,8.0312,8.0789
4,2025-12-25,26.301,6.642,255.0,7.352,89.63,504.365,9.572,80.029,8.0789,8.0652
4,2025-12-26,26.806,7.98,255.0,7.552,94.499,517.895,11.378,91.139,8.0652,8.0788
4,2025-12-27,25.238,9.083,255.0,7.411,91.525,458.776,11.521,81.784,8.0788,8.0864
4,2025-12-28,27.334,8.127,255.0,7.252,88.038,522.707,11.713,89.48,8.0864,8.0672
4,2025-12-29,29.033,7.923,255.0,7.493,72.426,447.203,10.85,88.687,8.0672,8.0926
4,2025-12-30,25.948,8.386,255.0,7.58,80.714,512.751,10.933,90.927,8.0926,8.1078
4,2025-12-31,27.512,7.653,255.0,7.891,80.475,497.399,10.048,81.935,8.1078,8.1246
4,2026-01-01,27.929,6.453,255.0,7.68,85.739,438.645,9.295,86.863,8.1246,8.143
4,2026-01-02,27.355,7.627,255.0,7.82,75.392,465.523,11.035,84.038,8.143,8.1912
4,2026-01-03,28.161,7.322,255.0,7.876,81.872,373.2,10.25,88.314,8.1912,8.1755
4,2026-01-04,28.208,8.277,255.0,7.704,71.903,490.002,10.628,90.175,8.1755,8.1832
4,2026-01-05,29.029,7.563,255.0,7.52,65.187,490.221,10.515,90.67,8.1832,8.2075
4,2026-01-06,28.191,7.998,255.0,8.003,81.637,493.026,9.924,82.892,8.2075,8.1935
4,2026-01-07,30.502,8.622,255.0,8.036,86.291,383.365,10.133,90.519,8.1935,8.2377
4,2026-01-08,29.036,7.663,255.0,7.828,82.295,397.552,11.09,90.678,8.2377,8.2303
4,2026-01-09,29.549,6.331,255.0,7.82,83.061,364.792,10.287,87.132,8.2303,8.2598
4,2026-01-10,27.013,8.386,255.0,7.368,78.653,,10.531,88.886,8.2598,8.2956
4,2026-01-11,28.502,8.125,255.0,7.756,72.057,362.972,10.768,86.911,8.2956,8.305
4,2026-01-12,28.162,6.857,255.0,,69.959,328.144,10.826,88.937,8.305,8.3212
4,2026-01-13,27.547,7.673,255.0,7.783,80.593,354.469,11.386,86.803,8.3212,8.2853
4,2026-01-14,25.827,7.61,255.0,7.564,76.074,349.381,10.804,87.752,8.2853,8.2775
4,2026-01-15,28.844,6.858,255.0,7.619,68.663,372.739,10.077,87.603,8.2775,8.3188
4,2026-01-16,27.368,9.338,255.0,7.569,68.753,336.878,11.456,86.206,8.3188,8.3273
4,2026-01-17,27.68,8.235,255.0,7.545,67.975,395.139,10.896,94.244,8.3273,8.3607
4,2026-01-18,26.667,9.0,255.0,7.298,69.274,330.951,11.253,87.189,8.3607,8.3609
4,2026-01-19,29.025,8.376,255.0,7.144,72.599,310.701,11.104,88.891,8.3609,8.4127
4,2026-01-20,26.797,8.506,255.0,7.554,59.368,319.178,10.698,88.499,8.4127,8.4326
4,2026-01-21,26.409,9.013,255.0,7.373,76.31,373.655,10.919,85.907,8.4326,8.4407
4,2026-01-22,29.24,7.487,255.0,7.599,71.007,349.565,11.178,85.646,8.4407,8.4156
4,2026-01-23,30.175,7.012,255.0,6.935,56.935,410.722,10.585,87.403,8.4156,8.4153
4,2026-01-24,29.055,9.35,255.0,7.112,55.446,389.778,11.541,87.727,8.4153,8.4158
4,2026-01-25,29.086,8.485,255.0,7.176,71.682,396.027,10.681,88.884,8.4158,8.4425
4,2026-01-26,30.013,7.202,255.0,6.648,69.046,408.893,10.231,88.322,8.4425,8.4791
4,2026-01-27,30.592,7.658,255.0,6.939,43.3,426.552,10.945,90.068,8.4791,8.4774
4,2026-01-28,29.389,7.729,255.0,7.031,53.201,476.822,9.892,86.801,8.4774,8.489
4,2026-01-29,30.252,8.085,255.0,6.884,60.26,407.16,10.576,91.897,8.489,8.5052
4,2026-01-30,30.06,7.813,255.0,7.046,78.121,426.609,10.678,85.23,8.5052,8.4908
4,2026-01-31,33.136,8.806,255.0,7.351,58.658,363.976,10.464,88.75,8.4908,8.4931
4,2026-02-01,30.409,9.073,255.0,6.977,63.889,462.2,10.917,84.963,8.4931,8.5443
4,2026-02-02,32.185,9.156,255.0,6.944,52.445,501.522,11.528,87.397,8.5443,8.5101
4,2026-02-03,32.02,9.299,255.0,6.988,58.07,513.054,10.896,91.585,8.5101,8.5037
4,2026-02-04,31.225,8.224,255.0,7.343,70.619,512.706,10.784,86.659,8.5037,8.5006
4,2026-02-05,32.623,9.222,255.0,7.159,59.043,531.965,11.211,87.101,8.5006,8.4916
4,2026-02-06,30.767,8.384,255.0,6.978,68.933,453.092,10.516,85.395,8.4916,8.4747
4,2026-02-07,31.224,8.462,255.0,7.266,84.462,474.35,11.08,89.459,8.4747,8.4897
4,2026-02-08,30.855,8.737,255.0,7.198,65.841,478.688,10.044,91.291,8.4897,8.5007
4,2026-02-09,31.336,9.376,255.0,7.113,77.149,459.795,12.25,86.912,8.5007,8.5023
4,2026-02-10,32.692,8.285,255.0,7.61,76.406,483.903,10.831,85.814,8.5023,8.5341
4,2026-02-11,,9.486,255.0,7.512,81.789,,10.16,89.281,8.5341,8.5771
4,2026-02-12,30.742,9.113,255.0,7.447,68.349,440.408,10.291,86.356,8.5771,8.5493
4,2026-02-13,30.121,9.088,255.0,7.537,72.559,413.526,10.947,85.635,8.5493,8.5204
4,2026-02-14,30.588,8.34,255.0,7.653,83.523,448.383,11.113,82.3,8.5204,8.5567
4,2026-02-15,30.317,10.053,255.0,7.932,80.601,417.647,11.093,85.784,8.5567,8.5489
4,2026-02-16,28.855,9.062,255.0,7.965,86.144,404.336,11.534,87.823,8.5489,8.5539
4,2026-02-17,29.587,9.258,255.0,7.715,75.52,377.447,11.304,88.456,8.5539,8.5345
4,2026-02-18,31.102,9.551,255.0,7.357,90.892,386.47,11.383,90.675,8.5345,8.5688
4,2026-02-19,30.208,7.882,255.0,7.368,88.433,430.302,10.18,87.202,8.5688,8.5639
4,2026-02-20,31.206,9.018,255.0,7.703,101.526,323.33,11.305,84.735,8.5639,8.5742
4,2026-02-21,31.185,8.702,255.0,7.684,81.465,326.838,11.2,88.097,8.5742,8.5783
4,2026-02-22,30.393,9.727,255.0,7.932,93.668,369.896,11.986,85.93,8.5783,8.6152
4,2026-02-23,31.706,8.72,255.0,7.551,82.53,326.412,11.7,89.517,8.6152,8.5948
4,2026-02-24,30.38,8.551,255.0,7.695,91.796,311.55,11.878,85.04,8.5948,8.6441
4,2026-02-25,32.785,8.833,255.0,7.772,86.721,346.749,10.391,80.982,8.6441,8.6929
4,2026-02-26,33.623,8.795,255.0,7.503,85.548,355.59,11.228,81.328,8.6929,8.7242
4,2026-02-27,31.862,8.493,255.0,7.821,86.643,343.431,11.028,86.845,8.7242,8.7469
4,2026-02-28,32.672,9.217,255.0,7.856,71.424,313.978,11.159,85.214,8.7469,8.7817
4,2026-03-01,32.417,7.749,255.0,7.488,82.302,346.668,10.737,88.895,8.7817,8.7562
4,2026-03-02,32.321,8.61,255.0,7.468,85.895,364.391,11.245,86.787,8.7562,8.7783
4,2026-03-03,33.025,9.484,255.0,7.351,65.339,335.453,11.604,87.962,8.7783,8.7602
4,2026-03-04,31.055,10.074,255.0,7.387,76.031,340.933,12.098,90.088,8.7602,8.7968
4,2026-03-05,32.911,8.664,255.0,7.323,72.401,327.084,11.248,87.162,8.7968,8.8071
4,2026-03-06,33.596,7.673,255.0,7.171,80.639,338.474,10.621,83.944,8.8071,8.8492
4,2026-03-07,33.762,,255.0,7.433,88.118,491.429,10.735,84.357,8.8492,8.8928
4,2026-03-08,32.693,9.863,255.0,7.085,76.634,317.244,11.011,87.276,8.8928,8.863
4,2026-03-09,32.233,9.376,255.0,7.179,73.092,440.982,11.065,90.873,8.863,8.9164
4,2026-03-10,33.666,8.909,255.0,7.105,72.743,447.169,11.501,83.947,8.9164,8.8657
4,2026-03-11,32.174,10.187,255.0,6.869,58.74,444.396,12.209,87.733,8.8657,8.8258
4,2026-03-12,32.234,8.355,255.0,7.121,69.973,429.323,11.577,,8.8258,8.8526
4,2026-03-13,31.77,9.056,255.0,7.022,72.079,432.6,11.851,85.342,8.8526,8.8508
4,2026-03-14,31.262,10.723,255.0,6.981,63.949,439.9,11.844,86.895,8.8508,8.8445
4,2026-03-15,32.135,9.931,255.0,7.056,65.344,456.982,11.243,84.958,8.8445,8.8309
4,2026-03-16,32.272,8.924,255.0,6.988,61.313,518.187,10.598,87.823,8.8309,8.8357
4,2026-03-17,31.491,9.27,255.0,7.198,62.714,539.089,11.192,83.273,8.8357,8.8517
4,2026-03-18,31.203,9.057,255.0,6.686,48.456,537.437,10.812,89.034,8.8517,8.827
4,2026-03-19,31.821,9.174,255.0,7.182,61.282,472.526,10.822,84.508,8.827,8.8709
4,2026-03-20,30.125,8.481,255.0,7.047,63.194,471.732,11.041,87.178,8.8709,8.9368
4,2026-03-21,30.712,10.408,,7.4,63.918,407.306,11.698,86.631,8.9368,8.9186
4,2026-03-22,32.114,9.956,255.0,7.386,57.444,432.672,11.638,92.241,8.9186,8.9354
4,2026-03-23,31.288,8.92,255.0,7.333,59.262,477.435,11.242,88.65,8.9354,8.9207
4,2026-03-24,30.811,9.247,255.0,7.254,56.389,463.994,11.57,90.622,8.9207,8.8946
4,2026-03-25,30.794,9.079,255.0,7.318,58.574,427.342,10.949,88.977,8.8946,8.9599
4,2026-03-26,32.229,10.022,255.0,7.247,64.614,440.41,11.895,87.101,8.9599,8.9277
4,2026-03-27,33.418,9.373,255.0,7.217,74.757,491.171,10.284,87.949,8.9277,8.9426
4,2026-03-28,34.243,10.208,255.0,7.496,77.674,448.41,11.435,86.258,8.9426,8.9259
4,2026-03-29,32.564,9.127,255.0,7.56,61.155,,11.63,86.563,8.9259,8.9372
4,2026-03-30,34.464,9.739,255.0,7.779,67.4,402.015,11.874,93.339,8.9372,8.9589
4,2026-03-31,33.382,9.653,255.0,7.593,49.315,376.325,11.794,85.578,8.9589,8.9658
4,2026-04-01,33.346,9.934,255.0,7.748,68.472,409.092,11.562,83.102,8.9658,8.9239
4,2026-04-02,34.299,9.927,255.0,7.83,70.146,398.514,10.758,86.769,8.9239,8.9168
4,2026-04-03,35.309,10.065,255.0,7.809,66.714,322.08,11.613,89.821,8.9168,8.878
4,2026-04-04,33.796,7.96,255.0,7.859,64.45,307.573,10.95,88.398,8.878,8.9341
4,2026-04-05,34.27,8.847,255.0,7.826,68.649,389.714,11.107,87.994,8.9341,8.9373
4,2026-04-06,33.472,8.579,255.0,7.705,75.07,341.812,10.225,86.604,8.9373,8.9447
4,2026-04-07,33.459,9.006,255.0,7.669,73.858,373.93,11.178,90.91,8.9447,8.9853
4,2026-04-08,34.547,10.385,255.0,7.541,79.269,382.847,12.303,85.624,8.9853,8.9895
4,2026-04-09,34.798,8.317,255.0,7.601,63.376,346.966,11.761,87.323,8.9895,9.0045
4,2026-04-10,32.584,9.54,255.0,7.795,71.393,341.988,11.627,89.473,9.0045,9.0165
4,2026-04-11,32.794,9.805,255.0,7.596,74.053,345.88,10.838,88.521,9.0165,9.003
4,2026-04-12,32.608,8.834,255.0,7.493,94.0,321.61,10.4,88.231,9.003,9.0247
4,2026-04-13,33.919,8.725,255.0,7.539,91.881,397.31,11.286,86.098,9.0247,9.0481
4,2026-04-14,31.872,8.854,255.0,7.625,93.054,335.026,10.624,85.909,9.0481,9.0539
4,2026-04-15,32.435,9.58,255.0,7.575,84.225,404.933,10.554,90.23,9.0539,9.0494
4,2026-04-16,31.648,9.197,255.0,7.607,83.916,383.407,11.827,89.287,9.0494,9.0742
4,2026-04-17,30.477,10.765,255.0,7.277,84.211,394.354,11.698,86.569,9.0742,9.1147
4,2026-04-18,29.901,9.923,255.0,7.541,81.099,434.005,11.394,84.936,9.1147,9.1438
4,2026-04-19,31.683,9.395,255.0,7.305,82.625,414.821,10.442,87.872,9.1438,9.1531
4,2026-04-20,32.873,8.513,255.0,7.208,,445.2,9.976,89.015,9.1531,9.1045
4,2026-04-21,31.06,8.641,255.0,7.199,74.508,461.031,11.681,88.208,9.1045,9.1189
4,2026-04-22,31.099,8.426,255.0,7.299,,431.966,10.052,82.697,9.1189,9.1233
4,2026-04-23,30.931,8.708,255.0,7.296,86.415,470.13,11.286,86.085,9.1233,9.12
4,2026-04-24,31.04,7.739,255.0,7.059,90.338,497.647,10.719,87.623,9.12,9.1002
4,2026-04-25,30.869,9.951,255.0,7.129,77.197,493.939,11.281,85.333,9.1002,9.1166
4,2026-04-26,32.253,10.213,255.0,7.045,78.906,528.423,12.04,87.595,9.1166,9.1019
4,2026-04-27,31.204,9.165,255.0,6.984,91.32,424.774,10.601,87.767,9.1019,9.0427
4,2026-04-28,30.721,8.942,255.0,7.304,92.252,465.287,10.947,85.654,9.0427,9.092
4,2026-04-29,33.888,9.092,255.0,6.901,77.941,526.423,10.911,82.387,9.092,9.0866
4,2026-04-30,30.955,9.261,255.0,7.141,89.673,428.088,11.496,89.863,9.0866,9.0697
4,2026-05-01,31.814,9.152,255.0,7.072,71.446,514.959,10.938,82.56,9.0697,9.0868
4,2026-05-02,33.278,9.303,255.0,7.336,66.224,448.482,11.882,82.808,9.0868,9.121
4,2026-05-03,34.155,9.516,255.0,7.209,65.379,503.621,10.742,84.62,9.121,9.1111
4,2026-05-04,33.099,9.339,255.0,7.43,74.332,425.036,11.507,85.714,9.1111,9.1171
4,2026-05-05,33.191,7.775,255.0,6.735,59.425,498.009,9.982,88.478,9.1171,9.1119
4,2026-05-06,32.592,10.155,255.0,7.28,71.296,471.851,11.285,90.318,9.1119,9.1401
4,2026-05-07,32.282,8.681,255.0,7.058,61.661,383.525,11.072,86.685,9.1401,9.155
4,2026-05-08,31.137,8.207,255.0,7.216,60.657,373.822,11.456,83.742,9.155,9.1666
4,2026-05-09,32.91,9.559,255.0,7.415,76.564,355.9,11.231,85.694,9.1666,9.1543
4,2026-05-10,33.501,8.812,255.0,7.708,78.472,488.161,11.823,93.175,9.1543,9.1642
4,2026-05-11,31.616,8.914,255.0,7.427,68.184,357.232,10.391,88.752,9.1642,9.1552
4,2026-05-12,30.87,8.634,255.0,7.649,60.916,405.253,10.978,87.245,9.1552,9.1293
4,2026-05-13,31.051,9.469,255.0,7.675,51.913,303.691,11.02,90.875,9.1293,9.1142
4,2026-05-14,28.981,8.376,255.0,7.407,67.36,385.822,10.297,89.841,9.1142,9.094
4,2026-05-15,30.101,9.073,255.0,7.615,48.416,349.969,11.369,91.499,9.094,9.086
5,2025-01-01,27.291,7.568,223.955,7.509,52.617,493.568,10.072,87.425,2.5283,2.5261
5,2025-01-02,27.065,6.639,213.683,7.476,68.294,483.71,9.935,91.156,2.5261,2.5836
5,2025-01-03,28.393,5.549,222.324,7.483,54.016,445.172,10.16,86.902,2.5836,2.5713
5,2025-01-04,26.906,8.127,216.784,7.481,64.457,465.111,10.593,87.061,2.5713,2.6276
5,2025-01-05,29.885,7.482,198.893,7.515,,513.875,10.678,82.99,2.6276,2.6401
5,2025-01-06,28.742,7.631,225.031,7.718,62.932,503.442,10.782,87.6,2.6401,2.6364
5,2025-01-07,28.623,7.782,223.682,7.768,53.24,436.421,10.682,88.511,2.6364,2.6822
5,2025-01-08,28.794,8.189,227.12,7.654,67.449,463.481,10.665,88.424,2.6822,2.7426
5,2025-01-09,30.182,9.377,235.57,7.841,64.44,443.073,11.431,88.674,2.7426,2.7313
5,2025-01-10,30.504,9.073,229.315,7.835,73.118,405.824,11.086,88.887,2.7313,2.7788
5,2025-01-11,29.608,8.437,234.082,7.886,63.146,432.429,11.633,87.01,2.7788,2.7823
5,2025-01-12,28.897,7.39,223.313,7.998,83.165,389.01,10.852,91.023,2.7823,2.8099
5,2025-01-13,29.567,7.279,223.796,7.768,88.05,364.595,10.66,88.6,2.8099,2.8486
5,2025-01-14,30.461,8.287,229.39,7.867,85.613,,10.258,91.506,2.8486,2.8992
5,2025-01-15,27.8,8.202,209.369,7.527,76.177,340.946,10.296,87.007,2.8992,2.9095
5,2025-01-16,29.187,8.203,226.361,7.51,80.842,325.254,11.016,87.478,2.9095,2.9452
5,2025-01-17,30.806,7.458,234.816,7.717,83.687,316.006,9.639,85.843,2.9452,2.9591
5,2025-01-18,27.867,8.657,237.525,7.498,78.726,291.889,11.04,88.393,2.9591,2.9682
5,2025-01-19,27.78,7.154,217.195,7.561,90.753,330.435,9.605,86.003,2.9682,2.9728
5,2025-01-20,28.546,7.066,234.873,7.621,81.485,321.528,10.282,85.242,2.9728,2.9878
5,2025-01-21,27.431,7.754,228.472,7.644,85.919,250.0,10.604,83.183,2.9878,3.0132
5,2025-01-22,27.452,8.487,228.272,7.602,77.365,313.885,10.803,83.76,3.0132,3.083
5,2025-01-23,26.334,7.927,236.853,7.318,97.347,326.977,10.351,85.225,3.083,3.1273
5,2025-01-24,27.042,8.886,250.628,7.424,89.657,339.473,11.108,87.395,3.1273,3.1798
5,2025-01-25,28.076,7.902,238.739,7.234,85.589,386.253,10.248,88.016,3.1798,3.232
5,2025-01-26,26.548,7.604,234.588,7.034,84.23,333.934,10.198,84.313,3.232,3.226
5,2025-01-27,29.246,8.614,241.657,7.263,81.805,303.146,10.67,85.812,3.226,3.2752
5,2025-01-28,29.085,9.191,255.0,7.092,79.414,420.663,11.211,86.796,3.2752,3.3282
5,2025-01-29,28.871,7.854,245.83,7.396,84.743,395.699,10.839,90.166,3.3282,3.4011
5,2025-01-30,29.835,8.75,247.211,6.993,95.431,362.539,11.077,83.87,3.4011,3.4139
5,2025-01-31,29.852,8.628,252.248,6.925,81.876,465.479,10.292,84.954,3.4139,3.4413
5,2025-02-01,30.198,9.131,232.985,6.933,77.639,405.026,10.952,90.441,3.4413,3.4343
5,2025-02-02,29.001,9.423,249.223,6.95,78.059,381.392,11.122,89.326,3.4343,3.4585
5,2025-02-03,29.099,8.239,249.633,7.078,72.366,470.525,11.106,86.066,3.4585,3.4904
5,2025-02-04,32.077,9.918,246.531,6.853,83.562,502.051,11.026,85.456,3.4904,3.5028
5,2025-02-05,30.8,8.381,235.306,7.206,63.692,,11.073,88.949,3.5028,3.5448
5,2025-02-06,32.663,8.511,255.0,6.886,81.81,530.616,10.431,87.033,3.5448,3.5605
5,2025-02-07,29.717,8.881,249.775,6.909,65.464,414.655,11.532,84.978,3.5605,3.5934
5,2025-02-08,31.702,8.803,248.594,7.178,73.97,451.733,10.579,87.228,3.5934,3.6311
5,2025-02-09,32.664,8.86,249.296,6.994,56.365,452.956,10.382,85.303,3.6311,3.6435
5,2025-02-10,33.392,8.982,248.223,7.519,75.274,517.678,10.88,84.938,3.6435,3.6649
5,2025-02-11,30.831,7.967,239.313,7.29,61.888,424.1,10.08,87.13,3.6649,3.6867
5,2025-02-12,31.945,,252.855,7.139,58.496,454.051,11.387,89.634,3.6867,3.7367
5,2025-02-13,32.927,8.376,243.221,7.571,64.555,504.737,11.088,82.602,3.7367,3.726
5,2025-02-14,29.246,9.352,252.637,7.724,63.403,492.328,11.877,87.901,3.726,3.7701
5,2025-02-15,31.385,9.371,244.678,7.483,67.116,452.74,10.5,89.993,3.7701,3.8237
5,2025-02-16,31.42,7.983,249.086,7.339,,442.753,10.043,89.79,3.8237,3.8096
5,2025-02-17,31.012,8.161,254.065,7.554,56.589,460.415,10.755,81.159,3.8096,3.8305
5,2025-02-18,31.756,9.1,255.0,7.678,56.565,397.507,11.084,86.485,3.8305,3.8488
5,2025-02-19,28.992,8.265,235.198,7.759,59.766,406.557,11.196,85.037,3.8488,3.8606
5,2025-02-20,30.374,8.69,245.673,7.344,67.592,409.022,11.086,88.877,3.8606,3.9062
5,2025-02-21,30.998,9.683,255.0,7.79,63.764,331.672,11.351,84.817,3.9062,3.9581
5,2025-02-22,29.148,8.872,238.937,,66.324,323.449,9.998,87.458,3.9581,3.9944
5,2025-02-23,30.749,9.789,255.0,7.603,61.149,395.199,10.876,89.841,3.9944,4.0157
5,2025-02-24,30.408,8.845,255.0,7.873,57.657,371.571,10.701,84.731,4.0157,4.0151
5,2025-02-25,31.225,9.375,255.0,7.607,61.989,329.052,10.497,86.038,4.0151,4.0534
5,2025-02-26,30.776,9.614,253.728,7.573,58.319,407.243,10.457,86.475,4.0534,4.0827
5,2025-02-27,30.432,9.418,255.0,7.794,52.424,324.288,11.238,89.066,4.0827,4.1222
5,2025-02-28,30.123,8.947,255.0,7.772,58.67,358.12,10.004,88.649,4.1222,4.1468
5,2025-03-01,32.89,8.147,255.0,7.774,68.733,346.093,9.94,90.557,4.1468,4.1468
5,2025-03-02,31.413,8.778,255.0,7.489,65.315,319.418,11.252,89.032,4.1468,4.166
5,2025-03-03,31.217,8.033,253.228,8.071,69.881,317.993,11.377,90.087,4.166,4.159
5,2025-03-04,32.173,8.328,255.0,7.626,71.405,297.738,10.879,90.39,4.159,4.1755
5,2025-03-05,31.9,9.673,255.0,7.394,69.368,351.851,11.859,86.415,4.1755,4.1703
5,2025-03-06,33.235,8.809,255.0,7.409,63.605,376.366,10.468,85.291,4.1703,4.1803
5,2025-03-07,33.943,8.868,255.0,7.52,71.41,414.023,11.578,90.49,4.1803,4.1694
5,2025-03-08,33.891,10.096,255.0,7.682,71.773,399.938,11.879,87.688,4.1694,4.1859
5,2025-03-09,32.433,8.665,255.0,7.298,61.856,389.337,10.881,89.589,4.1859,4.2376
5,2025-03-10,34.677,8.628,253.908,7.118,80.922,443.216,11.583,88.504,4.2376,4.2545
5,2025-03-11,33.798,10.046,255.0,7.585,82.099,385.163,11.058,88.829,4.2545,4.3088
5,2025-03-12,31.471,9.578,255.0,7.338,75.56,384.322,10.382,86.455,4.3088,4.37
5,2025-03-13,32.278,9.509,253.833,7.003,81.579,349.199,12.222,86.805,4.37,4.3672
5,2025-03-14,32.03,8.743,255.0,7.129,74.709,409.33,10.413,89.445,4.3672,4.3825
5,2025-03-15,32.701,8.423,255.0,7.17,81.99,439.925,10.969,88.216,4.3825,4.4328
5,2025-03-16,32.301,10.394,255.0,7.2,95.101,,11.78,85.703,4.4328,4.4846
5,2025-03-17,32.429,8.818,255.0,7.247,82.379,493.374,10.529,90.09,4.4846,4.5449
5,2025-03-18,33.04,9.179,255.0,7.046,95.261,,11.467,86.258,4.5449,4.5324
5,2025-03-19,32.253,9.737,255.0,7.134,91.332,488.82,11.033,88.879,4.5324,4.5508
5,2025-03-20,32.125,9.309,255.0,6.943,82.449,527.814,11.81,87.524,4.5508,4.5356
5,2025-03-21,33.206,9.986,255.0,7.186,68.001,481.301,11.436,89.165,4.5356,4.5485
5,2025-03-22,31.977,8.725,255.0,6.952,85.353,526.526,11.29,89.763,4.5485,4.6079
5,2025-03-23,29.532,10.688,255.0,7.454,87.115,506.902,11.792,87.332,4.6079,4.696
5,2025-03-24,31.793,9.571,255.0,7.443,84.385,422.089,12.047,84.756,4.696,4.7413
5,2025-03-25,31.668,8.27,255.0,6.975,72.929,490.802,11.254,84.071,4.7413,4.7827
5,2025-03-26,30.657,7.898,255.0,6.947,78.591,516.391,10.501,84.588,4.7827,4.7739
5,2025-03-27,31.943,8.605,255.0,7.025,84.71,515.79,11.861,84.607,4.7739,4.8106
5,2025-03-28,32.755,7.778,255.0,7.23,77.864,378.194,9.898,86.132,4.8106,4.8513
5,2025-03-29,32.134,9.958,255.0,7.262,75.411,429.232,11.794,90.21,4.8513,4.8585
5,2025-03-30,32.339,9.632,255.0,7.525,74.557,401.786,11.675,86.625,4.8585,4.9178
5,2025-03-31,30.875,10.738,255.0,7.241,84.243,410.474,11.954,86.971,4.9178,4.9559
5,2025-04-01,31.926,10.569,255.0,7.405,72.233,351.139,12.596,86.493,4.9559,4.9947
5,2025-04-02,32.892,9.419,255.0,7.848,60.34,399.984,11.119,86.515,4.9947,5.0014
5,2025-04-03,33.176,9.283,255.0,7.26,77.029,407.157,10.934,92.263,5.0014,5.0414
5,2025-04-04,34.035,9.32,255.0,7.748,83.998,400.677,10.937,87.094,5.0414,5.0752
5,2025-04-05,33.308,8.901,255.0,7.871,64.127,330.676,10.408,84.635,5.0752,5.116
5,2025-04-06,33.454,9.644,255.0,7.623,61.924,433.625,11.958,88.321,5.116,5.126
5,2025-04-07,32.93,9.362,255.0,7.716,66.538,298.786,12.172,87.877,5.126,5.1284
5,2025-04-08,32.104,9.233,255.0,7.632,72.591,376.587,11.499,89.93,5.1284,5.164
5,2025-04-09,34.756,9.634,255.0,7.373,65.297,311.291,11.439,85.77,5.164,5.1946
5,2025-04-10,34.796,10.417,255.0,7.431,,442.605,12.142,88.301,5.1946,5.2015
5,2025-04-11,31.543,8.739,255.0,7.725,59.112,319.842,12.084,86.68,5.2015,5.2254
5,2025-04-12,33.904,8.941,255.0,7.974,66.248,297.177,10.975,86.359,5.2254,5.2432
5,2025-04-13,33.746,9.631,255.0,7.809,62.877,270.51,11.684,88.312,5.2432,5.2573
5,2025-04-14,33.524,10.083,255.0,7.831,63.79,384.095,11.399,88.088,5.2573,5.2965
5,2025-04-15,31.008,9.829,255.0,7.728,67.695,330.248,11.463,87.471,5.2965,5.2975
5,2025-04-16,32.983,7.958,255.0,7.583,49.54,394.456,10.761,88.661,5.2975,5.3011
5,2025-04-17,32.684,9.289,255.0,7.66,69.318,447.331,10.986,89.475,5.3011,5.3325
5,2025-04-18,32.058,9.001,255.0,6.998,70.762,,10.942,86.604,5.3325,5.3514
5,2025-04-19,31.523,8.724,255.0,7.633,59.79,427.315,10.323,85.462,5.3514,5.3608
5,2025-04-20,30.45,8.803,255.0,7.546,59.5,398.369,10.499,89.596,5.3608,5.3464
5,2025-04-21,29.623,9.909,255.0,7.802,45.589,445.241,12.196,85.071,5.3464,5.3702
5,2025-04-22,31.359,8.694,255.0,7.653,66.797,487.883,11.56,87.421,5.3702,5.438
5,2025-04-23,31.5,8.488,255.0,7.149,51.448,405.226,11.44,88.661,5.438,5.4508
5,2025-04-24,30.668,9.735,255.0,7.217,64.754,458.107,10.999,91.561,5.4508,5.4631
5,2025-04-25,31.795,9.202,255.0,,54.883,484.812,12.118,84.728,5.4631,5.4691
5,2025-04-26,33.697,10.019,255.0,7.331,55.565,429.496,11.845,84.299,5.4691,5.4809
5,2025-04-27,31.25,9.405,255.0,7.157,71.688,440.146,11.514,88.0,5.4809,5.5396
5,2025-04-28,30.808,8.663,255.0,6.89,52.288,468.967,10.85,84.283,5.5396,5.5898
5,2025-04-29,32.315,8.229,255.0,7.077,70.511,456.413,10.339,86.444,5.5898,5.6351
5,2025-04-30,30.899,9.421,255.0,7.123,61.915,469.471,10.67,90.322,5.6351,5.6526
5,2025-05-01,31.191,9.822,255.0,7.316,62.515,474.497,11.393,85.826,5.6526,5.6688
5,2025-05-02,31.504,8.998,255.0,6.807,57.286,509.912,10.716,92.165,5.6688,5.6666
5,2025-05-03,34.574,9.71,255.0,6.944,54.978,498.283,11.384,88.061,5.6666,5.6424
5,2025-05-04,31.977,9.532,255.0,6.988,71.884,415.863,11.331,84.359,5.6424,5.6391
5,2025-05-05,32.245,10.536,255.0,6.995,72.647,,10.938,90.271,5.6391,5.6718
5,2025-05-06,29.26,8.823,255.0,6.826,84.876,491.372,11.145,83.922,5.6718,5.6869
5,2025-05-07,34.492,9.173,255.0,7.158,74.995,494.779,11.402,90.978,5.6869,5.6952
5,2025-05-08,33.28,9.98,255.0,7.268,80.314,370.66,11.855,84.008,5.6952,5.7081
5,2025-05-09,31.211,9.212,255.0,7.498,78.192,451.965,12.206,89.884,5.7081,5.7562
5,2025-05-10,33.001,9.937,255.0,7.358,61.916,384.315,11.44,85.237,5.7562,5.7533
5,2025-05-11,32.357,8.546,255.0,6.996,82.398,415.307,10.635,90.571,5.7533,5.7462
5,2025-05-12,31.029,8.746,255.0,7.415,77.014,413.338,10.978,92.865,5.7462,5.7669
5,2025-05-13,32.643,,255.0,7.186,75.162,400.857,11.265,83.684,5.7669,5.7681
5,2025-05-14,30.112,8.608,255.0,7.534,92.15,405.533,10.995,89.184,5.7681,5.7921
5,2025-05-15,30.421,8.409,255.0,7.604,91.461,325.827,10.808,86.554,5.7921,5.8146
5,2025-05-16,32.418,8.8,255.0,7.439,85.57,320.02,11.009,90.453,5.8146,5.8071
5,2025-05-17,29.179,8.835,255.0,7.648,86.436,373.501,10.364,86.088,5.8071,5.8508
5,2025-05-18,28.228,9.703,255.0,7.776,84.667,291.934,11.535,91.964,5.8508,5.9195
5,2025-05-19,29.623,8.138,255.0,7.53,69.807,420.904,10.725,89.885,5.9195,5.9215
5,2025-05-20,31.278,7.939,255.0,7.648,85.86,342.719,10.219,87.081,5.9215,5.9681
5,2025-05-21,30.207,8.688,255.0,7.523,96.833,294.749,10.214,87.508,5.9681,6.0315
5,2025-05-22,30.108,8.7,255.0,7.75,84.65,415.852,11.029,85.604,6.0315,6.0049
5,2025-05-23,29.305,9.421,255.0,7.799,82.436,368.526,11.736,90.807,6.0049,6.0377
5,2025-05-24,26.951,9.316,255.0,7.807,80.377,326.876,11.627,86.592,6.0377,6.0696
5,2025-05-25,29.693,7.803,255.0,7.834,73.13,333.564,10.91,84.68,6.0696,6.0946
5,2025-05-26,27.621,9.538,255.0,7.801,79.722,400.721,11.967,87.77,6.0946,6.1475
5,2025-05-27,28.998,7.45,255.0,7.788,85.338,394.882,,90.015,6.1475,6.1298
5,2025-05-28,30.468,7.871,255.0,8.069,82.394,376.364,10.749,92.782,6.1298,6.1524
5,2025-05-29,32.479,8.59,255.0,7.844,66.449,336.226,10.736,87.162,6.1524,6.1283
5,2025-05-30,30.41,7.9,255.0,7.834,78.178,391.875,10.121,91.005,6.1283,6.1589
5,2025-05-31,31.387,8.514,255.0,7.591,63.256,412.928,11.178,91.028,6.1589,6.2143
5,2025-06-01,29.874,7.882,,7.441,65.382,383.115,11.451,88.969,6.2143,6.2873
5,2025-06-02,28.943,8.306,255.0,8.003,66.616,523.543,11.091,90.151,6.2873,6.3142
5,2025-06-03,29.892,8.294,255.0,7.428,65.917,447.45,11.493,89.376,6.3142,6.2963
5,2025-06-04,29.266,8.099,255.0,7.833,64.44,405.003,10.534,84.189,6.2963,6.3712
5,2025-06-05,30.195,8.442,255.0,7.503,62.363,434.585,10.659,88.592,6.3712,6.4266
5,2025-06-06,29.345,8.985,255.0,7.558,58.77,476.683,11.301,87.792,6.4266,6.4432
5,2025-06-07,32.524,6.915,255.0,7.528,64.845,497.629,9.793,90.556,6.4432,6.4295
5,2025-06-08,29.35,8.324,255.0,7.088,74.143,515.051,11.568,91.702,6.4295,6.4417
5,2025-06-09,27.628,7.924,255.0,7.645,55.142,472.522,10.316,88.485,6.4417,6.4355
5,2025-06-10,28.769,9.221,255.0,7.412,58.664,539.426,10.535,90.283,6.4355,6.4978
5,2025-06-11,27.494,7.969,255.0,7.368,59.728,521.708,11.136,85.531,6.4978,6.51
5,2025-06-12,29.66,8.581,255.0,7.044,65.527,456.51,10.6,89.076,6.51,6.5108
5,2025-06-13,30.341,8.169,255.0,6.895,66.01,454.811,10.045,80.753,6.5108,6.5013
5,2025-06-14,27.728,8.511,255.0,7.269,54.67,494.375,11.755,91.123,6.5013,6.543
5,2025-06-15,28.188,7.995,255.0,7.176,51.69,427.604,9.955,88.18,6.543,6.5481
5,2025-06-16,29.112,7.273,255.0,6.951,66.42,478.044,9.915,87.739,6.5481,6.5598
5,2025-06-17,28.106,8.367,255.0,7.118,63.475,397.916,10.94,88.866,6.5598,6.5657
5,2025-06-18,28.569,7.023,255.0,6.974,60.377,380.975,10.029,87.771,6.5657,6.5687
5,2025-06-19,25.627,9.344,,7.088,64.056,422.405,11.477,89.813,6.5687,6.6233
5,2025-06-20,28.381,7.838,255.0,7.034,42.441,359.76,10.761,90.331,6.6233,6.6328
5,2025-06-21,28.866,8.558,255.0,6.996,80.521,354.116,10.189,86.194,6.6328,6.6433
5,2025-06-22,27.593,7.8,255.0,7.084,66.833,301.164,9.828,86.456,6.6433,6.6527
5,2025-06-23,28.106,,255.0,6.872,62.117,432.266,11.173,88.536,6.6527,6.673
5,2025-06-24,27.044,7.78,255.0,7.037,66.434,341.233,9.986,90.733,6.673,6.6817
5,2025-06-25,27.021,8.005,255.0,7.597,76.424,385.209,10.619,86.53,6.6817,6.7313
5,2025-06-26,25.893,8.019,,7.365,57.011,317.407,10.772,83.063,6.7313,6.741
5,2025-06-27,27.306,8.047,255.0,7.542,73.627,331.831,10.033,86.761,6.741,6.7876
5,2025-06-28,27.202,8.022,255.0,7.533,74.934,389.517,10.283,87.553,6.7876,6.8407
5,2025-06-29,26.067,7.383,255.0,7.017,79.892,383.769,10.732,89.283,6.8407,6.8746
5,2025-06-30,27.851,8.053,255.0,7.282,75.606,342.78,10.473,83.867,6.8746,6.9056
5,2025-07-01,28.297,7.553,255.0,7.946,71.779,357.8,10.98,89.672,6.9056,6.9497
5,2025-07-02,27.591,8.68,255.0,7.727,73.381,357.057,10.209,91.203,6.9497,7.012
5,2025-07-03,27.549,6.185,255.0,8.017,81.298,315.951,10.299,91.965,7.012,7.0213
5,2025-07-04,27.988,6.676,255.0,7.461,93.778,352.94,9.627,86.759,7.0213,6.9993
5,2025-07-05,28.057,9.146,255.0,7.991,86.12,,11.704,86.621,6.9993,7.0684
5,2025-07-06,26.546,7.795,255.0,7.725,83.502,374.977,10.612,88.16,7.0684,7.1065
5,2025-07-07,27.59,6.773,255.0,7.605,85.138,359.624,10.473,88.694,7.1065,7.1166
5,2025-07-08,26.842,8.125,255.0,,82.276,419.294,10.954,84.218,7.1166,7.1349
5,2025-07-09,29.227,6.366,255.0,7.79,82.625,336.585,10.161,82.451,7.1349,7.1787
5,2025-07-10,26.801,6.636,255.0,7.889,82.253,402.524,10.56,84.166,7.1787,7.2176
5,2025-07-11,25.858,8.48,255.0,7.711,90.041,458.054,10.748,86.179,7.2176,7.2668
5,2025-07-12,25.823,6.365,255.0,8.015,78.539,450.297,9.773,86.433,7.2668,7.2758
5,2025-07-13,26.143,6.988,255.0,7.649,78.603,430.123,10.893,89.275,7.2758,7.3238
5,2025-07-14,24.581,8.109,255.0,7.958,98.412,491.781,10.846,90.122,7.3238,7.3307
5,2025-07-15,25.761,8.074,255.0,7.549,75.348,472.287,10.956,85.907,7.3307,7.3911
5,2025-07-16,26.684,,255.0,7.659,93.424,470.849,10.723,92.389,7.3911,7.3992
5,2025-07-17,23.914,6.847,255.0,7.771,83.459,552.374,10.277,86.391,7.3992,7.4434
5,2025-07-18,24.838,5.971,255.0,7.61,72.338,463.442,9.69,85.265,7.4434,7.4377
5,2025-07-19,23.85,,255.0,7.477,71.913,500.399,9.921,90.723,7.4377,7.4669
5,2025-07-20,24.778,7.484,255.0,7.604,77.314,478.652,9.908,89.634,7.4669,7.5218
5,2025-07-21,25.052,6.498,255.0,7.697,57.76,545.33,9.322,88.614,7.5218,7.5623
5,2025-07-22,23.666,5.405,255.0,7.366,72.825,402.476,9.453,,7.5623,7.5625
5,2025-07-23,25.867,6.699,255.0,7.453,71.511,412.228,9.922,89.724,7.5625,7.5712
5,2025-07-24,22.413,7.3,255.0,7.403,77.537,452.839,9.527,89.162,7.5712,7.6127
5,2025-07-25,23.912,6.788,255.0,7.355,66.09,431.952,10.011,85.496,7.6127,7.6698
5,2025-07-26,24.986,7.007,255.0,7.515,63.152,532.7,9.946,92.712,7.6698,7.6414
5,2025-07-27,25.51,6.564,255.0,7.092,71.296,400.386,10.18,85.019,7.6414,7.6837
5,2025-07-28,24.561,6.483,255.0,7.254,56.533,395.799,9.724,89.602,7.6837,7.7039
5,2025-07-29,24.3,6.155,255.0,7.392,60.322,428.948,9.719,89.282,7.7039,7.7379
5,2025-07-30,25.871,7.373,255.0,7.125,61.078,502.073,9.872,89.645,7.7379,7.7479
5,2025-07-31,24.843,6.295,255.0,7.152,65.361,486.2,10.315,88.749,7.7479,7.8026
5,2025-08-01,23.843,6.497,255.0,6.717,66.189,411.782,9.476,90.234,7.8026,7.7957
5,2025-08-02,25.068,7.714,255.0,6.897,63.578,399.516,10.727,88.521,7.7957,7.7867
5,2025-08-03,26.741,6.493,255.0,7.006,70.371,341.553,10.066,85.447,7.7867,7.8509
5,2025-08-04,25.01,6.909,255.0,7.056,58.039,360.179,10.091,83.49,7.8509,7.8545
5,2025-08-05,25.455,6.464,255.0,7.002,66.296,368.35,10.537,88.445,7.8545,7.8752
5,2025-08-06,23.135,7.965,255.0,7.135,75.309,314.447,10.081,88.291,7.8752,7.8877
5,2025-08-07,25.224,6.028,255.0,6.842,62.003,296.77,9.093,85.962,7.8877,7.9393
5,2025-08-08,25.888,7.445,255.0,7.258,62.748,427.834,9.755,86.647,7.9393,7.9713
5,2025-08-09,23.752,6.951,255.0,7.279,66.186,368.154,10.82,87.532,7.9713,7.9579
5,2025-08-10,23.543,7.628,255.0,7.068,65.445,360.814,10.961,83.124,7.9579,7.9599
5,2025-08-11,23.647,6.193,255.0,7.444,66.682,341.325,9.274,85.118,7.9599,7.932
5,2025-08-12,23.839,8.221,255.0,7.386,67.502,313.822,10.147,89.84,7.932,7.9675
5,2025-08-13,23.789,8.81,255.0,7.266,65.899,329.772,11.474,88.984,7.9675,7.9678
5,2025-08-14,24.797,7.244,255.0,7.163,61.598,432.717,10.229,88.187,7.9678,7.9437
5,2025-08-15,22.167,6.118,255.0,7.684,73.085,403.157,9.735,90.389,7.9437,7.9636
5,2025-08-16,23.711,7.51,255.0,7.504,64.583,433.165,11.042,86.575,7.9636,8.0035
5,2025-08-17,20.872,5.115,255.0,7.512,68.386,357.743,9.402,88.251,8.0035,8.0553
5,2025-08-18,22.591,6.998,255.0,7.323,58.719,421.82,10.984,85.175,8.0553,8.0274
5,2025-08-19,21.23,6.322,255.0,7.536,61.177,370.224,8.996,88.743,8.0274,8.0435
5,2025-08-20,20.873,6.87,255.0,7.787,71.733,422.029,9.799,87.569,8.0435,8.0733
5,2025-08-21,21.411,6.522,255.0,7.492,78.161,408.825,10.246,95.06,8.0733,8.1488
5,2025-08-22,22.096,5.6,255.0,7.571,90.961,,9.265,87.006,8.1488,8.1514
5,2025-08-23,21.943,7.347,255.0,7.53,80.244,453.826,10.081,90.265,8.1514,8.0956
5,2025-08-24,21.864,5.989,255.0,7.501,65.033,531.58,9.903,87.683,8.0956,8.1237
5,2025-08-25,23.498,5.241,255.0,7.531,82.537,484.817,9.921,83.553,8.1237,8.1533
5,2025-08-26,22.795,5.764,255.0,7.841,73.917,464.873,9.124,85.153,8.1533,8.1434
5,2025-08-27,21.262,5.121,255.0,8.093,76.877,489.888,8.513,89.945,8.1434,8.1329
5,2025-08-28,21.77,6.621,255.0,7.193,75.536,475.701,9.921,93.704,8.1329,8.16
5,2025-08-29,24.214,6.465,255.0,7.582,73.117,505.768,10.649,88.924,8.16,8.2319
5,2025-08-30,23.438,5.208,255.0,7.685,92.371,469.065,10.021,87.183,8.2319,8.2273
5,2025-08-31,22.949,6.111,255.0,7.354,80.219,431.035,9.567,85.777,8.2273,8.256
5,2025-09-01,23.518,5.059,255.0,7.588,74.263,463.887,9.568,90.007,8.256,8.2908
5,2025-09-02,23.357,5.767,255.0,7.722,90.27,444.087,9.766,86.546,8.2908,8.3052
5,2025-09-03,21.905,6.146,255.0,7.243,78.962,439.356,10.306,86.201,8.3052,8.316
5,2025-09-04,23.04,6.455,255.0,7.291,85.395,531.97,9.797,88.121,8.316,8.2985
5,2025-09-05,23.726,5.657,255.0,7.535,86.657,389.532,10.002,84.522,8.2985,8.3078
5,2025-09-06,24.792,5.171,255.0,7.402,84.386,448.167,9.86,86.89,8.3078,8.3459
5,2025-09-07,24.917,6.212,255.0,7.356,79.436,363.217,9.67,88.108,8.3459,8.3653
5,2025-09-08,21.538,5.721,255.0,7.639,89.051,424.866,9.75,86.462,8.3653,8.3782
5,2025-09-09,20.36,5.608,255.0,7.235,78.144,468.48,10.345,90.056,8.3782,8.427
5,2025-09-10,23.205,5.165,255.0,7.2,87.056,361.135,9.388,88.288,8.427,8.4222
5,2025-09-11,21.31,6.422,255.0,6.993,81.351,323.741,9.38,84.113,8.4222,8.4272
5,2025-09-12,22.429,4.562,255.0,7.094,72.922,382.319,8.933,87.08,8.4272,8.4712
5,2025-09-13,20.5,5.513,255.0,7.116,75.203,329.254,8.666,85.536,8.4712,8.5136
5,2025-09-14,23.77,5.748,255.0,6.823,80.852,315.353,9.339,85.262,8.5136,8.5056
5,2025-09-15,19.925,5.283,255.0,7.244,74.125,349.26,8.373,89.846,8.5056,8.534
5,2025-09-16,21.15,5.372,255.0,6.75,88.227,369.775,9.806,91.171,8.534,8.5681
5,2025-09-17,20.306,6.274,255.0,6.937,68.106,343.526,9.253,87.759,8.5681,8.5186
5,2025-09-18,20.156,5.509,255.0,7.209,72.265,390.983,9.713,86.036,8.5186,8.5103
5,2025-09-19,20.979,5.785,255.0,6.954,68.986,358.369,9.15,87.779,8.5103,8.5383
5,2025-09-20,20.946,6.877,255.0,6.884,75.558,378.555,10.013,85.919,8.5383,8.5051
5,2025-09-21,19.649,4.852,255.0,7.397,55.864,,9.379,88.638,8.5051,8.529
5,2025-09-22,19.99,5.787,255.0,7.087,74.324,431.063,9.067,82.119,8.529,8.5561
5,2025-09-23,22.48,6.237,255.0,7.426,75.744,416.735,10.203,84.582,8.5561,8.5659
5,2025-09-24,20.557,5.689,255.0,7.497,57.845,402.432,9.703,85.459,8.5659,8.5239
5,2025-09-25,21.317,5.668,255.0,7.109,49.145,399.482,9.472,85.491,8.5239,8.5184
5,2025-09-26,21.509,5.478,255.0,7.09,61.132,431.435,9.483,87.418,8.5184,8.4969
5,2025-09-27,20.346,4.543,255.0,7.564,64.174,408.605,9.177,88.324,8.4969,8.4891
5,2025-09-28,21.037,7.462,255.0,7.584,61.654,464.51,10.916,84.009,8.4891,8.4899
5,2025-09-29,22.367,5.545,255.0,7.431,,464.231,8.846,86.707,8.4899,8.4656
5,2025-09-30,22.308,5.936,255.0,7.44,67.886,485.296,9.64,88.383,8.4656,8.4833
5,2025-10-01,21.012,6.957,255.0,7.748,51.628,419.988,10.32,86.319,8.4833,8.4751
5,2025-10-02,23.917,5.706,255.0,8.021,64.399,409.148,10.507,89.506,8.4751,8.4929
5,2025-10-03,21.351,,255.0,7.617,70.144,477.858,9.766,90.712,8.4929,8.5235
5,2025-10-04,24.168,5.645,255.0,7.622,,385.893,9.667,89.287,8.5235,8.535
5,2025-10-05,22.659,4.305,255.0,7.989,58.988,453.504,9.548,89.226,8.535,8.5551
5,2025-10-06,21.553,5.648,255.0,7.948,57.566,443.397,9.577,87.076,8.5551,8.5213
5,2025-10-07,20.114,6.352,255.0,7.538,58.906,403.456,10.319,88.391,8.5213,8.5294
5,2025-10-08,20.511,5.021,255.0,7.663,58.919,470.176,9.37,89.817,8.5294,8.5297
5,2025-10-09,23.146,5.067,255.0,7.715,68.512,478.165,9.584,87.524,8.5297,8.5026
5,2025-10-10,22.508,5.788,255.0,7.569,70.496,518.575,9.308,85.711,8.5026,8.4629
5,2025-10-11,24.062,5.409,255.0,7.585,59.781,455.463,9.121,91.144,8.4629,8.4274
5,2025-10-12,22.387,5.653,255.0,7.684,72.89,467.218,9.523,83.806,8.4274,8.4117
5,2025-10-13,20.518,5.922,255.0,7.379,67.186,448.474,9.647,88.736,8.4117,8.3957
5,2025-10-14,22.617,5.516,255.0,7.931,69.406,444.966,9.42,87.46,8.3957,8.3994
5,2025-10-15,22.685,6.481,255.0,7.833,63.657,394.359,10.014,88.988,8.3994,8.3836
5,2025-10-16,22.353,6.234,255.0,7.796,71.317,406.958,10.232,86.461,8.3836,8.3624
5,2025-10-17,20.285,6.374,,7.293,80.135,389.494,9.774,87.21,8.3624,8.3559
5,2025-10-18,20.23,5.37,255.0,7.757,77.182,398.891,9.126,86.104,8.3559,8.3754
5,2025-10-19,19.846,4.206,255.0,7.483,76.262,371.979,9.303,80.772,8.3754,8.4021
5,2025-10-20,19.948,5.473,255.0,7.515,83.065,359.91,8.735,92.835,8.4021,8.4065
5,2025-10-21,20.782,6.233,255.0,7.509,65.776,360.116,9.6,87.184,8.4065,8.3624
5,2025-10-22,19.34,5.331,255.0,7.355,87.13,420.719,9.27,89.735,8.3624,8.3763
5,2025-10-23,20.8,5.539,255.0,7.089,74.187,368.14,9.468,86.185,8.3763,8.3718
5,2025-10-24,20.094,5.644,255.0,7.383,75.615,357.015,9.515,85.831,8.3718,8.3329
5,2025-10-25,21.339,4.887,255.0,7.387,82.666,324.86,9.721,85.198,8.3329,8.288
5,2025-10-26,22.794,7.166,255.0,6.856,77.983,344.105,9.992,86.786,8.288,8.2992
5,2025-10-27,20.801,6.002,255.0,6.923,81.042,279.345,9.519,85.494,8.2992,8.298
5,2025-10-28,22.175,5.865,255.0,6.714,70.021,329.168,9.765,86.003,8.298,8.2923
5,2025-10-29,22.017,6.44,255.0,7.206,80.045,340.48,10.022,88.532,8.2923,8.293
5,2025-10-30,23.794,5.097,255.0,6.946,68.732,351.098,9.585,80.667,8.293,8.3091
5,2025-10-31,23.435,5.086,255.0,7.191,83.359,371.644,9.232,88.44,8.3091,8.3061
5,2025-11-01,23.405,6.813,255.0,7.026,74.88,381.229,10.712,90.411,8.3061,8.2495
5,2025-11-02,22.68,5.545,255.0,7.063,93.9,327.649,10.504,86.279,8.2495,8.2722
5,2025-11-03,24.392,6.425,255.0,6.929,84.789,338.29,9.533,86.806,8.2722,8.3005
5,2025-11-04,22.992,5.833,255.0,6.927,87.609,361.022,10.139,89.67,8.3005,8.3026
5,2025-11-05,23.148,6.386,255.0,7.075,76.386,396.457,9.162,87.08,8.3026,8.3078
5,2025-11-06,24.575,5.757,255.0,7.057,70.355,391.517,10.475,87.969,8.3078,8.2852
5,2025-11-07,21.977,5.458,255.0,7.312,73.974,383.165,9.074,89.284,8.2852,8.2708
5,2025-11-08,23.176,7.602,255.0,7.434,85.966,366.195,10.353,86.182,8.2708,8.3013
5,2025-11-09,23.682,5.466,,7.139,78.703,463.107,9.523,87.725,8.3013,8.3107
5,2025-11-10,23.912,6.537,255.0,7.308,72.66,444.548,9.59,85.729,8.3107,8.2965
5,2025-11-11,23.832,6.079,255.0,7.499,76.092,485.88,9.521,88.719,8.2965,8.2621
5,2025-11-12,24.531,7.721,255.0,7.571,75.909,484.615,10.329,87.314,8.2621,8.2454
5,2025-11-13,21.581,5.877,255.0,7.567,62.864,462.42,9.597,84.977,8.2454,8.2211
5,2025-11-14,22.728,6.517,255.0,7.585,71.891,453.202,9.554,88.446,8.2211,8.2469
5,2025-11-15,22.696,7.096,,7.459,73.851,549.553,10.217,88.984,8.2469,8.2736
5,2025-11-16,23.323,5.873,255.0,7.691,67.17,493.546,10.008,88.633,8.2736,8.2976
5,2025-11-17,23.226,5.853,255.0,7.625,51.743,500.104,10.184,86.809,8.2976,8.2945
5,2025-11-18,21.696,6.426,255.0,7.519,61.496,446.113,10.157,88.195,8.2945,8.2969
5,2025-11-19,21.876,7.087,255.0,7.611,66.723,449.515,10.555,90.03,8.2969,8.3357
5,2025-11-20,22.46,7.176,255.0,8.007,53.685,447.929,9.556,89.394,8.3357,8.2922
5,2025-11-21,21.194,5.116,255.0,7.782,53.345,403.273,9.283,87.151,8.2922,8.2749
5,2025-11-22,22.391,6.106,255.0,7.685,68.734,529.661,9.607,84.013,8.2749,8.282
5,2025-11-23,22.634,6.808,255.0,8.148,48.18,427.787,10.757,85.188,8.282,8.2985
5,2025-11-24,24.185,7.744,255.0,7.808,47.797,411.149,11.469,83.616,8.2985,8.2383
5,2025-11-25,21.89,7.05,255.0,7.746,57.386,396.657,9.274,88.927,8.2383,8.2016
5,2025-11-26,23.586,6.861,255.0,,60.992,415.616,,87.484,8.2016,8.2309
5,2025-11-27,24.674,6.007,255.0,7.818,63.751,378.46,9.494,88.848,8.2309,8.1889
5,2025-11-28,25.851,7.321,255.0,7.712,59.271,406.147,10.006,86.93,8.1889,8.1518
5,2025-11-29,26.861,6.576,255.0,7.68,61.348,353.123,9.821,87.69,8.1518,8.1395
5,2025-11-30,25.306,6.69,255.0,7.676,67.241,366.428,9.934,91.128,8.1395,8.099
5,2025-12-01,25.65,6.144,255.0,,69.372,358.556,9.196,92.714,8.099,8.1033
5,2025-12-02,23.434,6.801,255.0,7.404,69.895,355.383,10.668,86.781,8.1033,8.1133
5,2025-12-03,25.256,5.365,255.0,7.283,60.087,404.129,9.733,86.837,8.1133,8.067
5,2025-12-04,25.079,6.946,255.0,7.454,62.646,343.533,10.278,87.791,8.067,8.0814
5,2025-12-05,26.239,7.893,255.0,7.525,79.856,318.144,9.835,87.372,8.0814,8.128
5,2025-12-06,24.631,6.666,255.0,7.4,69.673,334.128,10.161,90.596,8.128,8.1343
5,2025-12-07,24.929,7.823,255.0,7.086,82.85,387.366,11.191,89.057,8.1343,8.1147
5,2025-12-08,25.99,6.304,255.0,7.179,75.971,336.278,9.288,89.756,8.1147,8.1142
5,2025-12-09,26.295,6.872,255.0,7.434,74.109,,9.249,89.036,8.1142,8.1019
5,2025-12-10,26.613,7.457,255.0,6.796,79.415,371.753,10.03,84.782,8.1019,8.0969
5,2025-12-11,25.127,7.421,255.0,7.173,68.312,365.928,10.225,85.168,8.0969,8.1184
5,2025-12-12,25.59,7.282,255.0,6.966,78.204,317.33,9.833,87.23,8.1184,8.0816
5,2025-12-13,23.926,6.666,255.0,7.248,72.526,379.385,10.11,86.98,8.0816,8.0527
5,2025-12-14,24.179,7.955,255.0,7.331,85.247,422.851,9.758,85.39,8.0527,8.1217
5,2025-12-15,24.395,7.502,255.0,7.12,82.873,394.017,9.836,80.635,8.1217,8.1115
5,2025-12-16,22.745,7.317,255.0,7.126,86.68,444.768,9.879,85.161,8.1115,8.1356
5,2025-12-17,22.454,7.13,255.0,7.223,88.344,441.5,10.687,80.647,8.1356,8.1473
5,2025-12-18,25.881,6.248,255.0,6.751,95.284,395.09,9.672,88.088,8.1473,8.1769
5,2025-12-19,24.809,6.363,255.0,7.213,88.368,374.378,10.502,81.349,8.1769,8.1665
5,2025-12-20,25.384,7.488,255.0,7.103,86.851,444.578,10.691,92.85,8.1665,8.0952
5,2025-12-21,24.408,6.822,255.0,7.072,,486.912,9.448,88.429,8.0952,8.1086
5,2025-12-22,25.506,7.856,255.0,7.185,81.574,481.031,10.805,89.762,8.1086,8.1151
5,2025-12-23,24.194,7.615,255.0,7.345,,444.785,10.695,87.454,8.1151,8.1677
5,2025-12-24,26.54,7.416,255.0,7.586,85.368,458.354,10.033,85.862,8.1677,8.1925
5,2025-12-25,24.436,6.969,255.0,7.342,87.799,477.432,10.246,84.692,8.1925,8.199
5,2025-12-26,26.694,7.476,255.0,7.199,81.102,532.783,10.609,87.192,8.199,8.1932
5,2025-12-27,26.534,7.538,255.0,7.502,84.798,466.72,10.162,92.89,8.1932,8.1754
5,2025-12-28,25.232,7.129,255.0,,77.243,529.485,10.205,90.299,8.1754,8.1679
5,2025-12-29,27.295,7.745,255.0,7.464,82.393,494.795,9.846,87.011,8.1679,8.1716
5,2025-12-30,27.923,7.085,255.0,7.181,77.653,431.788,10.411,89.619,8.1716,8.1622
5,2025-12-31,28.15,6.483,255.0,7.726,85.521,456.762,9.569,81.632,8.1622,8.2226
5,2026-01-01,29.835,7.364,255.0,7.428,82.826,450.092,10.529,88.651,8.2226,8.2597
5,2026-01-02,29.302,7.165,255.0,7.494,,433.419,9.732,88.84,8.2597,8.2613
5,2026-01-03,29.195,7.84,255.0,7.669,86.164,461.498,10.341,86.552,8.2613,8.2784
5,2026-01-04,27.356,8.219,255.0,7.941,81.273,479.155,11.63,91.332,8.2784,8.2821
5,2026-01-05,26.69,7.631,255.0,7.826,71.938,348.194,10.305,88.807,8.2821,8.2922
5,2026-01-06,28.944,8.437,255.0,8.053,67.624,409.731,10.894,88.42,8.2922,8.3324
5,2026-01-07,26.128,7.978,255.0,7.838,67.279,313.241,10.563,85.38,8.3324,8.3462
5,2026-01-08,27.571,6.28,255.0,7.854,72.497,374.543,10.097,86.299,8.3462,8.3759
5,2026-01-09,26.604,6.77,255.0,8.105,72.904,328.213,9.34,87.208,8.3759,8.3703
5,2026-01-10,28.051,7.714,255.0,7.927,78.05,346.861,9.963,88.021,8.3703,8.3656
5,2026-01-11,28.792,7.222,255.0,7.707,55.99,356.371,10.198,88.944,8.3656,8.361
5,2026-01-12,25.786,7.697,255.0,7.73,64.556,344.181,11.133,87.681,8.361,8.3466
5,2026-01-13,25.893,8.1,255.0,7.687,54.862,343.321,10.58,85.858,8.3466,8.3613
5,2026-01-14,27.289,7.486,255.0,7.451,60.629,374.018,10.462,87.295,8.3613,8.4021
5,2026-01-15,27.911,8.112,255.0,7.679,59.831,346.573,10.43,83.618,8.4021,8.4168
5,2026-01-16,27.077,8.685,255.0,7.39,48.08,315.922,10.215,88.799,8.4168,8.4465
5,2026-01-17,28.318,7.342,255.0,7.327,63.913,376.522,9.398,88.564,8.4465,8.4389
5,2026-01-18,28.487,10.126,255.0,7.381,51.288,327.83,11.586,86.276,8.4389,8.4348
5,2026-01-19,27.879,7.93,255.0,7.217,55.331,336.473,10.119,85.899,8.4348,8.4338
5,2026-01-20,25.872,8.796,,7.402,50.498,344.779,10.602,89.624,8.4338,8.4372
5,2026-01-21,27.628,7.071,255.0,7.533,65.129,339.309,10.268,90.184,8.4372,8.4826
5,2026-01-22,30.971,8.048,255.0,7.131,54.03,296.99,11.183,86.543,8.4826,8.5122
5,2026-01-23,27.247,7.514,255.0,7.508,61.072,361.227,9.911,87.429,8.5122,8.5357
5,2026-01-24,28.815,9.306,255.0,7.408,64.645,492.005,11.076,90.706,8.5357,8.5703
5,2026-01-25,28.71,8.546,255.0,7.554,69.838,422.407,10.497,88.171,8.5703,8.6026
5,2026-01-26,30.156,8.125,255.0,7.396,74.82,421.938,10.911,86.458,8.6026,8.5842
5,2026-01-27,29.151,8.206,255.0,6.777,69.284,463.293,10.689,80.1,8.5842,8.5521
5,2026-01-28,29.344,9.323,255.0,6.622,60.707,466.939,10.88,,8.5521,8.5631
5,2026-01-29,31.189,8.681,255.0,7.081,76.517,514.291,10.149,87.242,8.5631,8.5585
5,2026-01-30,31.506,8.542,255.0,7.397,76.675,504.142,10.304,85.874,8.5585,8.5995
5,2026-01-31,29.788,7.732,255.0,6.853,89.587,459.03,10.718,84.111,8.5995,8.5593
5,2026-02-01,29.96,7.904,255.0,7.107,66.13,523.65,10.783,85.689,8.5593,8.556
5,2026-02-02,30.482,9.069,255.0,6.644,78.195,450.168,10.76,91.46,8.556,8.5818
5,2026-02-03,31.432,8.737,255.0,7.065,72.288,531.818,11.35,86.044,8.5818,8.5726
5,2026-02-04,32.161,9.319,255.0,7.24,64.414,506.251,11.78,88.021,8.5726,8.5449
5,2026-02-05,31.841,7.806,255.0,7.366,81.297,542.726,10.738,86.813,8.5449,8.5461
5,2026-02-06,30.575,9.488,255.0,7.444,67.741,479.115,11.298,85.89,8.5461,8.5921
5,2026-02-07,,9.513,255.0,7.128,79.602,447.4,11.389,88.219,8.5921,8.6305
5,2026-02-08,31.524,7.993,255.0,7.06,84.021,521.56,10.586,83.464,8.6305,8.6481
5,2026-02-09,30.842,7.802,255.0,7.354,86.113,480.038,10.205,87.69,8.6481,8.6989
5,2026-02-10,31.39,8.277,255.0,7.19,84.053,437.283,10.536,84.682,8.6989,8.7092
5,2026-02-11,30.051,10.415,255.0,7.556,74.718,391.788,11.866,86.666,8.7092,8.7268
5,2026-02-12,28.168,7.977,255.0,7.375,86.404,398.817,10.659,84.609,8.7268,8.7468
5,2026-02-13,31.466,8.886,255.0,7.395,94.145,418.748,11.347,86.355,8.7468,8.7355
5,2026-02-14,30.209,9.299,,7.496,80.067,426.771,10.813,83.965,8.7355,8.7433
5,2026-02-15,29.679,9.124,,7.744,82.873,364.006,10.818,88.793,8.7433,8.7387
5,2026-02-16,28.988,9.213,255.0,7.62,89.188,,11.005,89.948,8.7387,8.7593
5,2026-02-17,27.598,8.123,255.0,7.525,81.452,386.098,10.725,88.477,8.7593,8.7873
5,2026-02-18,31.661,8.576,255.0,7.595,78.497,375.388,10.623,83.213,8.7873,8.8187
5,2026-02-19,31.249,9.964,255.0,7.774,75.822,348.292,10.813,83.405,8.8187,8.838
5,2026-02-20,32.09,8.807,255.0,7.5,81.229,346.106,10.742,88.556,8.838,8.8467
5,2026-02-21,30.992,9.879,255.0,7.806,88.576,334.154,11.309,90.55,8.8467,8.8438
5,2026-02-22,31.715,8.757,255.0,7.697,78.489,348.974,11.429,89.665,8.8438,8.8766
5,2026-02-23,31.204,9.525,255.0,7.554,91.479,349.369,,91.775,8.8766,8.8755
5,2026-02-24,30.552,9.25,255.0,7.565,74.138,320.78,11.031,86.339,8.8755,8.8894
5,2026-02-25,31.857,9.388,255.0,7.686,69.821,403.502,11.642,91.401,8.8894,8.8839
5,2026-02-26,29.42,8.118,255.0,7.79,74.973,327.533,9.53,87.222,8.8839,8.8717
5,2026-02-27,32.91,8.276,255.0,7.475,75.658,376.335,10.543,91.386,8.8717,8.8394
5,2026-02-28,30.789,7.857,255.0,7.666,66.158,301.601,10.706,89.497,8.8394,8.8659
5,2026-03-01,31.648,9.223,255.0,7.654,68.309,363.334,10.587,85.865,8.8659,8.9089
5,2026-03-02,33.914,9.508,255.0,7.534,69.742,314.802,10.903,85.574,8.9089,8.9347
5,2026-03-03,33.649,,255.0,7.486,62.046,372.717,11.124,89.321,8.9347,8.935
5,2026-03-04,33.704,8.558,255.0,7.598,58.191,395.066,10.81,89.541,8.935,8.8991
5,2026-03-05,33.806,8.818,255.0,7.359,61.76,426.789,11.103,88.354,8.8991,8.9141
5,2026-03-06,32.055,8.645,255.0,7.081,64.111,442.975,10.992,86.2,8.9141,8.9202
5,2026-03-07,33.053,9.243,255.0,7.093,,355.267,11.419,84.539,8.9202,8.8612
5,2026-03-08,34.555,7.985,255.0,7.02,65.236,449.173,10.466,89.35,8.8612,8.8523
5,2026-03-09,32.431,8.769,255.0,6.846,62.105,433.879,11.431,83.655,8.8523,8.884
5,2026-03-10,32.847,9.542,255.0,7.238,64.744,511.34,11.335,85.036,8.884,8.8742
5,2026-03-11,32.241,9.429,255.0,6.976,57.365,473.032,10.996,89.544,8.8742,8.8523
5,2026-03-12,,8.11,255.0,7.092,73.44,463.008,11.255,88.896,8.8523,8.8508
5,2026-03-13,,8.968,255.0,7.117,61.793,556.615,11.162,89.012,8.8508,8.8726
5,2026-03-14,31.627,9.145,255.0,6.997,63.128,469.165,11.397,84.644,8.8726,8.9151
5,2026-03-15,31.301,10.502,255.0,7.081,59.625,482.421,11.586,82.376,8.9151,8.9751
5,2026-03-16,31.848,9.6,255.0,7.017,68.284,478.494,11.44,83.283,8.9751,8.9884
5,2026-03-17,32.154,9.884,255.0,6.771,50.148,500.123,11.112,88.98,8.9884,8.9875
5,2026-03-18,31.136,9.575,255.0,6.882,47.189,483.767,11.545,89.491,8.9875,9.0095
5,2026-03-19,31.628,10.172,255.0,7.075,49.454,471.83,11.617,88.602,9.0095,9.0057
5,2026-03-20,32.032,9.181,255.0,7.055,75.65,431.592,11.686,89.811,9.0057,9.0092
5,2026-03-21,31.2,9.387,255.0,7.033,60.178,450.0,11.079,86.466,9.0092,9.016
5,2026-03-22,30.83,7.96,255.0,7.112,61.493,499.166,10.339,89.066,9.016,9.0057
5,2026-03-23,31.475,10.482,255.0,7.256,67.863,431.281,12.026,87.537,9.0057,9.004
5,2026-03-24,30.542,9.356,255.0,7.093,69.768,437.23,10.649,86.139,9.004,9.039
5,2026-03-25,31.054,8.514,255.0,7.655,67.6,428.361,10.498,87.988,9.039,9.0523
5,2026-03-26,33.273,9.306,255.0,7.167,64.19,375.159,11.286,90.482,9.0523,9.0472
5,2026-03-27,31.679,9.538,255.0,7.177,62.377,434.805,11.167,86.745,9.0472,9.0704
5,2026-03-28,32.893,8.772,255.0,7.321,70.316,403.059,10.932,87.401,9.0704,9.0734
5,2026-03-29,32.193,10.07,255.0,7.41,73.955,309.984,11.435,85.108,9.0734,9.1387
5,2026-03-30,33.446,10.155,255.0,7.696,81.289,365.429,12.293,89.42,9.1387,9.149
5,2026-03-31,33.251,9.335,255.0,7.578,78.402,424.522,10.659,90.379,9.149,9.1854
5,2026-04-01,33.205,9.589,255.0,7.596,64.893,416.856,10.891,87.7,9.1854,9.1557
5,2026-04-02,33.436,8.885,255.0,7.45,77.969,297.824,11.054,87.429,9.1557,9.1454
5,2026-04-03,34.161,8.555,255.0,7.782,82.376,309.254,10.844,89.19,9.1454,9.142
5,2026-04-04,34.841,8.699,255.0,7.797,72.826,336.027,11.116,81.068,9.142,9.1539
5,2026-04-05,33.861,8.932,255.0,7.534,85.704,328.847,11.265,88.533,9.1539,9.1835
5,2026-04-06,32.933,10.13,255.0,7.983,89.459,334.002,12.704,87.183,9.1835,9.1858
5,2026-04-07,32.244,10.201,255.0,7.647,89.217,382.812,11.862,85.699,9.1858,9.1259
5,2026-04-08,33.062,9.853,255.0,7.705,79.18,,11.981,87.163,9.1259,9.1153
5,2026-04-09,33.168,8.984,255.0,8.113,84.952,425.441,10.854,90.38,9.1153,9.1383
5,2026-04-10,31.481,9.528,255.0,7.532,85.724,304.424,11.245,90.397,9.1383,9.1144
5,2026-04-11,30.539,9.627,255.0,7.988,77.252,438.877,11.329,81.969,9.1144,9.1395
5,2026-04-12,32.303,10.312,255.0,7.46,84.748,374.702,11.576,86.806,9.1395,9.1507
5,2026-04-13,32.221,9.446,255.0,7.86,75.274,320.928,11.708,84.686,9.1507,9.1388
5,2026-04-14,31.049,8.243,255.0,7.503,87.839,394.703,10.936,86.483,9.1388,9.1347
5,2026-04-15,29.368,9.478,255.0,7.702,78.843,447.69,10.882,89.091,9.1347,9.1482
5,2026-04-16,31.081,9.176,255.0,7.813,84.901,491.748,11.255,85.53,9.1482,9.1586
5,2026-04-17,29.141,8.91,255.0,7.391,82.953,495.482,11.034,83.143,9.1586,9.1793
5,2026-04-18,31.199,10.371,255.0,7.597,86.857,430.305,12.162,85.309,9.1793,9.1831
5,2026-04-19,29.632,9.641,255.0,7.627,76.462,502.3,10.593,84.55,9.1831,9.1875
5,2026-04-20,30.437,9.31,255.0,7.232,75.663,466.122,10.889,87.36,9.1875,9.1669
5,2026-04-21,31.94,10.403,255.0,7.472,79.285,441.555,11.552,90.395,9.1669,9.1667
5,2026-04-22,32.028,8.4,255.0,7.312,78.324,419.408,10.819,86.177,9.1667,9.1892
5,2026-04-23,31.846,9.237,255.0,7.246,66.127,474.05,10.798,90.187,9.1892,9.2125
5,2026-04-24,33.344,8.944,255.0,7.058,70.528,422.261,10.339,88.777,9.2125,9.188
5,2026-04-25,31.732,8.875,255.0,7.284,72.056,451.923,11.431,89.501,9.188,9.201
5,2026-04-26,31.332,8.633,255.0,7.433,71.138,472.065,10.923,90.026,9.201,9.1961
5,2026-04-27,32.914,8.078,255.0,7.254,57.69,469.171,9.915,84.949,9.1961,9.2252
5,2026-04-28,33.608,8.112,255.0,6.871,70.003,499.234,10.291,85.433,9.2252,9.2681
5,2026-04-29,32.158,9.134,255.0,7.067,74.118,435.706,11.636,84.079,9.2681,9.2292
5,2026-04-30,32.672,10.236,255.0,7.176,68.155,425.738,11.276,90.817,9.2292,9.2559
5,2026-05-01,32.953,8.887,255.0,7.193,65.939,448.584,10.363,89.864,9.2559,9.2444
5,2026-05-02,34.115,9.24,255.0,7.115,69.33,468.94,11.29,86.831,9.2444,9.2281
5,2026-05-03,33.687,8.995,255.0,7.167,70.912,424.758,11.319,88.074,9.2281,9.2621
5,2026-05-04,33.603,8.734,255.0,7.308,55.719,424.146,10.737,89.545,9.2621,9.2835
5,2026-05-05,33.385,8.759,255.0,7.469,55.72,364.966,11.327,82.34,9.2835,9.2884
5,2026-05-06,31.21,8.341,255.0,6.881,63.159,356.857,10.979,86.207,9.2884,9.3034
5,2026-05-07,33.06,9.789,255.0,7.1,59.963,370.245,11.479,85.363,9.3034,9.2952
5,2026-05-08,32.49,8.972,255.0,7.349,59.269,361.804,11.123,85.48,9.2952,9.2916
5,2026-05-09,32.128,9.106,255.0,7.592,62.692,374.959,10.786,89.537,9.2916,9.2583
5,2026-05-10,31.433,9.067,255.0,7.204,59.353,361.121,11.055,90.631,9.2583,9.3137
5,2026-05-11,31.288,9.32,255.0,7.423,48.411,319.012,10.958,90.344,9.3137,9.2966
5,2026-05-12,31.177,9.226,255.0,7.528,54.068,293.761,11.394,91.256,9.2966,9.2725
5,2026-05-13,30.283,9.151,255.0,7.455,71.413,377.248,11.201,82.948,9.2725,9.2672
5,2026-05-14,29.688,8.988,255.0,7.58,50.587,369.822,11.052,88.519,9.2672,9.2547
5,2026-05-15,31.444,8.735,255.0,7.858,56.918,390.47,10.524,93.445,9.2547,9.2853
6,2025-01-01,27.715,7.472,227.99,7.204,49.069,,10.395,80.279,3.0692,3.1163
6,2025-01-02,26.629,7.035,229.927,7.445,78.4,471.809,10.824,90.706,3.1163,3.1259
6,2025-01-03,27.451,7.93,237.92,7.507,75.785,491.753,10.808,87.102,3.1259,3.2391
6,2025-01-04,26.499,7.934,240.605,7.872,64.492,488.527,11.081,83.413,3.2391,3.2637
6,2025-01-05,28.21,7.396,227.425,7.822,73.29,428.156,10.128,86.382,3.2637,3.2877
6,2025-01-06,28.63,7.938,237.954,7.842,77.095,417.803,10.117,87.922,3.2877,3.3239
6,2025-01-07,28.971,8.049,236.553,,75.504,395.798,10.346,89.536,3.3239,3.3336
6,2025-01-08,30.014,7.057,249.534,7.697,81.364,413.054,9.06,88.382,3.3336,3.3867
6,2025-01-09,26.824,9.236,239.443,7.476,71.528,429.33,11.36,88.029,3.3867,3.4751
6,2025-01-10,28.951,6.682,239.81,7.955,81.67,430.211,10.264,92.952,3.4751,3.5059
6,2025-01-11,29.701,7.596,234.241,7.889,60.456,378.322,10.372,86.72,3.5059,3.5507
6,2025-01-12,28.423,7.979,249.713,7.743,85.425,421.355,10.678,89.473,3.5507,3.5908
6,2025-01-13,28.692,7.671,247.098,7.85,83.373,334.827,10.352,83.354,3.5908,3.622
6,2025-01-14,30.517,8.843,249.859,7.553,84.605,362.824,10.876,87.232,3.622,3.7125
6,2025-01-15,28.146,8.168,255.0,7.269,89.378,390.469,10.202,86.481,3.7125,3.7654
6,2025-01-16,28.871,7.759,,8.038,79.194,438.599,11.05,88.905,3.7654,3.8165
6,2025-01-17,28.85,6.506,245.989,7.423,86.499,336.718,9.695,90.631,3.8165,3.8431
6,2025-01-18,27.452,8.376,255.0,7.334,80.47,279.765,10.629,89.672,3.8431,3.8631
6,2025-01-19,28.505,7.919,255.0,7.851,82.845,250.0,10.966,86.026,3.8631,3.8969
6,2025-01-20,26.451,8.131,254.421,7.661,85.952,321.613,11.105,84.991,3.8969,3.9335
6,2025-01-21,28.113,7.88,255.0,7.741,84.971,348.997,10.663,89.215,3.9335,3.9327
6,2025-01-22,28.893,8.22,255.0,7.596,79.42,287.755,9.674,85.259,3.9327,4.0005
6,2025-01-23,,7.429,255.0,7.283,91.011,312.589,11.289,92.476,4.0005,4.053
6,2025-01-24,27.586,8.444,255.0,7.539,76.03,327.969,10.672,85.806,4.053,4.0817
6,2025-01-25,28.163,8.911,255.0,7.558,81.034,389.078,10.552,90.269,4.0817,4.097
6,2025-01-26,30.018,7.76,255.0,7.387,79.006,383.477,10.399,85.435,4.097,4.1308
6,2025-01-27,27.179,7.554,255.0,7.003,,413.132,10.08,89.699,4.1308,4.1509
6,2025-01-28,28.777,9.283,255.0,6.947,87.6,440.664,11.168,90.12,4.1509,4.1959
6,2025-01-29,28.52,9.011,255.0,7.03,74.33,441.805,11.527,85.265,4.1959,4.2081
6,2025-01-30,27.233,7.838,255.0,7.274,73.254,410.09,10.552,87.807,4.2081,4.2122
6,2025-01-31,29.613,8.476,255.0,6.851,62.317,426.365,10.818,86.994,4.2122,4.2135
6,2025-02-01,,8.625,255.0,7.3,55.061,470.534,10.831,89.084,4.2135,4.2349
6,2025-02-02,31.311,7.564,255.0,7.083,67.556,458.994,9.959,88.423,4.2349,4.2321
6,2025-02-03,30.854,9.068,255.0,6.999,77.463,449.813,11.028,84.709,4.2321,4.2586
6,2025-02-04,31.566,8.049,255.0,6.927,69.917,519.882,10.905,91.661,4.2586,4.2901
6,2025-02-05,31.835,9.562,255.0,7.278,57.894,503.627,11.422,87.18,4.2901,4.2815
6,2025-02-06,30.971,7.52,255.0,7.005,69.382,458.283,10.422,84.525,4.2815,4.314
6,2025-02-07,30.041,8.044,255.0,6.857,66.939,485.678,10.598,86.641,4.314,4.3405
6,2025-02-08,31.044,8.15,255.0,7.099,61.151,551.661,10.495,88.091,4.3405,4.404
6,2025-02-09,30.751,9.557,255.0,7.113,79.218,490.115,10.748,86.909,4.404,4.4477
6,2025-02-10,31.474,9.147,255.0,7.113,59.597,440.587,11.894,84.323,4.4477,4.4816
6,2025-02-11,,7.79,255.0,7.035,64.236,441.014,9.573,88.207,4.4816,4.5144
6,2025-02-12,31.143,8.516,255.0,7.267,,432.643,10.715,84.806,4.5144,4.5308
6,2025-02-13,29.748,8.323,255.0,7.322,56.919,467.482,11.004,93.811,4.5308,4.5325
6,2025-02-14,30.668,8.55,255.0,7.455,53.471,425.778,10.288,86.316,4.5325,4.5561
6,2025-02-15,29.661,9.446,255.0,7.485,49.984,435.319,10.547,91.153,4.5561,4.5966
6,2025-02-16,29.812,8.316,255.0,7.367,59.654,471.813,11.172,90.314,4.5966,4.6121
6,2025-02-17,29.722,8.845,255.0,7.28,62.956,441.121,11.226,88.996,4.6121,4.6887
6,2025-02-18,28.772,8.717,255.0,7.654,63.911,,10.428,88.238,4.6887,4.7014
6,2025-02-19,30.609,7.784,255.0,7.698,55.924,394.004,10.463,90.287,4.7014,4.7132
6,2025-02-20,30.491,10.365,255.0,7.758,62.536,351.693,11.387,88.98,4.7132,4.747
6,2025-02-21,31.528,8.99,255.0,7.466,79.152,432.957,11.271,90.965,4.747,4.8075
6,2025-02-22,29.675,7.956,255.0,8.157,55.124,373.041,10.709,87.878,4.8075,4.817
6,2025-02-23,30.295,9.26,255.0,7.714,65.646,308.909,12.073,88.705,4.817,4.8315
6,2025-02-24,29.263,9.544,255.0,7.704,71.703,301.695,11.991,89.668,4.8315,4.8823
6,2025-02-25,31.165,8.025,255.0,8.047,72.03,319.75,10.118,89.209,4.8823,4.9078
6,2025-02-26,30.653,8.277,255.0,7.841,68.6,340.624,11.794,89.299,4.9078,5.0004
6,2025-02-27,31.251,9.08,255.0,7.626,68.176,268.413,11.442,84.329,5.0004,5.0211
6,2025-02-28,31.263,8.983,255.0,7.989,81.18,339.452,10.638,89.151,5.0211,5.0025
6,2025-03-01,31.923,9.883,255.0,7.652,76.906,328.027,11.772,90.167,5.0025,5.0052
6,2025-03-02,30.266,9.694,255.0,7.499,78.013,373.558,11.137,87.339,5.0052,5.0347
6,2025-03-03,31.111,8.897,255.0,7.906,87.973,348.232,10.683,89.656,5.0347,5.0686
6,2025-03-04,32.262,9.982,255.0,7.894,71.328,364.335,11.235,86.249,5.0686,5.0787
6,2025-03-05,32.762,9.761,255.0,7.878,81.098,370.633,10.894,90.96,5.0787,5.101
6,2025-03-06,32.883,9.358,255.0,7.703,86.404,432.006,11.32,91.693,5.101,5.127
6,2025-03-07,31.32,9.179,255.0,7.8,75.661,388.476,11.205,89.535,5.127,5.1362
6,2025-03-08,33.7,8.612,255.0,7.142,94.805,428.6,11.723,89.55,5.1362,5.1607
6,2025-03-09,33.035,9.504,255.0,7.325,75.142,395.43,11.858,84.633,5.1607,5.1953
6,2025-03-10,32.844,9.498,255.0,7.554,86.424,395.907,11.851,89.433,5.1953,5.2224
6,2025-03-11,33.617,8.951,255.0,7.034,88.864,452.99,9.993,88.449,5.2224,5.2071
6,2025-03-12,33.102,9.054,255.0,7.579,91.729,408.386,11.228,93.281,5.2071,5.2337
6,2025-03-13,33.574,8.765,255.0,7.553,80.687,,10.708,89.19,5.2337,5.2589
6,2025-03-14,33.469,8.356,255.0,7.093,86.396,481.958,10.518,87.662,5.2589,5.2923
6,2025-03-15,33.238,8.95,255.0,7.243,80.867,480.86,11.24,93.488,5.2923,5.3113
6,2025-03-16,31.862,8.498,255.0,7.042,88.059,496.791,10.957,86.5,5.3113,5.3145
6,2025-03-17,31.729,8.323,255.0,7.341,95.764,407.851,10.876,88.464,5.3145,5.3366
6,2025-03-18,33.085,9.526,255.0,7.262,77.099,430.206,11.482,85.191,5.3366,5.3037
6,2025-03-19,31.379,8.815,255.0,7.001,83.313,493.806,11.255,89.067,5.3037,5.3839
6,2025-03-20,33.039,9.035,255.0,7.027,78.254,492.253,10.628,85.204,5.3839,5.3892
6,2025-03-21,32.551,9.154,255.0,7.033,81.521,442.346,11.131,89.429,5.3892,5.4322
6,2025-03-22,32.622,9.73,255.0,6.927,76.054,541.253,11.52,87.462,5.4322,5.4464
6,2025-03-23,31.99,9.282,255.0,6.974,75.257,510.024,11.478,88.448,5.4464,5.4376
6,2025-03-24,31.509,10.025,255.0,7.038,82.847,480.617,11.884,87.371,5.4376,5.4319
6,2025-03-25,31.284,9.781,255.0,7.163,82.359,447.99,11.155,83.377,5.4319,5.4807
6,2025-03-26,32.077,8.307,255.0,7.351,66.518,440.132,10.482,88.833,5.4807,5.5229
6,2025-03-27,33.273,9.568,255.0,7.071,75.199,502.49,11.601,89.614,5.5229,5.549
6,2025-03-28,31.318,8.817,255.0,7.211,71.364,401.992,11.052,87.126,5.549,5.5823
6,2025-03-29,32.156,9.981,255.0,7.358,69.211,339.899,11.723,85.519,5.5823,5.6143
6,2025-03-30,33.336,10.587,255.0,7.138,58.729,413.365,11.873,84.363,5.6143,5.6413
6,2025-03-31,31.016,8.602,255.0,7.235,65.194,415.475,10.724,87.751,5.6413,5.6457
6,2025-04-01,31.846,9.774,255.0,7.578,68.392,444.184,11.541,82.624,5.6457,5.6629
6,2025-04-02,34.133,9.975,255.0,7.163,73.834,404.149,11.343,87.193,5.6629,5.6239
6,2025-04-03,33.433,10.065,255.0,7.481,67.91,366.237,11.177,85.67,5.6239,5.6236
6,2025-04-04,31.678,9.385,255.0,7.45,54.086,357.659,11.568,87.85,5.6236,5.6574
6,2025-04-05,34.421,10.847,255.0,7.845,54.671,379.053,11.997,84.126,5.6574,5.7117
6,2025-04-06,34.724,8.587,255.0,7.627,64.514,283.847,10.101,87.775,5.7117,5.6708
6,2025-04-07,34.011,10.055,255.0,7.621,,361.382,11.722,83.251,5.6708,5.6708
6,2025-04-08,32.806,10.318,255.0,7.804,52.465,332.56,12.152,85.512,5.6708,5.7169
6,2025-04-09,34.872,9.414,255.0,7.94,56.386,427.469,11.345,89.689,5.7169,5.7339
6,2025-04-10,34.136,8.634,255.0,7.56,58.574,381.262,10.061,86.62,5.7339,5.7115
6,2025-04-11,34.731,8.49,255.0,7.58,59.096,411.92,10.533,83.142,5.7115,5.7413
6,2025-04-12,31.96,10.106,255.0,7.762,60.176,362.095,11.187,87.574,5.7413,5.7953
6,2025-04-13,32.084,9.576,255.0,7.562,57.096,345.382,12.651,87.55,5.7953,5.8036
6,2025-04-14,31.371,9.149,255.0,8.073,63.753,398.131,10.708,86.179,5.8036,5.799
6,2025-04-15,33.018,9.688,255.0,7.822,61.053,413.81,11.244,86.217,5.799,5.7852
6,2025-04-16,30.644,8.642,255.0,,71.935,362.472,11.706,87.318,5.7852,5.7928
6,2025-04-17,34.026,9.137,255.0,7.436,81.111,409.932,11.471,91.958,5.7928,5.8322
6,2025-04-18,31.865,9.748,255.0,7.637,64.829,411.248,11.208,88.718,5.8322,5.8805
6,2025-04-19,32.207,10.626,255.0,7.795,64.674,433.893,12.417,84.787,5.8805,5.8843
6,2025-04-20,32.254,9.221,255.0,7.555,58.235,460.577,10.57,83.986,5.8843,5.9518
6,2025-04-21,30.51,9.909,255.0,7.663,68.006,485.884,11.386,88.745,5.9518,5.9695
6,2025-04-22,32.213,9.583,,7.447,83.337,515.135,11.51,84.15,5.9695,5.9868
6,2025-04-23,31.049,8.531,255.0,7.209,55.506,463.228,9.804,86.764,5.9868,5.9919
6,2025-04-24,29.841,9.128,255.0,7.226,74.014,428.703,11.06,86.766,5.9919,6.0741
6,2025-04-25,31.142,9.517,255.0,7.215,75.638,461.362,11.296,89.195,6.0741,6.1006
6,2025-04-26,30.521,8.798,255.0,7.311,72.861,528.035,12.165,86.345,6.1006,6.1726
6,2025-04-27,30.851,8.443,255.0,7.549,,489.771,11.452,89.573,6.1726,6.1954
6,2025-04-28,30.77,9.969,255.0,7.317,76.619,541.768,11.415,90.236,6.1954,6.2988
6,2025-04-29,32.192,9.145,255.0,7.125,78.969,454.148,10.5,88.151,6.2988,6.3072
6,2025-04-30,31.546,9.135,255.0,7.126,92.303,500.607,12.059,86.302,6.3072,6.3312
6,2025-05-01,31.279,10.586,255.0,6.959,65.466,448.873,10.86,84.729,6.3312,6.3502
6,2025-05-02,29.994,9.906,255.0,6.738,81.028,456.965,11.829,87.627,6.3502,6.3558
6,2025-05-03,31.771,9.343,255.0,7.246,88.402,472.797,11.309,87.518,6.3558,6.4416
6,2025-05-04,32.162,8.783,255.0,6.973,85.918,379.227,10.891,89.307,6.4416,6.4599
6,2025-05-05,34.65,9.254,255.0,6.647,73.744,435.587,10.802,86.704,6.4599,6.4907
6,2025-05-06,31.545,8.859,255.0,7.094,86.27,439.548,9.902,87.552,6.4907,6.5362
6,2025-05-07,33.409,9.156,255.0,7.123,93.463,464.106,11.244,92.704,6.5362,6.523
6,2025-05-08,32.674,8.708,255.0,6.642,79.387,424.967,10.893,84.554,6.523,6.5298
6,2025-05-09,33.344,8.503,255.0,7.267,76.121,384.346,11.591,85.041,6.5298,6.5105
6,2025-05-10,31.693,9.03,255.0,7.267,83.273,379.821,10.504,85.832,6.5105,6.5543
6,2025-05-11,33.166,8.886,,7.254,89.037,384.412,11.626,85.024,6.5543,6.5581
6,2025-05-12,32.801,7.891,255.0,7.475,86.194,432.531,10.533,86.345,6.5581,6.6042
6,2025-05-13,31.192,7.477,255.0,6.929,83.315,,9.779,86.375,6.6042,6.6653
6,2025-05-14,33.886,9.152,255.0,7.465,86.677,310.337,11.433,85.157,6.6653,6.704
6,2025-05-15,31.407,9.606,255.0,7.585,67.275,272.801,11.846,90.571,6.704,6.7329
6,2025-05-16,31.906,9.425,255.0,7.345,85.154,332.267,11.351,88.284,6.7329,6.7376
6,2025-05-17,32.932,8.167,255.0,7.515,81.327,339.485,10.978,88.467,6.7376,6.7655
6,2025-05-18,29.848,9.989,255.0,7.574,71.104,352.042,11.079,88.276,6.7655,6.781
6,2025-05-19,29.268,10.452,255.0,7.559,71.668,319.291,11.916,86.08,6.781,6.8165
6,2025-05-20,29.813,8.433,255.0,7.425,70.602,326.139,,88.592,6.8165,6.8777
6,2025-05-21,31.577,8.305,255.0,7.926,,380.872,10.943,86.087,6.8777,6.9043
6,2025-05-22,27.694,8.592,255.0,7.817,72.545,368.121,10.528,87.881,6.9043,6.9281
6,2025-05-23,28.659,9.296,255.0,7.752,70.966,430.244,11.396,90.347,6.9281,6.9586
6,2025-05-24,28.206,8.801,255.0,7.235,69.847,377.551,10.862,87.466,6.9586,7.0241
6,2025-05-25,28.906,7.927,255.0,7.831,67.455,363.086,,87.183,7.0241,7.0581
6,2025-05-26,29.235,9.18,255.0,7.75,68.299,390.88,11.396,86.223,7.0581,7.1106
6,2025-05-27,30.846,7.794,255.0,7.782,61.239,427.072,10.618,95.546,7.1106,7.1689
6,2025-05-28,31.085,8.906,255.0,7.755,64.038,407.416,11.518,85.087,7.1689,7.1812
6,2025-05-29,27.863,9.109,255.0,7.931,58.04,454.09,10.386,87.1,7.1812,7.2057
6,2025-05-30,29.832,8.428,255.0,7.655,60.948,476.527,10.532,93.125,7.2057,7.2427
6,2025-05-31,30.49,8.251,255.0,7.952,64.889,431.959,11.33,84.393,7.2427,7.272
6,2025-06-01,30.889,8.655,255.0,7.653,58.818,488.328,11.003,85.277,7.272,7.3329
6,2025-06-02,,8.593,255.0,7.886,64.028,430.856,10.41,91.754,7.3329,7.3408
6,2025-06-03,30.752,8.222,255.0,7.709,49.767,457.488,11.005,89.064,7.3408,7.3326
6,2025-06-04,30.697,7.429,255.0,7.795,61.108,446.591,9.869,85.625,7.3326,7.3609
6,2025-06-05,29.744,8.6,255.0,7.616,66.888,484.421,11.377,91.023,7.3609,7.4025
6,2025-06-06,30.007,7.602,255.0,7.704,64.642,502.656,10.155,91.453,7.4025,7.4087
6,2025-06-07,29.957,9.365,255.0,7.224,55.57,581.386,11.638,85.793,7.4087,7.3941
6,2025-06-08,30.542,8.746,255.0,7.649,48.142,433.149,10.882,94.445,7.3941,7.4226
6,2025-06-09,29.081,6.724,255.0,7.334,61.415,468.051,9.855,85.978,7.4226,7.4789
6,2025-06-10,29.23,7.987,255.0,7.273,67.894,443.837,11.034,86.286,7.4789,7.5453
6,2025-06-11,28.912,8.656,255.0,7.417,66.077,464.197,11.852,87.908,7.5453,7.5683
6,2025-06-12,29.757,8.797,255.0,7.145,50.21,479.509,10.473,89.342,7.5683,7.6092
6,2025-06-13,28.351,7.718,255.0,7.096,55.748,492.388,9.742,90.185,7.6092,7.6211
6,2025-06-14,29.317,8.286,255.0,7.052,69.443,469.964,10.304,88.2,7.6211,7.5917
6,2025-06-15,29.196,7.742,255.0,6.943,68.276,420.551,10.039,83.044,7.5917,7.6215
6,2025-06-16,27.869,8.683,255.0,6.998,72.467,419.457,10.927,87.504,7.6215,7.608
6,2025-06-17,28.728,9.09,255.0,7.359,67.471,387.281,10.841,87.465,7.608,7.6097
6,2025-06-18,26.174,7.98,255.0,6.416,72.009,368.898,10.942,88.794,7.6097,7.6024
6,2025-06-19,26.24,7.344,255.0,7.102,62.554,439.96,10.156,88.661,7.6024,7.5941
6,2025-06-20,25.229,,255.0,7.026,79.408,383.089,11.08,86.401,7.5941,7.6053
6,2025-06-21,27.346,8.156,255.0,7.573,88.469,309.015,10.606,86.654,7.6053,7.6231
6,2025-06-22,27.26,6.188,255.0,6.813,92.572,364.385,9.335,87.528,7.6231,7.6233
6,2025-06-23,25.249,7.241,255.0,7.035,86.922,371.389,10.546,87.196,7.6233,7.6137
6,2025-06-24,25.928,8.048,255.0,7.09,80.038,343.275,11.186,90.643,7.6137,7.5852
6,2025-06-25,25.957,7.104,255.0,7.325,87.531,308.306,9.857,84.106,7.5852,7.6011
6,2025-06-26,27.511,8.049,255.0,7.324,71.128,319.462,11.049,86.503,7.6011,7.6413
6,2025-06-27,26.237,8.414,255.0,7.254,80.686,387.774,10.2,91.27,7.6413,7.6701
6,2025-06-28,27.109,7.34,255.0,7.166,,304.953,11.186,86.35,7.6701,7.7111
6,2025-06-29,27.445,7.513,255.0,7.386,87.618,346.092,9.676,83.413,7.7111,7.6675
6,2025-06-30,27.432,7.413,255.0,7.429,75.902,358.623,10.429,94.833,7.6675,7.7259
6,2025-07-01,25.893,8.261,255.0,7.489,85.884,361.615,11.485,88.414,7.7259,7.7349
6,2025-07-02,28.353,7.829,255.0,7.221,87.556,320.584,10.72,85.653,7.7349,7.7411
6,2025-07-03,29.177,7.766,255.0,7.769,104.022,368.15,11.171,85.551,7.7411,7.7441
6,2025-07-04,27.731,7.829,255.0,7.71,74.496,345.282,10.798,86.514,7.7441,7.7621
6,2025-07-05,27.684,7.546,255.0,7.72,86.163,358.704,10.211,89.734,7.7621,7.7755
6,2025-07-06,26.306,7.372,255.0,7.722,68.433,358.695,9.677,,7.7755,7.7886
6,2025-07-07,28.486,7.492,255.0,7.611,83.91,443.352,10.323,82.008,7.7886,7.8257
6,2025-07-08,27.64,5.944,255.0,7.661,74.457,375.466,9.613,86.18,7.8257,7.8594
6,2025-07-09,27.783,6.952,255.0,7.621,76.39,420.154,10.391,84.99,7.8594,7.8955
6,2025-07-10,24.593,7.328,255.0,7.932,81.184,424.698,10.27,87.386,7.8955,7.8704
6,2025-07-11,26.485,8.385,255.0,7.756,87.964,553.225,10.552,84.321,7.8704,7.9292
6,2025-07-12,28.049,8.797,255.0,7.741,79.422,432.462,9.831,87.285,7.9292,7.9701
6,2025-07-13,24.618,6.659,255.0,7.788,77.296,463.192,10.837,91.124,7.9701,8.0226
6,2025-07-14,27.93,7.059,255.0,7.733,72.984,448.405,9.931,90.697,8.0226,8.0275
6,2025-07-15,24.9,6.585,255.0,7.674,78.363,445.503,10.369,87.907,8.0275,8.0664
6,2025-07-16,26.327,6.102,255.0,7.481,68.997,491.076,10.36,87.967,8.0664,8.0651
6,2025-07-17,24.616,6.841,255.0,7.496,77.37,382.994,9.852,90.596,8.0651,8.1032
6,2025-07-18,27.042,7.082,255.0,7.816,84.874,493.61,10.165,89.478,8.1032,8.1218
6,2025-07-19,24.083,8.198,255.0,7.516,75.035,486.625,11.511,85.552,8.1218,8.1565
6,2025-07-20,23.199,7.048,255.0,7.798,52.994,487.726,10.717,87.074,8.1565,8.1546
6,2025-07-21,23.298,6.985,255.0,7.423,60.789,484.625,10.854,,8.1546,8.201
6,2025-07-22,23.408,7.099,255.0,7.348,52.999,473.985,9.721,88.979,8.201,8.2108
6,2025-07-23,22.335,7.35,255.0,7.305,59.051,492.916,10.163,87.936,8.2108,8.2276
6,2025-07-24,24.912,7.434,255.0,7.243,70.172,412.3,10.011,87.306,8.2276,8.2077
6,2025-07-25,24.775,6.782,255.0,7.202,68.757,406.316,11.08,87.106,8.2077,8.2541
6,2025-07-26,24.119,7.624,255.0,6.884,57.48,437.732,10.917,88.879,8.2541,8.2838
6,2025-07-27,24.518,5.263,255.0,7.454,54.37,423.918,9.45,87.917,8.2838,8.2403
6,2025-07-28,23.172,7.313,255.0,6.896,53.88,416.596,9.829,85.591,8.2403,8.2492
6,2025-07-29,23.28,6.806,255.0,7.196,51.093,398.705,9.74,87.801,8.2492,8.2481
6,2025-07-30,25.406,7.233,255.0,7.26,62.948,419.397,10.428,83.503,8.2481,8.2518
6,2025-07-31,24.571,6.902,255.0,6.93,74.463,367.685,10.103,85.375,8.2518,8.2526
6,2025-08-01,24.841,6.564,255.0,7.358,59.944,359.619,,87.403,8.2526,8.2273
6,2025-08-02,23.677,6.683,255.0,7.01,55.737,359.413,10.102,85.394,8.2273,8.2353
6,2025-08-03,24.032,6.148,255.0,7.146,61.944,332.318,9.36,84.891,8.2353,8.2893
6,2025-08-04,25.686,5.612,255.0,7.183,57.638,344.224,9.26,92.596,8.2893,8.302
6,2025-08-05,24.457,7.036,255.0,7.12,72.689,366.517,9.854,94.68,8.302,8.2941
6,2025-08-06,25.321,6.934,255.0,7.192,68.442,373.889,10.511,85.427,8.2941,8.3506
6,2025-08-07,25.839,6.494,255.0,7.12,63.858,333.659,8.938,91.257,8.3506,8.3136
6,2025-08-08,25.798,6.437,255.0,7.104,70.805,281.578,9.891,87.6,8.3136,8.2843
6,2025-08-09,25.177,7.159,255.0,7.248,67.043,440.466,9.805,89.576,8.2843,8.3439
6,2025-08-10,24.894,6.813,255.0,7.306,,321.279,9.942,90.13,8.3439,8.3445
6,2025-08-11,25.619,4.981,255.0,7.024,53.868,400.757,9.198,89.668,8.3445,8.3731
6,2025-08-12,23.83,6.631,255.0,7.351,75.078,425.477,9.253,87.616,8.3731,8.3802
6,2025-08-13,23.248,5.946,255.0,7.627,73.58,460.956,9.914,86.725,8.3802,8.3877
6,2025-08-14,24.668,5.48,255.0,7.076,77.935,414.84,9.595,88.998,8.3877,8.3552
6,2025-08-15,23.287,7.196,255.0,7.48,67.528,384.469,10.489,92.204,8.3552,8.3695
6,2025-08-16,21.767,6.608,255.0,7.602,76.294,429.164,10.486,87.037,8.3695,8.408
6,2025-08-17,23.243,6.625,255.0,7.418,85.975,489.52,9.926,88.061,8.408,8.3967
6,2025-08-18,21.086,6.3,255.0,7.524,82.745,397.598,9.759,85.185,8.3967,8.3577
6,2025-08-19,22.1,5.992,255.0,7.658,69.522,462.045,9.562,87.902,8.3577,8.3294
6,2025-08-20,21.392,7.129,255.0,7.755,82.831,416.378,9.71,87.854,8.3294,8.337
6,2025-08-21,23.376,5.667,255.0,7.722,70.774,464.76,10.212,84.677,8.337,8.3776
6,2025-08-22,20.915,6.452,255.0,7.999,84.806,492.387,9.105,88.202,8.3776,8.3456
6,2025-08-23,20.633,6.528,255.0,7.678,91.397,481.855,9.963,86.852,8.3456,8.3676
6,2025-08-24,22.174,5.79,255.0,7.968,88.486,489.089,9.647,88.053,8.3676,8.376
6,2025-08-25,23.369,6.221,255.0,7.765,79.825,495.862,9.712,90.478,8.376,8.3703
6,2025-08-26,21.258,7.333,255.0,7.714,80.117,406.767,9.89,88.552,8.3703,8.3562
6,2025-08-27,21.425,7.332,255.0,8.225,91.804,534.112,11.097,91.854,8.3562,8.3355
6,2025-08-28,24.039,5.338,255.0,7.539,76.364,472.825,8.509,84.048,8.3355,8.3112
6,2025-08-29,23.465,6.0,255.0,7.807,86.176,466.414,10.145,88.262,8.3112,8.2749
6,2025-08-30,23.121,5.096,255.0,7.744,82.813,420.697,9.409,87.712,8.2749,8.2826
6,2025-08-31,22.137,6.376,255.0,7.519,73.963,485.146,10.291,89.125,8.2826,8.2383
6,2025-09-01,24.44,4.578,255.0,7.711,95.357,458.72,9.191,88.281,8.2383,8.3043
6,2025-09-02,22.254,5.253,255.0,7.505,91.76,424.182,9.557,90.315,8.3043,8.3335
6,2025-09-03,24.617,6.132,255.0,7.437,79.494,422.543,10.894,86.499,8.3335,8.3045
6,2025-09-04,23.39,5.701,255.0,7.594,82.181,473.441,10.167,87.346,8.3045,8.2903
6,2025-09-05,23.569,5.998,255.0,7.471,72.26,463.245,9.036,86.263,8.2903,8.2907
6,2025-09-06,24.472,5.673,255.0,7.394,79.339,390.229,9.725,88.51,8.2907,8.2862
6,2025-09-07,23.488,6.758,255.0,7.558,88.008,408.177,9.855,87.421,8.2862,8.2834
6,2025-09-08,23.375,6.149,255.0,7.069,79.588,316.582,9.667,90.139,8.2834,8.2774
6,2025-09-09,24.777,5.528,255.0,6.875,73.773,309.023,9.114,88.516,8.2774,8.294
6,2025-09-10,21.428,6.426,255.0,6.89,78.484,345.989,10.581,84.783,8.294,8.271
6,2025-09-11,20.541,,255.0,7.379,73.476,395.852,9.994,85.688,8.271,8.2745
6,2025-09-12,21.355,5.929,255.0,7.114,,330.999,9.415,85.539,8.2745,8.2596
6,2025-09-13,23.081,5.071,255.0,7.188,67.326,387.562,9.772,87.676,8.2596,8.3031
6,2025-09-14,20.868,4.196,255.0,6.741,53.076,362.232,9.885,81.5,8.3031,8.3055
6,2025-09-15,22.784,5.223,255.0,7.167,61.624,431.312,9.415,88.313,8.3055,8.2974
6,2025-09-16,21.945,4.954,255.0,6.692,61.428,369.007,8.968,87.009,8.2974,8.3243
6,2025-09-17,21.436,5.772,255.0,7.081,51.954,295.365,9.542,88.512,8.3243,8.3159
6,2025-09-18,21.359,6.745,255.0,7.039,63.24,339.074,9.978,87.576,8.3159,8.3398
6,2025-09-19,21.316,5.426,255.0,6.905,63.305,395.221,10.217,80.778,8.3398,8.3509
6,2025-09-20,21.328,4.519,255.0,7.043,65.993,317.35,7.734,87.996,8.3509,8.3874
6,2025-09-21,20.241,5.67,255.0,7.235,67.276,341.705,9.977,86.167,8.3874,8.4048
6,2025-09-22,21.281,5.948,255.0,6.945,46.914,369.049,10.114,88.104,8.4048,8.4051
6,2025-09-23,20.832,5.025,255.0,7.315,66.05,373.156,9.458,83.341,8.4051,8.4026
6,2025-09-24,21.916,5.577,255.0,7.371,57.663,316.14,9.408,88.257,8.4026,8.408
6,2025-09-25,20.325,5.486,255.0,7.055,46.852,403.332,9.133,89.848,8.408,8.4156
6,2025-09-26,23.16,5.581,255.0,7.303,64.385,435.694,9.328,85.16,8.4156,8.3709
6,2025-09-27,22.101,5.432,255.0,7.352,58.431,478.895,9.556,86.932,8.3709,8.3694
6,2025-09-28,23.908,4.782,255.0,7.595,66.927,493.024,9.435,87.535,8.3694,8.3798
6,2025-09-29,22.511,6.702,255.0,7.465,60.937,426.195,10.219,85.522,8.3798,8.3589
6,2025-09-30,22.499,5.174,255.0,7.265,57.195,437.386,9.112,88.22,8.3589,8.3701
6,2025-10-01,22.656,6.218,255.0,7.199,58.234,484.273,9.893,89.92,8.3701,8.3612
6,2025-10-02,22.095,5.817,255.0,7.592,70.639,466.967,10.235,91.705,8.3612,8.3655
6,2025-10-03,23.338,6.11,255.0,7.552,70.431,420.185,9.741,83.937,8.3655,8.342
6,2025-10-04,22.808,5.925,255.0,7.674,65.559,471.254,10.198,86.29,8.342,8.3319
6,2025-10-05,23.722,5.757,255.0,7.553,71.394,471.502,10.217,87.485,8.3319,8.3507
6,2025-10-06,24.494,6.543,255.0,7.516,70.833,478.463,9.936,88.638,8.3507,8.3366
6,2025-10-07,23.616,4.921,255.0,7.588,66.166,498.852,9.262,89.738,8.3366,8.3099
6,2025-10-08,22.127,5.583,255.0,7.782,63.632,490.406,9.11,85.517,8.3099,8.2575
6,2025-10-09,22.757,5.937,255.0,7.602,73.569,511.047,10.555,90.14,8.2575,8.2457
6,2025-10-10,20.681,5.681,255.0,7.893,64.943,429.108,9.19,87.785,8.2457,8.2272
6,2025-10-11,22.237,4.921,255.0,7.663,70.223,448.23,8.854,89.08,8.2272,8.2241
6,2025-10-12,23.603,5.996,255.0,7.658,76.049,403.031,9.669,88.172,8.2241,8.1958
6,2025-10-13,21.087,4.965,255.0,7.711,82.363,430.129,9.482,85.771,8.1958,8.1724
6,2025-10-14,21.657,5.793,255.0,7.46,80.837,422.522,9.733,88.497,8.1724,8.1945
6,2025-10-15,21.677,5.239,255.0,7.437,78.09,361.434,9.451,90.702,8.1945,8.1695
6,2025-10-16,21.746,5.813,255.0,7.174,80.866,386.436,10.161,85.229,8.1695,8.1692
6,2025-10-17,19.351,5.375,255.0,7.84,,422.891,9.802,85.828,8.1692,8.1409
6,2025-10-18,22.126,5.876,255.0,7.208,89.72,318.33,9.273,87.681,8.1409,8.1639
6,2025-10-19,20.117,5.799,255.0,7.638,93.949,362.604,9.511,85.259,8.1639,8.1907
6,2025-10-20,18.637,5.51,255.0,7.206,85.01,,8.886,90.179,8.1907,8.1894
6,2025-10-21,21.037,6.477,255.0,7.3,80.981,341.426,10.402,87.441,8.1894,8.2011
6,2025-10-22,22.521,5.86,255.0,7.279,97.005,395.563,10.17,86.366,8.2011,8.1597
6,2025-10-23,21.79,5.873,255.0,6.956,91.316,332.587,9.547,83.232,8.1597,8.1736
6,2025-10-24,20.959,5.538,255.0,7.708,73.838,316.133,9.811,84.697,8.1736,8.2031
6,2025-10-25,21.835,6.181,255.0,7.227,76.64,331.218,9.746,89.619,8.2031,8.182
6,2025-10-26,22.274,4.68,255.0,7.099,72.591,310.464,9.973,83.61,8.182,8.1962
6,2025-10-27,21.292,5.976,255.0,7.382,84.156,326.172,9.629,89.092,8.1962,8.1987
6,2025-10-28,22.413,6.134,255.0,7.08,74.227,372.34,9.892,82.054,8.1987,8.189
6,2025-10-29,22.142,6.737,255.0,7.652,60.057,362.344,10.063,86.92,8.189,8.1955
6,2025-10-30,22.264,5.929,255.0,7.161,79.236,365.068,9.406,94.445,8.1955,8.2172
6,2025-10-31,22.38,6.056,255.0,7.085,61.306,341.428,9.394,,8.2172,8.22
6,2025-11-01,24.518,6.03,255.0,6.838,66.123,,9.076,87.644,8.22,8.2077
6,2025-11-02,23.392,5.654,255.0,6.942,73.298,362.375,9.18,82.989,8.2077,8.2364
6,2025-11-03,24.175,7.015,255.0,6.946,76.559,357.562,10.476,91.178,8.2364,8.282
6,2025-11-04,22.971,5.893,255.0,6.921,69.497,416.497,9.664,85.801,8.282,8.2925
6,2025-11-05,23.463,5.198,255.0,6.768,63.772,369.656,8.963,85.669,8.2925,8.2768
6,2025-11-06,25.814,5.139,255.0,7.358,65.541,405.801,9.577,86.726,8.2768,8.3287
6,2025-11-07,21.381,5.868,255.0,7.209,75.344,425.185,10.838,89.356,8.3287,8.2942
6,2025-11-08,23.721,5.257,255.0,7.313,61.205,406.868,8.932,89.845,8.2942,8.324
6,2025-11-09,24.43,5.844,255.0,7.005,67.265,440.351,8.948,91.954,8.324,8.2909
6,2025-11-10,23.482,6.048,255.0,7.571,59.816,451.904,9.872,88.055,8.2909,8.3026
6,2025-11-11,23.182,5.824,255.0,7.501,59.19,499.132,10.245,85.98,8.3026,8.2895
6,2025-11-12,22.124,6.513,255.0,7.479,61.575,504.245,10.045,92.845,8.2895,8.2719
6,2025-11-13,22.09,6.485,255.0,7.536,62.024,448.884,10.417,92.42,8.2719,8.3205
6,2025-11-14,23.333,7.729,255.0,7.582,61.19,509.422,10.283,88.551,8.3205,8.3479
6,2025-11-15,22.284,6.338,255.0,7.679,65.113,505.79,10.005,85.265,8.3479,8.3627
6,2025-11-16,23.026,6.71,255.0,7.464,58.948,436.324,9.394,87.939,8.3627,8.3691
6,2025-11-17,24.022,6.126,255.0,7.631,53.189,461.497,9.221,83.602,8.3691,8.3755
6,2025-11-18,21.343,5.913,255.0,7.734,49.56,471.146,10.043,89.536,8.3755,8.3755
6,2025-11-19,21.473,6.228,255.0,7.988,62.74,457.793,10.056,86.87,8.3755,8.3705
6,2025-11-20,21.753,7.006,255.0,7.364,64.751,436.802,9.295,85.31,8.3705,8.3753
6,2025-11-21,23.031,6.898,255.0,7.454,64.753,469.871,10.203,89.009,8.3753,8.3556
6,2025-11-22,,6.16,255.0,8.145,54.001,489.142,9.497,88.69,8.3556,8.3604
6,2025-11-23,23.283,5.951,255.0,7.894,62.046,430.078,8.488,86.126,8.3604,8.3802
6,2025-11-24,23.835,6.442,255.0,8.05,66.989,389.838,10.284,89.012,8.3802,8.3728
6,2025-11-25,23.522,7.405,255.0,7.826,55.78,379.958,10.028,85.214,8.3728,8.4234
6,2025-11-26,22.68,5.892,255.0,7.375,73.42,388.005,9.493,87.05,8.4234,8.4143
6,2025-11-27,21.894,5.576,255.0,7.461,70.574,413.42,10.169,83.619,8.4143,8.401
6,2025-11-28,27.135,7.474,255.0,7.982,75.599,384.637,10.182,85.428,8.401,8.4238
6,2025-11-29,26.089,6.282,255.0,7.513,60.959,371.19,10.38,90.937,8.4238,8.4419
6,2025-11-30,24.917,7.455,255.0,7.406,69.628,415.028,9.871,,8.4419,8.4522
6,2025-12-01,26.244,7.652,255.0,7.651,83.805,316.516,10.373,93.509,8.4522,8.4307
6,2025-12-02,25.311,6.706,255.0,7.595,84.327,408.764,10.035,90.374,8.4307,8.4405
6,2025-12-03,23.81,7.351,255.0,7.582,79.425,307.039,11.19,87.928,8.4405,8.4131
6,2025-12-04,26.321,7.161,255.0,7.341,81.164,363.428,10.285,86.09,8.4131,8.4447
6,2025-12-05,26.296,6.11,255.0,7.136,79.613,372.998,10.217,88.935,8.4447,8.4316
6,2025-12-06,25.744,6.716,255.0,7.527,76.777,328.693,10.947,91.583,8.4316,8.4769
6,2025-12-07,24.623,6.445,255.0,7.223,80.545,368.041,9.948,89.116,8.4769,8.4918
6,2025-12-08,25.763,5.805,255.0,7.323,82.594,326.703,9.421,86.793,8.4918,8.5417
6,2025-12-09,27.674,4.898,255.0,7.282,89.311,,9.622,91.914,8.5417,8.5519
6,2025-12-10,27.411,5.968,255.0,7.136,80.054,403.328,10.222,87.913,8.5519,8.5158
6,2025-12-11,26.727,6.616,255.0,7.099,90.414,382.544,10.429,88.928,8.5158,8.5314
6,2025-12-12,24.021,6.788,255.0,7.292,77.591,360.556,9.659,88.07,8.5314,8.5495
6,2025-12-13,22.807,7.376,255.0,6.996,87.562,390.921,9.932,86.938,8.5495,8.5595
6,2025-12-14,,6.164,255.0,7.192,91.715,427.36,9.482,85.654,8.5595,8.5862
6,2025-12-15,23.883,7.6,255.0,7.167,92.419,455.246,10.664,83.785,8.5862,8.5946
6,2025-12-16,24.239,7.964,255.0,7.023,79.698,468.156,10.402,85.76,8.5946,8.5785
6,2025-12-17,23.822,7.475,255.0,6.872,69.899,449.743,10.079,86.883,8.5785,8.5825
6,2025-12-18,26.056,7.023,255.0,7.248,78.429,452.498,9.74,85.633,8.5825,8.5573
6,2025-12-19,24.745,6.889,255.0,7.128,,481.934,10.864,91.128,8.5573,8.5642
6,2025-12-20,24.326,7.472,255.0,7.067,68.402,493.528,10.257,83.622,8.5642,8.5632
6,2025-12-21,24.835,7.178,255.0,7.386,70.554,465.655,9.835,91.021,8.5632,8.5621
6,2025-12-22,26.068,8.119,255.0,7.44,66.962,492.508,10.775,87.742,8.5621,8.6054
6,2025-12-23,26.298,7.85,255.0,7.252,93.163,464.595,9.805,87.019,8.6054,8.6492
6,2025-12-24,25.029,7.597,255.0,6.992,83.575,482.329,10.292,92.505,8.6492,8.6283
6,2025-12-25,25.741,9.199,255.0,7.66,81.15,414.891,11.739,85.877,8.6283,8.6203
6,2025-12-26,26.672,6.866,255.0,7.286,77.694,431.263,11.157,85.187,8.6203,8.6441
6,2025-12-27,27.819,7.119,255.0,7.207,65.514,437.6,10.342,87.472,8.6441,8.6601
6,2025-12-28,27.695,7.089,255.0,7.316,71.697,466.386,10.304,86.06,8.6601,8.6396
6,2025-12-29,26.764,8.197,255.0,7.293,76.606,412.215,9.975,84.035,8.6396,8.6665
6,2025-12-30,28.809,8.287,255.0,7.698,62.118,424.071,11.084,90.993,8.6665,8.7072
6,2025-12-31,25.877,7.742,255.0,7.567,65.25,445.467,10.1,88.751,8.7072,8.7384
6,2026-01-01,29.63,7.589,255.0,7.478,57.523,493.849,11.122,90.03,8.7384,8.7671
6,2026-01-02,29.54,7.098,255.0,7.665,56.638,419.329,10.889,90.172,8.7671,8.706
6,2026-01-03,27.727,7.634,255.0,7.651,63.604,421.432,10.195,87.521,8.706,8.6965
6,2026-01-04,30.324,7.259,255.0,7.309,74.962,372.345,10.672,86.064,8.6965,8.7015
6,2026-01-05,29.52,7.474,255.0,7.615,63.508,377.798,9.495,86.064,8.7015,8.662
6,2026-01-06,28.753,7.485,255.0,8.075,53.295,384.415,10.677,86.314,8.662,8.6643
6,2026-01-07,28.149,7.467,255.0,7.917,63.399,390.583,10.509,89.464,8.6643,8.6623
6,2026-01-08,29.186,6.809,255.0,7.343,73.018,350.959,10.178,84.798,8.6623,8.6507
6,2026-01-09,28.886,7.386,255.0,7.679,54.83,395.95,10.714,86.261,8.6507,8.6505
6,2026-01-10,27.761,7.743,255.0,7.84,53.76,366.604,11.608,87.658,8.6505,8.6532
6,2026-01-11,28.42,6.681,255.0,8.009,66.995,321.836,10.021,85.497,8.6532,8.6578
6,2026-01-12,28.014,7.119,255.0,7.589,68.424,322.7,9.014,87.283,8.6578,8.6847
6,2026-01-13,27.056,7.834,255.0,7.766,48.534,310.1,10.704,91.3,8.6847,8.7281
6,2026-01-14,26.761,5.53,255.0,7.74,65.183,366.229,9.802,87.831,8.7281,8.7269
6,2026-01-15,26.961,7.649,255.0,7.238,53.611,336.856,9.434,82.658,8.7269,8.7278
6,2026-01-16,,6.294,255.0,7.799,52.896,317.714,9.264,90.501,8.7278,8.7193
6,2026-01-17,26.811,8.115,255.0,7.248,66.572,332.487,10.886,88.906,8.7193,8.6742
6,2026-01-18,27.146,7.005,255.0,7.439,63.174,337.886,9.569,90.872,8.6742,8.7388
6,2026-01-19,27.519,8.295,255.0,7.383,68.515,404.756,11.23,83.538,8.7388,8.7601
6,2026-01-20,27.662,9.277,255.0,7.643,73.688,356.604,10.638,89.439,8.7601,8.7193
6,2026-01-21,28.903,7.929,255.0,6.955,71.933,417.419,10.41,84.528,8.7193,8.7072
6,2026-01-22,29.213,7.077,255.0,7.311,72.695,426.723,10.857,85.769,8.7072,8.6809
6,2026-01-23,26.95,7.761,255.0,7.268,83.082,472.121,10.333,88.495,8.6809,8.7108
6,2026-01-24,28.464,8.247,255.0,7.137,71.255,406.086,10.658,86.498,8.7108,8.7395
6,2026-01-25,29.475,9.536,255.0,7.191,71.156,406.889,11.313,88.961,8.7395,8.7114
6,2026-01-26,28.556,8.264,255.0,7.23,65.008,448.408,10.818,86.549,8.7114,8.7012
6,2026-01-27,29.771,9.068,255.0,7.291,68.83,442.185,10.093,88.024,8.7012,8.7497
6,2026-01-28,28.167,7.545,255.0,7.086,66.597,463.401,10.676,84.227,8.7497,8.7256
6,2026-01-29,31.63,8.479,255.0,6.937,70.41,478.472,11.427,85.128,8.7256,8.7101
6,2026-01-30,32.08,7.026,255.0,7.282,77.495,468.473,10.008,88.264,8.7101,8.7414
6,2026-01-31,31.854,7.7,255.0,7.175,78.592,477.413,11.152,85.795,8.7414,8.7579
6,2026-02-01,30.745,8.673,255.0,7.112,73.814,,10.432,86.707,8.7579,8.7788
6,2026-02-02,29.64,8.251,255.0,7.127,87.835,457.161,10.156,87.319,8.7788,8.7936
6,2026-02-03,30.268,9.697,255.0,7.092,84.549,456.368,11.861,88.807,8.7936,8.7736
6,2026-02-04,32.274,9.024,,7.323,83.872,474.804,10.979,93.43,8.7736,8.7512
6,2026-02-05,30.783,8.147,255.0,7.402,74.39,454.006,10.752,91.084,8.7512,8.8003
6,2026-02-06,31.432,8.403,255.0,7.369,74.426,408.464,11.221,88.367,8.8003,8.7855
6,2026-02-07,32.261,9.04,255.0,7.252,85.405,473.676,10.682,86.643,8.7855,8.7813
6,2026-02-08,29.365,8.802,255.0,7.454,91.235,472.119,11.329,90.331,8.7813,8.7435
6,2026-02-09,31.831,7.994,255.0,7.148,75.68,531.332,10.796,84.827,8.7435,8.7489
6,2026-02-10,31.037,8.839,255.0,7.233,85.124,413.018,11.449,87.749,8.7489,8.7738
6,2026-02-11,30.701,8.335,255.0,7.58,86.665,465.91,11.07,87.06,8.7738,8.7888
6,2026-02-12,30.493,8.727,255.0,6.955,86.237,381.02,11.236,91.375,8.7888,8.8047
6,2026-02-13,30.037,9.082,255.0,7.561,76.967,370.292,11.803,88.746,8.8047,8.824
6,2026-02-14,30.863,8.11,255.0,7.6,83.112,436.429,11.852,88.572,8.824,8.803
6,2026-02-15,28.903,8.217,255.0,7.103,73.734,405.956,10.732,86.791,8.803,8.8361
6,2026-02-16,30.285,8.772,255.0,7.264,73.833,386.451,10.935,88.166,8.8361,8.8476
6,2026-02-17,30.436,8.212,255.0,7.47,79.347,386.511,10.929,88.13,8.8476,8.8613
6,2026-02-18,30.231,9.131,255.0,8.184,68.244,468.058,10.543,87.486,8.8613,8.8723
6,2026-02-19,30.949,8.867,255.0,7.908,70.373,277.275,11.272,87.074,8.8723,8.8656
6,2026-02-20,30.538,8.295,255.0,7.812,80.291,416.496,11.365,87.586,8.8656,8.8628
6,2026-02-21,29.874,9.495,255.0,7.694,73.166,307.695,11.89,86.608,8.8628,8.8524
6,2026-02-22,29.83,9.834,255.0,,58.279,303.664,11.811,89.423,8.8524,8.8429
6,2026-02-23,31.535,9.845,255.0,7.727,71.82,371.033,12.399,84.416,8.8429,8.836
6,2026-02-24,31.986,8.766,255.0,7.781,67.532,342.637,10.993,89.77,8.836,8.8362
6,2026-02-25,30.248,9.119,,7.668,72.973,346.18,10.904,86.834,8.8362,8.8043
6,2026-02-26,31.14,9.004,255.0,7.561,67.816,349.713,11.167,87.91,8.8043,8.7781
6,2026-02-27,32.236,7.762,255.0,7.522,66.799,400.105,11.55,86.582,8.7781,8.7954
6,2026-02-28,34.199,10.086,255.0,7.419,61.496,396.274,11.953,89.259,8.7954,8.8122
6,2026-03-01,33.495,8.377,255.0,7.804,68.653,349.659,11.186,89.141,8.8122,8.8537
6,2026-03-02,32.752,9.278,255.0,7.045,68.883,421.276,11.785,84.876,8.8537,8.8819
6,2026-03-03,32.261,9.801,255.0,7.556,48.692,416.611,11.065,83.401,8.8819,8.8842
6,2026-03-04,34.415,9.204,255.0,7.565,63.795,442.792,10.743,88.008,8.8842,8.9026
6,2026-03-05,33.312,8.661,255.0,7.315,71.581,358.733,11.217,90.791,8.9026,8.9549
6,2026-03-06,33.986,9.374,255.0,7.243,,452.673,11.22,85.681,8.9549,8.9618
6,2026-03-07,31.507,8.789,255.0,6.843,65.957,479.522,10.991,91.47,8.9618,8.9765
6,2026-03-08,32.767,8.888,255.0,7.337,59.413,467.917,11.28,87.17,8.9765,8.9748
6,2026-03-09,32.754,8.461,255.0,7.146,75.936,425.86,11.004,86.263,8.9748,8.9923
6,2026-03-10,31.997,9.381,255.0,7.335,63.043,476.343,10.831,89.53,8.9923,8.9485
6,2026-03-11,33.178,9.963,255.0,7.391,77.306,498.054,11.714,90.557,8.9485,8.9124
6,2026-03-12,31.659,10.075,255.0,6.978,,495.672,11.644,83.936,8.9124,8.906
6,2026-03-13,33.623,9.988,255.0,7.006,76.267,490.647,10.742,86.926,8.906,8.888
6,2026-03-14,31.644,8.25,255.0,6.844,59.13,436.979,10.434,91.236,8.888,8.9097
6,2026-03-15,32.617,8.436,255.0,6.902,71.485,457.337,,91.159,8.9097,8.903
6,2026-03-16,31.169,8.853,255.0,6.941,63.911,476.89,,89.462,8.903,8.9347
6,2026-03-17,30.655,8.389,255.0,7.0,71.884,503.767,11.432,87.927,8.9347,8.9744
6,2026-03-18,30.391,9.091,255.0,7.566,75.977,486.185,11.493,84.29,8.9744,8.9601
6,2026-03-19,31.561,8.988,255.0,7.103,69.167,404.61,11.443,82.952,8.9601,8.9314
6,2026-03-20,30.284,9.395,255.0,7.332,61.787,433.986,10.441,86.296,8.9314,8.9587
6,2026-03-21,29.118,9.646,255.0,6.965,65.561,446.734,11.623,86.932,8.9587,8.962
6,2026-03-22,30.633,9.689,255.0,7.369,82.489,433.719,11.865,85.312,8.962,8.9469
6,2026-03-23,29.493,10.228,255.0,7.087,77.515,387.768,12.666,91.946,8.9469,8.9576
6,2026-03-24,32.706,9.24,255.0,7.46,75.052,468.406,10.951,86.883,8.9576,8.9681
6,2026-03-25,31.568,9.623,255.0,7.217,84.612,455.107,11.365,93.109,8.9681,9.03
6,2026-03-26,32.147,8.123,255.0,7.224,75.906,357.83,9.667,90.121,9.03,9.0572
6,2026-03-27,34.654,8.745,255.0,7.47,78.298,409.817,10.398,87.345,9.0572,9.058
6,2026-03-28,31.098,10.162,255.0,7.215,82.473,391.664,11.627,93.918,9.058,9.0616
6,2026-03-29,33.576,9.442,255.0,7.504,84.333,347.433,11.345,86.381,9.0616,9.0935
6,2026-03-30,32.631,9.396,255.0,7.405,78.081,318.783,11.655,90.825,9.0935,9.0845
6,2026-03-31,31.695,9.855,255.0,7.464,75.792,350.044,11.285,83.979,9.0845,9.0992
6,2026-04-01,32.882,9.657,255.0,7.651,91.215,315.269,11.45,88.997,9.0992,9.1319
6,2026-04-02,31.975,8.717,255.0,7.353,78.845,335.973,11.297,87.409,9.1319,9.0983
6,2026-04-03,32.479,9.517,255.0,7.849,81.019,382.447,10.855,86.081,9.0983,9.1408
6,2026-04-04,33.825,8.04,255.0,7.886,96.677,331.722,10.214,89.111,9.1408,9.164
6,2026-04-05,32.012,9.826,255.0,7.806,76.721,387.684,11.619,90.437,9.164,9.1796
6,2026-04-06,32.633,9.47,255.0,8.011,72.919,298.434,11.691,86.727,9.1796,9.1614
6,2026-04-07,33.425,9.776,255.0,7.788,69.74,450.481,11.495,83.788,9.1614,9.1755
6,2026-04-08,34.172,9.94,255.0,7.71,69.431,374.614,10.734,90.296,9.1755,9.1936
6,2026-04-09,32.295,8.943,255.0,7.595,85.598,344.764,11.37,86.031,9.1936,9.1999
6,2026-04-10,32.854,8.637,255.0,7.851,77.674,394.664,10.879,88.508,9.1999,9.1836
6,2026-04-11,32.865,8.934,255.0,7.966,78.937,337.513,10.757,84.338,9.1836,9.2053
6,2026-04-12,32.112,9.478,255.0,7.66,83.291,414.348,11.58,86.929,9.2053,9.2288
6,2026-04-13,33.469,10.043,255.0,7.928,77.14,373.109,11.123,90.335,9.2288,9.269
6,2026-04-14,30.895,10.61,255.0,7.593,79.748,501.512,11.626,86.698,9.269,9.257
6,2026-04-15,31.146,8.868,255.0,7.339,71.866,444.557,10.588,87.39,9.257,9.2295
6,2026-04-16,33.239,8.778,255.0,7.556,80.925,494.582,11.162,85.826,9.2295,9.2202
6,2026-04-17,33.072,8.974,255.0,7.531,63.297,408.257,11.05,86.8,9.2202,9.1869
6,2026-04-18,31.032,10.319,255.0,7.271,75.536,336.121,11.282,82.901,9.1869,9.2155
6,2026-04-19,30.045,9.428,255.0,7.592,77.44,450.649,10.249,85.347,9.2155,9.2798
6,2026-04-20,31.05,8.792,255.0,7.759,69.519,428.008,10.903,89.762,9.2798,9.3067
6,2026-04-21,29.572,8.203,255.0,7.148,63.513,487.294,10.978,93.665,9.3067,9.307
6,2026-04-22,30.583,9.953,255.0,7.44,61.248,550.918,11.16,90.426,9.307,9.2847
6,2026-04-23,32.025,7.279,255.0,7.343,55.663,499.8,10.615,,9.2847,9.2908
6,2026-04-24,31.25,9.123,255.0,6.956,60.998,469.363,10.751,82.75,9.2908,9.2156
6,2026-04-25,31.526,9.416,255.0,6.641,63.366,473.138,10.708,85.451,9.2156,9.1925
6,2026-04-26,32.126,9.394,255.0,6.949,68.13,487.785,11.114,92.972,9.1925,9.154
6,2026-04-27,31.869,10.866,255.0,6.899,61.043,511.395,12.183,88.973,9.154,9.1581
6,2026-04-28,31.664,9.43,255.0,6.988,56.864,513.42,11.072,91.414,9.1581,9.1581
6,2026-04-29,30.815,10.596,255.0,7.051,44.146,488.059,11.746,84.959,9.1581,9.0988
6,2026-04-30,32.062,8.889,255.0,7.204,75.688,435.805,11.207,94.396,9.0988,9.1163
6,2026-05-01,31.642,10.455,255.0,6.927,62.006,442.818,11.743,85.954,9.1163,9.1636
6,2026-05-02,35.217,8.946,255.0,6.986,54.74,517.861,11.084,89.826,9.1636,9.2196
6,2026-05-03,32.693,8.279,255.0,7.42,67.151,428.912,11.416,89.106,9.2196,9.2301
6,2026-05-04,33.794,9.406,255.0,7.051,59.963,388.214,11.352,86.059,9.2301,9.2417
6,2026-05-05,32.995,9.177,255.0,7.038,60.137,332.714,11.076,84.734,9.2417,9.2256
6,2026-05-06,30.586,10.581,255.0,7.133,73.079,362.425,12.526,84.563,9.2256,9.205
6,2026-05-07,35.037,8.813,255.0,7.364,67.061,370.378,11.199,91.121,9.205,9.2104
6,2026-05-08,32.716,10.31,255.0,7.183,51.993,324.249,11.18,85.264,9.2104,9.2122
6,2026-05-09,32.171,9.117,255.0,7.172,73.082,373.854,11.814,89.582,9.2122,9.2492
6,2026-05-10,31.902,9.492,255.0,7.481,66.485,352.635,11.212,85.605,9.2492,9.2371
6,2026-05-11,31.52,9.674,255.0,7.543,66.69,320.588,11.272,85.199,9.2371,9.2039
6,2026-05-12,32.387,10.195,255.0,7.584,69.575,292.629,11.515,89.066,9.2039,9.2254
6,2026-05-13,31.923,10.235,255.0,7.424,90.981,269.364,11.256,88.34,9.2254,9.2268
6,2026-05-14,29.939,10.397,255.0,7.445,65.578,399.642,12.061,90.598,9.2268,9.2031
6,2026-05-15,30.27,7.775,255.0,7.629,78.649,380.216,10.457,89.39,9.2031,9.2355
7,2025-01-01,26.2,7.871,218.569,7.596,80.434,431.828,10.622,88.974,2.8148,2.8349
7,2025-01-02,27.866,8.107,211.379,7.836,,,11.566,89.849,2.8349,2.8518
7,2025-01-03,27.186,8.149,234.039,7.068,80.894,470.533,9.392,89.245,2.8518,2.8655
7,2025-01-04,26.836,6.989,225.295,7.061,80.182,440.833,9.596,89.786,2.8655,2.8995
7,2025-01-05,27.868,8.144,241.803,7.818,80.214,449.164,11.012,88.289,2.8995,2.9263
7,2025-01-06,28.09,7.111,224.259,7.755,81.616,387.249,10.948,91.881,2.9263,2.9313
7,2025-01-07,30.572,8.015,226.309,7.736,84.565,372.622,10.421,89.013,2.9313,2.9757
7,2025-01-08,28.868,6.977,225.394,7.982,88.141,401.469,10.389,82.444,2.9757,2.963
7,2025-01-09,29.073,7.975,234.385,7.74,92.229,327.247,10.229,88.392,2.963,2.9697
7,2025-01-10,30.186,8.858,241.664,7.809,73.255,375.751,11.139,86.518,2.9697,2.9978
7,2025-01-11,31.086,8.357,228.536,7.794,89.947,415.228,11.165,87.008,2.9978,3.0037
7,2025-01-12,26.486,7.961,226.569,7.68,80.701,390.334,10.532,92.188,3.0037,3.0234
7,2025-01-13,27.576,8.375,240.375,7.955,78.272,311.133,11.457,83.362,3.0234,3.0324
7,2025-01-14,29.106,8.653,219.888,7.825,79.622,392.801,11.024,96.408,3.0324,3.0331
7,2025-01-15,29.556,7.907,232.242,7.867,73.129,343.025,10.764,85.753,3.0331,3.0244
7,2025-01-16,28.799,8.971,232.754,7.48,70.747,381.666,10.445,89.933,3.0244,3.0619
7,2025-01-17,29.713,8.639,231.248,7.726,63.677,365.558,10.406,86.808,3.0619,3.1405
7,2025-01-18,27.845,7.023,226.171,7.908,82.65,369.653,10.83,91.39,3.1405,3.1362
7,2025-01-19,,7.865,221.336,7.575,68.47,367.356,10.72,87.272,3.1362,3.2046
7,2025-01-20,28.131,8.861,241.332,7.186,75.416,327.352,11.004,89.968,3.2046,3.2412
7,2025-01-21,27.83,7.016,243.114,7.357,81.523,341.69,10.67,89.983,3.2412,3.2886
7,2025-01-22,27.368,8.031,234.6,7.588,57.43,411.103,10.389,87.427,3.2886,3.3253
7,2025-01-23,26.526,8.272,239.154,7.531,56.628,331.276,11.125,89.494,3.3253,3.3383
7,2025-01-24,28.643,7.352,239.083,7.351,60.438,381.183,9.845,89.782,3.3383,3.3565
7,2025-01-25,29.157,7.553,238.033,7.321,63.956,423.455,10.689,91.078,3.3565,3.3214
7,2025-01-26,27.824,9.347,236.746,7.222,53.562,424.126,11.442,85.856,3.3214,3.336
7,2025-01-27,29.011,8.319,238.041,7.026,65.708,393.711,11.401,89.53,3.336,3.3638
7,2025-01-28,29.774,8.185,243.363,7.331,74.987,412.923,11.424,91.21,3.3638,3.398
7,2025-01-29,29.298,8.163,229.893,7.014,67.338,404.522,10.521,86.453,3.398,3.439
7,2025-01-30,29.155,9.271,249.25,7.08,59.843,418.177,11.189,87.501,3.439,3.4711
7,2025-01-31,31.81,8.708,248.946,6.919,54.386,477.071,10.46,88.507,3.4711,3.5062
7,2025-02-01,29.178,9.061,246.646,7.134,56.961,460.097,11.289,85.803,3.5062,3.5763
7,2025-02-02,31.331,8.5,250.382,7.103,56.92,453.781,10.133,87.992,3.5763,3.5952
7,2025-02-03,29.787,8.515,243.62,7.293,66.59,475.03,11.753,94.501,3.5952,3.6386
7,2025-02-04,31.623,7.855,230.068,7.203,60.785,491.877,10.276,85.568,3.6386,3.6994
7,2025-02-05,32.098,8.991,233.686,7.118,43.87,453.693,10.931,84.666,3.6994,3.6885
7,2025-02-06,31.385,8.58,239.354,7.23,74.524,503.372,10.782,92.094,3.6885,3.6755
7,2025-02-07,30.578,9.139,255.0,7.116,52.421,451.603,10.554,84.307,3.6755,3.6962
7,2025-02-08,33.31,7.972,252.709,7.198,62.299,503.869,10.702,89.94,3.6962,3.6834
7,2025-02-09,32.295,8.548,238.995,7.0,66.104,499.811,10.629,86.275,3.6834,3.6542
7,2025-02-10,31.292,9.198,255.0,7.072,71.918,453.438,11.049,86.588,3.6542,3.657
7,2025-02-11,31.33,8.284,252.458,7.113,62.978,448.462,11.201,87.357,3.657,3.684
7,2025-02-12,32.748,8.479,242.662,7.204,68.876,432.137,11.04,93.349,3.684,3.7415
7,2025-02-13,30.705,9.65,255.0,7.427,68.901,427.864,11.23,86.065,3.7415,3.7816
7,2025-02-14,31.219,7.749,248.137,7.355,74.671,455.57,10.498,94.229,3.7816,3.8183
7,2025-02-15,29.397,8.476,255.0,7.722,64.487,358.126,11.207,88.352,3.8183,3.8465
7,2025-02-16,29.657,8.652,255.0,7.549,67.818,414.211,10.652,88.746,3.8465,3.8769
7,2025-02-17,30.632,8.532,252.697,7.608,75.762,407.45,10.104,85.136,3.8769,3.8981
7,2025-02-18,29.797,9.471,255.0,7.668,68.04,400.367,11.41,87.381,3.8981,3.9281
7,2025-02-19,30.269,8.109,253.528,7.405,62.851,335.655,10.686,87.167,3.9281,3.9506
7,2025-02-20,31.904,8.069,255.0,7.401,67.823,359.131,10.863,89.427,3.9506,3.9714
7,2025-02-21,29.694,10.028,255.0,7.159,75.523,369.374,12.356,83.364,3.9714,3.9774
7,2025-02-22,28.3,8.761,255.0,7.84,84.827,329.757,11.243,86.704,3.9774,4.0469
7,2025-02-23,29.963,9.678,255.0,7.496,82.225,380.116,11.774,84.805,4.0469,4.1103
7,2025-02-24,30.709,9.024,255.0,7.99,69.732,332.721,10.301,88.41,4.1103,4.214
7,2025-02-25,31.451,9.193,255.0,7.791,77.668,344.585,11.261,82.282,4.214,4.2429
7,2025-02-26,32.38,8.886,255.0,7.612,82.743,343.232,10.94,84.29,4.2429,4.253
7,2025-02-27,30.65,9.509,255.0,7.627,80.179,361.891,11.158,94.035,4.253,4.2704
7,2025-02-28,30.296,8.355,255.0,7.591,86.224,308.192,10.611,90.444,4.2704,4.3281
7,2025-03-01,29.742,8.77,255.0,7.565,85.165,316.226,11.878,83.552,4.3281,4.3946
7,2025-03-02,32.033,9.084,255.0,8.037,100.82,352.13,11.159,85.351,4.3946,4.4236
7,2025-03-03,32.27,7.934,255.0,7.758,85.812,346.528,10.27,88.287,4.4236,4.4557
7,2025-03-04,33.086,8.494,255.0,7.569,88.238,329.261,10.916,88.778,4.4557,4.4836
7,2025-03-05,32.626,8.656,255.0,7.394,83.346,432.51,11.356,86.987,4.4836,4.5016
7,2025-03-06,32.358,9.307,255.0,7.755,99.658,368.427,11.481,88.587,4.5016,4.5055
7,2025-03-07,33.263,10.603,255.0,7.568,77.994,402.896,11.258,87.586,4.5055,4.5129
7,2025-03-08,29.874,9.326,255.0,7.382,77.786,392.792,11.377,86.892,4.5129,4.5906
7,2025-03-09,32.95,8.781,255.0,7.447,81.415,368.766,11.813,89.552,4.5906,4.5655
7,2025-03-10,33.078,8.746,255.0,7.365,66.541,423.817,10.751,87.303,4.5655,4.5858
7,2025-03-11,34.764,8.809,255.0,7.163,68.727,431.951,10.334,89.771,4.5858,4.6168
7,2025-03-12,34.641,8.575,255.0,7.218,89.155,464.976,11.094,90.055,4.6168,4.6388
7,2025-03-13,34.457,9.144,255.0,7.329,77.508,501.395,10.799,83.472,4.6388,4.6268
7,2025-03-14,31.787,10.088,255.0,7.368,75.173,365.037,11.779,89.485,4.6268,4.6733
7,2025-03-15,32.538,8.925,255.0,6.958,71.44,487.314,11.168,89.042,4.6733,4.6475
7,2025-03-16,32.129,8.507,255.0,7.158,65.849,520.178,10.458,91.422,4.6475,4.6476
7,2025-03-17,34.381,9.416,255.0,,73.218,496.311,11.474,85.154,4.6476,4.6611
7,2025-03-18,32.645,9.658,255.0,7.105,68.457,458.315,10.81,88.811,4.6611,4.6767
7,2025-03-19,32.085,9.249,255.0,7.059,64.605,486.461,11.021,87.048,4.6767,4.7106
7,2025-03-20,31.081,9.149,255.0,7.34,67.432,474.476,11.416,88.337,4.7106,4.7351
7,2025-03-21,31.476,9.721,255.0,7.288,58.002,529.254,11.245,90.006,4.7351,4.7335
7,2025-03-22,30.045,9.035,255.0,7.15,67.203,451.858,11.569,87.493,4.7335,4.8506
7,2025-03-23,31.265,8.785,255.0,7.154,70.913,462.963,11.024,91.164,4.8506,4.8812
7,2025-03-24,30.594,9.578,255.0,6.969,70.842,458.039,12.511,90.829,4.8812,4.8968
7,2025-03-25,29.337,7.785,255.0,7.13,55.266,490.589,11.025,86.796,4.8968,4.9659
7,2025-03-26,33.031,8.633,255.0,6.949,60.581,437.62,10.654,88.168,4.9659,4.94
7,2025-03-27,30.983,8.319,255.0,7.024,59.824,386.148,10.977,87.612,4.94,4.9502
7,2025-03-28,31.371,9.047,255.0,7.17,64.149,333.311,11.201,85.313,4.9502,4.9321
7,2025-03-29,31.421,9.49,255.0,7.34,52.382,404.206,11.783,86.555,4.9321,4.9069
7,2025-03-30,31.106,9.487,255.0,7.476,56.109,473.083,11.41,84.587,4.9069,4.913
7,2025-03-31,32.575,8.648,255.0,7.107,66.809,361.068,11.668,84.79,4.913,4.9148
7,2025-04-01,35.389,9.883,255.0,7.5,64.109,344.677,12.676,88.744,4.9148,4.945
7,2025-04-02,31.476,8.684,255.0,7.405,67.021,308.892,10.878,87.365,4.945,4.9568
7,2025-04-03,33.53,8.262,255.0,7.751,63.596,,10.721,84.472,4.9568,4.9764
7,2025-04-04,32.551,9.431,255.0,7.381,63.869,362.351,10.512,87.997,4.9764,4.9508
7,2025-04-05,32.792,11.256,255.0,7.725,70.991,362.425,12.158,89.51,4.9508,4.9854
7,2025-04-06,34.705,9.786,255.0,7.849,63.201,399.241,11.31,92.285,4.9854,4.9831
7,2025-04-07,32.444,8.728,255.0,7.487,62.111,296.041,11.51,87.986,4.9831,4.9705
7,2025-04-08,32.897,7.737,255.0,7.981,53.737,295.982,11.118,87.776,4.9705,4.9852
7,2025-04-09,34.61,9.358,255.0,7.437,69.831,361.701,11.738,84.613,4.9852,5.0039
7,2025-04-10,32.648,7.637,255.0,7.768,72.097,347.93,10.683,88.206,5.0039,5.0228
7,2025-04-11,34.826,8.605,255.0,7.884,58.78,331.567,11.41,83.9,5.0228,5.0858
7,2025-04-12,34.34,8.759,255.0,7.648,67.133,413.489,10.491,84.708,5.0858,5.0539
7,2025-04-13,32.2,9.21,255.0,7.742,60.098,389.184,11.394,85.602,5.0539,5.0829
7,2025-04-14,31.871,10.398,255.0,7.645,72.259,369.815,11.96,86.238,5.0829,5.1111
7,2025-04-15,32.116,,255.0,7.498,,400.603,11.447,90.121,5.1111,5.1594
7,2025-04-16,31.102,8.894,255.0,7.461,71.417,388.162,11.739,88.401,5.1594,5.1697
7,2025-04-17,32.814,10.389,255.0,7.832,65.899,403.122,11.724,85.634,5.1697,5.1761
7,2025-04-18,31.768,8.814,255.0,7.685,86.062,434.124,10.868,84.689,5.1761,5.21
7,2025-04-19,31.381,7.588,255.0,7.583,74.822,376.435,10.86,86.231,5.21,5.2748
7,2025-04-20,30.634,10.175,255.0,7.854,74.888,413.697,10.609,88.055,5.2748,5.325
7,2025-04-21,30.609,8.661,255.0,7.419,70.785,438.685,10.566,87.853,5.325,5.3435
7,2025-04-22,32.145,9.085,255.0,7.743,82.551,468.094,10.867,88.795,5.3435,5.3997
7,2025-04-23,32.564,8.678,255.0,7.535,85.824,487.662,10.71,86.588,5.3997,5.4192
7,2025-04-24,30.085,9.102,255.0,7.239,85.515,478.055,11.172,86.964,5.4192,5.4717
7,2025-04-25,31.722,8.854,255.0,7.395,73.922,503.792,10.733,85.598,5.4717,5.4812
7,2025-04-26,30.526,10.201,255.0,7.164,68.059,492.773,11.089,89.537,5.4812,5.5203
7,2025-04-27,32.314,9.571,255.0,7.011,76.135,416.947,12.479,85.014,5.5203,5.5245
7,2025-04-28,30.183,9.141,255.0,7.135,89.595,505.554,10.848,83.858,5.5245,5.5202
7,2025-04-29,31.165,9.104,255.0,6.951,75.133,472.518,10.813,86.565,5.5202,5.5496
7,2025-04-30,31.07,8.756,255.0,6.785,83.466,470.661,10.86,91.581,5.5496,5.5619
7,2025-05-01,32.339,10.563,255.0,7.142,67.94,475.738,11.358,82.6,5.5619,5.6236
7,2025-05-02,31.139,8.44,255.0,7.104,76.844,447.701,10.477,86.373,5.6236,5.6734
7,2025-05-03,33.439,8.984,255.0,7.054,86.836,443.263,11.821,83.923,5.6734,5.6844
7,2025-05-04,31.283,10.611,255.0,7.481,80.233,448.713,11.563,86.98,5.6844,5.706
7,2025-05-05,34.385,8.994,255.0,7.059,75.144,429.177,10.371,85.261,5.706,5.7459
7,2025-05-06,30.985,8.179,255.0,6.687,73.603,395.517,11.121,86.072,5.7459,5.7608
7,2025-05-07,32.243,10.674,255.0,6.961,81.641,429.559,11.525,87.495,5.7608,5.7874
7,2025-05-08,32.785,8.872,255.0,6.877,90.616,410.42,10.277,85.865,5.7874,5.8176
7,2025-05-09,32.607,8.955,255.0,6.958,74.113,407.206,11.505,89.183,5.8176,5.8256
7,2025-05-10,32.774,8.419,255.0,6.841,66.012,422.652,10.252,86.97,5.8256,5.829
7,2025-05-11,32.04,9.467,255.0,7.181,69.295,363.444,10.685,88.675,5.829,5.8346
7,2025-05-12,32.667,8.61,255.0,7.151,80.482,320.263,11.099,89.786,5.8346,5.9043
7,2025-05-13,31.265,8.267,255.0,7.405,77.521,,10.939,94.704,5.9043,5.9577
7,2025-05-14,33.204,10.607,255.0,7.348,78.355,316.341,11.785,86.634,5.9577,5.9352
7,2025-05-15,31.756,9.149,255.0,7.164,79.161,302.281,11.233,86.424,5.9352,5.9776
7,2025-05-16,31.77,9.309,255.0,7.504,58.075,379.727,10.712,87.434,5.9776,6.0109
7,2025-05-17,30.213,8.681,255.0,7.74,56.708,340.543,10.405,89.007,6.0109,6.0375
7,2025-05-18,29.068,9.674,255.0,7.51,65.61,371.966,10.79,86.233,6.0375,6.04
7,2025-05-19,28.453,8.173,255.0,7.337,61.206,365.205,11.015,92.396,6.04,6.0815
7,2025-05-20,29.828,8.95,255.0,7.657,69.144,384.58,11.261,91.258,6.0815,6.1088
7,2025-05-21,29.187,8.628,255.0,7.43,57.593,319.49,11.038,88.795,6.1088,6.1237
7,2025-05-22,31.287,,255.0,7.742,56.567,377.626,11.098,85.294,6.1237,6.1341
7,2025-05-23,27.849,7.729,255.0,7.654,54.751,366.271,9.756,89.541,6.1341,6.1894
7,2025-05-24,30.395,9.07,255.0,7.762,60.91,354.844,11.392,88.853,6.1894,6.2301
7,2025-05-25,28.549,8.166,255.0,7.872,63.088,389.354,10.518,87.57,6.2301,6.2403
7,2025-05-26,28.005,8.591,255.0,7.941,63.34,390.497,10.548,85.142,6.2403,6.2686
7,2025-05-27,29.541,7.08,255.0,7.537,59.773,401.931,10.246,88.006,6.2686,6.2533
7,2025-05-28,28.345,8.463,255.0,7.632,58.148,433.92,10.473,88.054,6.2533,6.2966
7,2025-05-29,30.31,6.986,255.0,7.634,66.956,410.093,9.694,87.194,6.2966,6.3116
7,2025-05-30,31.593,8.682,255.0,7.562,51.17,464.035,10.49,92.982,6.3116,6.3517
7,2025-05-31,30.168,9.24,255.0,7.272,53.5,494.548,11.833,84.616,6.3517,6.3905
7,2025-06-01,30.573,8.532,255.0,7.665,49.769,452.55,10.738,86.075,6.3905,6.4321
7,2025-06-02,31.111,7.846,255.0,7.61,60.183,454.576,10.753,88.823,6.4321,6.4869
7,2025-06-03,30.208,10.365,255.0,7.885,60.092,480.493,10.771,87.129,6.4869,6.5901
7,2025-06-04,30.362,8.583,255.0,7.673,79.69,444.466,12.057,86.645,6.5901,6.6252
7,2025-06-05,29.737,8.614,255.0,7.222,68.037,503.221,11.544,89.329,6.6252,6.6523
7,2025-06-06,30.958,6.732,255.0,7.452,71.031,496.074,9.321,86.842,6.6523,6.6701
7,2025-06-07,31.256,8.113,255.0,7.442,66.223,514.32,11.164,87.055,6.6701,6.6846
7,2025-06-08,31.452,7.571,255.0,7.515,75.872,437.67,10.348,92.359,6.6846,6.7256
7,2025-06-09,30.641,8.179,255.0,7.016,78.177,467.964,11.177,87.808,6.7256,6.7592
7,2025-06-10,29.129,9.271,255.0,7.213,71.203,505.846,11.283,87.038,6.7592,6.8228
7,2025-06-11,29.763,8.797,,7.007,76.916,480.438,11.238,81.637,6.8228,6.8199
7,2025-06-12,30.892,7.849,255.0,7.406,67.866,456.869,10.535,94.813,6.8199,6.8814
7,2025-06-13,31.328,8.292,255.0,7.139,76.135,444.621,9.485,87.436,6.8814,6.8996
7,2025-06-14,27.441,7.959,255.0,6.848,91.217,413.521,9.653,86.474,6.8996,6.9221
7,2025-06-15,27.718,7.559,255.0,7.045,76.806,367.515,10.371,84.019,6.9221,6.9712
7,2025-06-16,27.289,7.503,255.0,6.999,80.643,409.623,10.585,88.357,6.9712,6.9965
7,2025-06-17,26.66,6.848,255.0,7.355,85.296,397.122,10.284,88.279,6.9965,7.0233
7,2025-06-18,28.708,7.577,255.0,6.889,70.63,371.334,10.98,85.916,7.0233,7.0441
7,2025-06-19,26.724,8.998,255.0,7.244,74.17,364.074,10.709,84.779,7.0441,7.0971
7,2025-06-20,27.053,7.523,255.0,6.658,78.863,380.96,9.781,89.843,7.0971,7.1087
7,2025-06-21,26.541,7.031,255.0,7.146,79.644,325.168,9.094,90.756,7.1087,7.1559
7,2025-06-22,27.415,8.598,255.0,6.984,74.375,375.067,10.928,86.068,7.1559,7.1842
7,2025-06-23,27.341,7.077,,7.286,83.946,381.908,10.621,,7.1842,7.2358
7,2025-06-24,27.771,8.187,255.0,7.176,88.801,322.731,11.366,83.386,7.2358,7.254
7,2025-06-25,26.028,7.945,255.0,6.972,98.568,292.695,10.147,84.557,7.254,7.2944
7,2025-06-26,27.248,8.732,255.0,7.066,87.651,330.006,11.032,90.147,7.2944,7.3702
7,2025-06-27,26.669,6.546,255.0,7.133,83.148,318.691,9.024,87.721,7.3702,7.4027
7,2025-06-28,25.869,9.222,255.0,,83.066,368.729,10.33,86.686,7.4027,7.4297
7,2025-06-29,27.019,7.282,255.0,7.615,79.106,308.629,11.437,84.146,7.4297,7.433
7,2025-06-30,26.535,6.836,255.0,7.303,86.721,292.814,10.643,90.502,7.433,7.459
7,2025-07-01,27.668,8.543,255.0,7.134,83.836,341.455,11.216,85.978,7.459,7.4466
7,2025-07-02,25.843,7.436,255.0,7.755,81.324,395.322,10.733,86.304,7.4466,7.4576
7,2025-07-03,27.344,7.352,255.0,7.444,75.86,377.943,9.99,87.549,7.4576,7.4605
7,2025-07-04,28.167,7.108,255.0,7.621,70.361,434.239,10.629,84.973,7.4605,7.5274
7,2025-07-05,26.854,6.814,255.0,7.757,64.524,381.187,9.61,89.191,7.5274,7.5395
7,2025-07-06,27.062,8.196,255.0,7.505,62.456,368.729,11.0,89.697,7.5395,7.5353
7,2025-07-07,27.537,9.06,255.0,7.636,66.996,429.368,11.315,88.845,7.5353,7.5575
7,2025-07-08,27.377,6.819,255.0,7.492,82.239,426.103,9.911,87.017,7.5575,7.6014
7,2025-07-09,27.062,8.097,255.0,7.84,66.923,426.521,11.132,86.774,7.6014,7.6509
7,2025-07-10,26.605,7.876,255.0,7.292,64.404,498.952,10.547,89.259,7.6509,7.6898
7,2025-07-11,27.094,7.408,255.0,8.117,74.906,493.396,10.696,84.41,7.6898,7.6657
7,2025-07-12,25.54,,255.0,7.743,56.07,470.257,9.895,84.474,7.6657,7.648
7,2025-07-13,27.617,5.598,255.0,7.714,55.229,453.156,10.334,86.556,7.648,7.6775
7,2025-07-14,25.812,7.251,255.0,7.56,56.632,451.301,10.622,87.079,7.6775,7.7025
7,2025-07-15,25.905,7.517,255.0,7.616,61.344,494.74,9.929,89.763,7.7025,7.7003
7,2025-07-16,24.375,7.016,255.0,7.577,66.499,469.334,10.294,85.452,7.7003,7.7502
7,2025-07-17,25.005,6.668,255.0,7.488,60.555,526.377,9.387,87.628,7.7502,7.7583
7,2025-07-18,25.107,5.919,255.0,7.526,62.338,477.67,9.816,85.251,7.7583,7.759
7,2025-07-19,25.281,5.378,255.0,7.512,60.767,514.787,9.459,88.187,7.759,7.8059
7,2025-07-20,23.947,5.984,255.0,7.233,64.649,468.428,9.577,86.112,7.8059,7.8207
7,2025-07-21,24.616,6.16,255.0,7.155,53.687,405.139,9.141,91.382,7.8207,7.8402
7,2025-07-22,24.902,7.598,255.0,7.474,69.559,505.616,10.283,88.892,7.8402,7.8424
7,2025-07-23,23.661,6.44,255.0,7.459,47.423,483.429,10.138,89.239,7.8424,7.8253
7,2025-07-24,25.36,6.725,255.0,7.017,62.798,446.299,10.265,86.855,7.8253,7.8183
7,2025-07-25,24.423,6.915,255.0,7.256,59.27,399.574,10.126,86.902,7.8183,7.8158
7,2025-07-26,25.512,6.385,255.0,7.401,69.474,406.438,9.908,86.101,7.8158,7.8384
7,2025-07-27,23.998,7.591,255.0,7.112,60.903,331.631,10.706,88.745,7.8384,7.8716
7,2025-07-28,24.963,7.317,255.0,7.267,70.048,315.186,9.798,84.511,7.8716,7.8635
7,2025-07-29,23.705,6.712,255.0,6.9,68.496,295.597,,87.469,7.8635,7.8993
7,2025-07-30,24.539,7.472,255.0,7.161,66.962,326.767,10.78,88.57,7.8993,7.9297
7,2025-07-31,24.261,6.855,255.0,7.151,76.465,400.59,10.012,84.402,7.9297,7.9116
7,2025-08-01,24.222,7.678,255.0,7.334,76.371,391.436,10.137,83.979,7.9116,7.8751
7,2025-08-02,23.835,6.244,255.0,7.082,71.955,319.801,10.066,85.626,7.8751,7.8531
7,2025-08-03,26.142,6.586,255.0,7.172,63.863,347.235,10.221,82.425,7.8531,7.8337
7,2025-08-04,25.331,7.796,255.0,7.227,63.312,333.787,11.063,85.567,7.8337,7.8371
7,2025-08-05,25.712,5.443,255.0,7.18,70.724,340.233,9.348,89.034,7.8371,7.8831
7,2025-08-06,26.105,5.936,255.0,7.331,78.621,348.895,10.053,85.216,7.8831,7.8996
7,2025-08-07,24.431,7.919,255.0,6.972,77.912,353.638,11.118,84.637,7.8996,7.9426
7,2025-08-08,24.989,7.009,255.0,7.294,86.011,339.218,9.862,82.728,7.9426,7.9585
7,2025-08-09,24.029,5.618,255.0,7.184,89.284,357.423,9.019,90.673,7.9585,8.0038
7,2025-08-10,24.245,6.465,255.0,7.495,71.403,330.818,9.762,87.366,8.0038,7.9914
7,2025-08-11,22.943,5.713,255.0,7.299,85.172,352.055,9.58,92.53,7.9914,8.006
7,2025-08-12,25.846,5.856,255.0,7.166,79.178,368.376,8.816,87.859,8.006,8.0125
7,2025-08-13,23.894,6.501,255.0,7.114,85.087,417.02,9.207,91.02,8.0125,7.9931
7,2025-08-14,23.528,6.672,255.0,7.54,87.45,390.21,10.051,86.822,7.9931,8.0066
7,2025-08-15,22.501,6.032,255.0,7.115,89.641,,8.676,89.306,8.0066,7.9881
7,2025-08-16,21.673,5.77,255.0,7.329,78.402,489.626,9.764,92.772,7.9881,8.0076
7,2025-08-17,21.533,,255.0,7.528,88.319,438.613,9.909,88.365,8.0076,8.0026
7,2025-08-18,21.492,6.966,255.0,7.531,86.121,444.36,10.613,82.599,8.0026,7.9767
7,2025-08-19,22.339,6.084,255.0,7.359,85.868,466.199,9.634,87.495,7.9767,8.0134
7,2025-08-20,21.468,6.875,255.0,7.653,92.11,457.446,9.794,84.604,8.0134,7.999
7,2025-08-21,23.071,5.535,255.0,7.566,86.5,513.13,9.82,90.2,7.999,8.0081
7,2025-08-22,23.617,7.308,255.0,7.843,,506.111,9.746,86.972,8.0081,8.039
7,2025-08-23,21.533,7.161,255.0,7.799,86.107,491.978,10.466,88.619,8.039,8.0802
7,2025-08-24,21.189,6.335,255.0,7.973,78.912,434.17,9.442,84.664,8.0802,8.0635
7,2025-08-25,22.758,5.873,255.0,7.977,70.833,467.004,9.69,88.831,8.0635,8.0542
7,2025-08-26,22.852,4.871,255.0,7.905,68.183,492.684,9.7,89.155,8.0542,8.0473
7,2025-08-27,22.738,6.512,255.0,7.789,60.911,515.012,10.55,87.551,8.0473,8.0662
7,2025-08-28,23.666,6.188,255.0,7.69,77.689,467.168,9.785,82.933,8.0662,8.1055
7,2025-08-29,23.423,6.661,255.0,7.694,74.694,502.315,10.388,91.05,8.1055,8.0999
7,2025-08-30,22.268,5.318,255.0,7.438,75.589,466.448,9.504,88.644,8.0999,8.0932
7,2025-08-31,22.496,5.996,255.0,7.38,64.445,427.92,10.175,88.454,8.0932,8.0955
7,2025-09-01,22.959,6.296,255.0,7.574,65.211,381.005,9.564,89.626,8.0955,8.0821
7,2025-09-02,21.364,6.58,255.0,7.577,58.83,313.65,9.527,86.325,8.0821,8.1015
7,2025-09-03,22.387,5.925,255.0,7.947,67.807,407.557,9.624,88.52,8.1015,8.0795
7,2025-09-04,22.846,5.434,255.0,7.422,78.561,422.244,9.41,90.917,8.0795,8.0452
7,2025-09-05,24.93,5.778,255.0,7.018,53.448,429.365,8.888,90.594,8.0452,8.0685
7,2025-09-06,22.968,6.24,255.0,7.433,63.343,342.364,9.969,83.248,8.0685,8.0785
7,2025-09-07,23.597,4.029,255.0,7.125,59.149,393.739,8.389,93.742,8.0785,8.0562
7,2025-09-08,22.806,5.183,255.0,7.067,68.964,379.61,9.564,90.437,8.0562,8.0328
7,2025-09-09,23.517,5.048,255.0,7.15,,349.173,8.465,84.996,8.0328,8.0209
7,2025-09-10,23.713,6.733,255.0,6.993,61.105,403.767,9.969,,8.0209,8.0189
7,2025-09-11,23.606,5.397,255.0,7.071,65.835,347.457,9.478,82.503,8.0189,8.0442
7,2025-09-12,21.281,6.293,255.0,7.172,58.676,388.652,9.679,86.713,8.0442,8.0482
7,2025-09-13,22.551,4.762,255.0,7.253,60.477,,10.219,86.293,8.0482,8.0562
7,2025-09-14,21.857,6.394,255.0,6.979,54.271,286.976,9.262,86.017,8.0562,8.109
7,2025-09-15,19.546,6.009,255.0,6.93,61.88,323.586,10.17,89.473,8.109,8.1453
7,2025-09-16,21.756,6.741,255.0,7.044,67.372,320.03,9.642,92.622,8.1453,8.1364
7,2025-09-17,18.887,5.166,255.0,6.871,56.554,362.939,9.568,84.258,8.1364,8.1637
7,2025-09-18,22.319,6.629,255.0,6.759,70.249,424.263,9.22,89.382,8.1637,8.1569
7,2025-09-19,20.597,6.053,255.0,7.275,70.474,314.829,9.432,87.788,8.1569,8.0901
7,2025-09-20,19.808,4.667,255.0,6.839,70.561,358.187,8.05,86.348,8.0901,8.0452
7,2025-09-21,20.933,6.828,255.0,7.101,78.195,363.759,10.723,90.275,8.0452,8.0101
7,2025-09-22,19.434,4.084,255.0,7.247,69.152,400.245,8.783,90.861,8.0101,7.9968
7,2025-09-23,20.67,7.154,255.0,7.287,64.316,406.843,10.428,86.524,7.9968,7.9988
7,2025-09-24,22.176,6.27,255.0,7.141,74.407,419.667,9.976,87.993,7.9988,7.9269
7,2025-09-25,21.058,5.115,255.0,6.963,63.896,462.466,9.463,88.934,7.9269,7.9052
7,2025-09-26,21.815,6.119,255.0,7.282,71.419,468.082,9.416,90.322,7.9052,7.91
7,2025-09-27,22.8,4.8,255.0,7.268,67.601,462.373,9.692,85.15,7.91,7.8985
7,2025-09-28,21.872,5.706,255.0,7.408,68.194,495.717,9.183,83.379,7.8985,7.9392
7,2025-09-29,23.006,4.297,255.0,7.595,61.21,464.723,8.39,89.726,7.9392,7.9682
7,2025-09-30,21.695,5.567,255.0,7.227,69.172,504.826,9.67,87.76,7.9682,7.9395
7,2025-10-01,22.926,4.875,255.0,7.808,81.441,509.82,8.878,92.568,7.9395,7.9567
7,2025-10-02,23.567,5.489,255.0,7.357,84.372,446.694,10.06,90.41,7.9567,7.9722
7,2025-10-03,23.53,5.893,255.0,7.552,69.282,513.543,9.817,94.481,7.9722,7.9914
7,2025-10-04,22.971,6.157,255.0,7.486,80.323,508.339,9.621,89.67,7.9914,8.0119
7,2025-10-05,23.853,5.544,255.0,7.429,79.864,448.157,8.538,87.557,8.0119,8.0471
7,2025-10-06,21.569,5.767,255.0,7.918,78.443,491.848,10.314,82.219,8.0471,8.0792
7,2025-10-07,22.313,6.678,255.0,7.847,95.452,487.943,10.839,87.775,8.0792,8.0706
7,2025-10-08,23.589,6.409,255.0,7.689,96.153,448.227,10.092,88.434,8.0706,8.0807
7,2025-10-09,24.815,5.068,255.0,7.862,75.749,419.785,8.644,89.425,8.0807,8.12
7,2025-10-10,21.729,5.808,255.0,7.822,72.664,450.324,9.771,89.902,8.12,8.1029
7,2025-10-11,22.717,6.711,255.0,7.633,75.332,422.062,9.564,88.417,8.1029,8.1343
7,2025-10-12,22.048,6.431,255.0,7.288,71.511,467.772,9.57,83.954,8.1343,8.1449
7,2025-10-13,21.445,,255.0,7.763,85.465,458.793,9.721,87.041,8.1449,8.1625
7,2025-10-14,20.469,5.675,255.0,7.755,78.932,381.762,8.928,79.929,8.1625,8.1669
7,2025-10-15,20.059,6.711,255.0,7.455,88.82,404.55,10.999,89.013,8.1669,8.1954
7,2025-10-16,22.657,4.513,255.0,7.721,87.711,372.206,7.941,86.522,8.1954,8.237
7,2025-10-17,20.708,5.473,255.0,7.459,83.098,,9.107,88.336,8.237,8.174
7,2025-10-18,21.343,6.171,255.0,7.556,76.735,359.125,10.146,85.941,8.174,8.1401
7,2025-10-19,20.768,5.797,255.0,7.653,72.313,325.981,8.981,85.91,8.1401,8.0967
7,2025-10-20,20.133,6.216,255.0,7.406,78.097,295.659,9.752,87.825,8.0967,8.1018
7,2025-10-21,20.297,5.479,255.0,7.188,83.143,301.005,9.536,91.921,8.1018,8.1156
7,2025-10-22,20.939,5.719,255.0,7.165,73.241,361.251,9.749,89.337,8.1156,8.1133
7,2025-10-23,21.017,4.49,255.0,7.686,70.777,362.828,8.834,86.181,8.1133,8.0836
7,2025-10-24,18.527,6.642,255.0,7.334,65.898,356.446,10.36,85.864,8.0836,8.1092
7,2025-10-25,19.791,6.216,255.0,7.26,84.103,362.445,9.612,86.764,8.1092,8.1015
7,2025-10-26,22.07,5.688,255.0,7.351,77.498,346.126,9.376,86.658,8.1015,8.1076
7,2025-10-27,21.842,5.296,255.0,6.794,69.704,364.085,9.561,84.249,8.1076,8.1041
7,2025-10-28,22.917,5.198,255.0,7.304,77.554,363.447,9.521,89.634,8.1041,8.097
7,2025-10-29,22.528,7.313,255.0,6.86,77.238,360.808,10.275,89.909,8.097,8.1102
7,2025-10-30,23.79,5.264,255.0,6.965,55.178,358.758,9.623,87.621,8.1102,8.1643
7,2025-10-31,22.751,5.448,255.0,7.261,72.462,402.296,9.769,88.965,8.1643,8.1386
7,2025-11-01,23.07,5.798,255.0,7.1,61.77,337.858,8.659,89.156,8.1386,8.1357
7,2025-11-02,22.758,5.315,255.0,6.886,69.026,400.03,9.677,88.841,8.1357,8.1579
7,2025-11-03,23.482,6.925,255.0,7.215,67.911,386.519,10.235,82.945,8.1579,8.149
7,2025-11-04,23.085,5.03,255.0,7.079,58.809,493.898,9.65,85.988,8.149,8.0956
7,2025-11-05,22.596,5.072,255.0,7.173,59.29,440.952,8.855,87.809,8.0956,8.0965
7,2025-11-06,24.453,5.766,255.0,7.22,,377.842,9.742,90.187,8.0965,8.1557
7,2025-11-07,22.132,5.563,255.0,7.2,63.251,437.916,9.027,89.015,8.1557,8.1501
7,2025-11-08,23.983,5.962,255.0,7.189,58.846,436.939,9.268,86.186,8.1501,8.1095
7,2025-11-09,24.3,6.089,255.0,7.066,71.636,473.09,9.139,91.217,8.1095,8.0946
7,2025-11-10,22.873,5.775,255.0,6.963,62.982,505.642,9.894,87.142,8.0946,8.0698
7,2025-11-11,24.836,5.575,255.0,7.232,57.22,456.185,9.422,87.025,8.0698,8.0578
7,2025-11-12,22.996,5.372,255.0,7.532,66.964,479.779,9.125,88.39,8.0578,8.0652
7,2025-11-13,22.49,7.996,255.0,7.228,44.061,457.055,9.826,85.708,8.0652,8.0469
7,2025-11-14,21.402,6.85,255.0,7.488,71.189,478.468,10.501,86.889,8.0469,8.0633
7,2025-11-15,21.535,6.631,255.0,7.547,63.281,476.441,10.322,82.247,8.0633,8.0844
7,2025-11-16,22.442,5.431,255.0,7.159,77.739,461.009,10.125,89.387,8.0844,8.0268
7,2025-11-17,21.652,6.215,255.0,7.706,59.27,466.846,,89.723,8.0268,8.0414
7,2025-11-18,22.368,6.876,255.0,7.513,46.828,444.139,9.99,84.735,8.0414,8.0314
7,2025-11-19,21.982,6.353,255.0,7.279,57.375,482.731,9.773,87.595,8.0314,8.0354
7,2025-11-20,21.792,5.876,255.0,7.451,64.927,502.168,9.487,89.695,8.0354,8.0321
7,2025-11-21,21.655,7.274,255.0,7.8,66.849,408.734,10.758,79.993,8.0321,8.0489
7,2025-11-22,21.716,6.464,255.0,7.835,65.123,441.068,10.043,86.646,8.0489,8.0699
7,2025-11-23,25.003,6.807,255.0,7.896,76.438,467.191,9.404,82.674,8.0699,8.0979
7,2025-11-24,20.373,6.402,255.0,7.716,81.594,404.902,9.067,84.503,8.0979,8.1182
7,2025-11-25,23.616,5.995,255.0,7.766,,451.392,9.956,89.176,8.1182,8.1517
7,2025-11-26,23.588,6.325,255.0,7.956,78.987,343.945,10.731,84.526,8.1517,8.1815
7,2025-11-27,23.152,6.785,255.0,8.03,70.26,360.215,10.721,88.425,8.1815,8.245
7,2025-11-28,24.116,6.783,255.0,7.973,87.73,400.584,9.648,89.923,8.245,8.2339
7,2025-11-29,24.751,6.665,255.0,7.979,84.397,321.044,9.544,86.741,8.2339,8.2225
7,2025-11-30,24.582,6.263,255.0,7.737,77.301,257.489,9.06,87.247,8.2225,8.1978
7,2025-12-01,27.053,7.165,255.0,7.554,84.7,331.85,9.66,90.272,8.1978,8.168
7,2025-12-02,25.55,6.847,255.0,7.462,98.204,409.624,9.911,87.258,8.168,8.1739
7,2025-12-03,24.587,6.993,255.0,7.826,94.681,368.251,9.064,82.47,8.1739,8.2249
7,2025-12-04,26.198,6.452,255.0,7.668,89.257,382.76,9.068,88.322,8.2249,8.2547
7,2025-12-05,26.676,6.719,255.0,7.395,93.796,323.477,9.678,86.755,8.2547,8.2319
7,2025-12-06,26.492,6.606,255.0,7.481,68.985,382.456,10.574,88.906,8.2319,8.27
7,2025-12-07,27.016,7.115,255.0,7.388,95.103,386.024,9.842,91.115,8.27,8.2948
7,2025-12-08,25.79,7.456,255.0,7.55,83.211,428.165,10.429,91.168,8.2948,8.3045
7,2025-12-09,27.506,6.394,255.0,7.076,73.64,421.158,10.554,88.336,8.3045,8.3169
7,2025-12-10,25.152,6.113,255.0,7.069,85.228,365.672,9.882,82.878,8.3169,8.3149
7,2025-12-11,26.175,6.995,255.0,7.197,72.894,370.852,9.816,87.643,8.3149,8.338
7,2025-12-12,24.243,6.954,255.0,7.082,77.377,407.86,10.473,85.516,8.338,8.3702
7,2025-12-13,25.452,7.817,255.0,7.334,69.222,429.458,10.289,84.808,8.3702,8.3776
7,2025-12-14,24.54,6.526,255.0,7.058,94.697,369.721,10.449,87.235,8.3776,8.3352
7,2025-12-15,25.471,5.972,255.0,7.201,88.511,395.447,10.213,87.629,8.3352,8.3175
7,2025-12-16,24.791,7.291,255.0,6.766,75.24,478.664,10.73,85.73,8.3175,8.3488
7,2025-12-17,25.409,7.664,255.0,7.076,73.013,467.877,10.105,90.119,8.3488,8.3487
7,2025-12-18,24.51,7.399,255.0,7.185,82.732,468.397,10.007,87.147,8.3487,8.3744
7,2025-12-19,23.519,6.978,255.0,7.378,72.198,434.775,9.987,82.243,8.3744,8.4236
7,2025-12-20,23.492,6.112,255.0,6.992,76.033,535.724,9.952,83.916,8.4236,8.4732
7,2025-12-21,24.513,7.26,255.0,7.183,57.439,513.798,10.651,82.521,8.4732,8.4572
7,2025-12-22,25.767,6.666,255.0,7.247,65.712,482.473,10.223,88.339,8.4572,8.4782
7,2025-12-23,25.476,7.075,255.0,,78.937,463.876,10.799,85.738,8.4782,8.5349
7,2025-12-24,25.202,6.786,255.0,7.18,64.51,488.317,10.036,86.471,8.5349,8.5393
7,2025-12-25,25.231,7.865,255.0,7.456,73.5,540.556,10.695,87.096,8.5393,8.5339
7,2025-12-26,26.392,6.488,255.0,7.066,63.15,494.744,9.809,89.592,8.5339,8.5718
7,2025-12-27,28.701,9.175,255.0,7.532,58.668,462.78,11.837,85.509,8.5718,8.5857
7,2025-12-28,27.098,6.811,255.0,7.21,59.264,498.034,9.749,91.663,8.5857,8.5711
7,2025-12-29,27.458,7.882,255.0,7.53,61.743,499.3,10.59,86.573,8.5711,8.6211
7,2025-12-30,27.09,7.208,255.0,7.732,74.683,441.944,10.182,87.362,8.6211,8.6268
7,2025-12-31,27.447,8.107,255.0,7.57,69.59,418.458,10.483,90.873,8.6268,8.641
7,2026-01-01,28.073,8.527,255.0,7.68,68.746,403.388,11.327,88.088,8.641,8.6808
7,2026-01-02,27.294,7.581,255.0,7.832,67.898,444.503,10.459,91.051,8.6808,8.6556
7,2026-01-03,28.105,8.399,255.0,7.495,50.031,329.678,11.111,84.207,8.6556,8.6567
7,2026-01-04,27.707,6.894,255.0,7.752,55.43,379.481,10.283,88.89,8.6567,8.6696
7,2026-01-05,27.47,7.95,255.0,7.851,59.975,360.084,11.691,83.94,8.6696,8.7042
7,2026-01-06,28.171,7.537,255.0,7.672,61.925,393.129,10.302,95.281,8.7042,8.7509
7,2026-01-07,29.003,7.762,255.0,8.015,51.531,369.205,10.17,85.774,8.7509,8.7314
7,2026-01-08,26.714,7.989,255.0,,61.557,374.943,10.798,86.689,8.7314,8.7664
7,2026-01-09,30.688,7.457,255.0,7.785,56.031,332.371,10.093,94.716,8.7664,8.7661
7,2026-01-10,26.645,8.151,255.0,7.562,72.262,278.539,10.613,83.052,8.7661,8.7677
7,2026-01-11,27.343,7.458,255.0,7.878,82.267,351.894,9.969,87.28,8.7677,8.7989
7,2026-01-12,28.074,6.734,,7.873,75.092,392.956,9.798,87.898,8.7989,8.8056
7,2026-01-13,28.037,7.424,255.0,7.705,70.826,327.205,10.97,86.864,8.8056,8.7779
7,2026-01-14,28.034,7.566,255.0,7.778,61.829,361.994,9.423,88.858,8.7779,8.7958
7,2026-01-15,26.821,7.265,255.0,7.486,73.721,372.623,10.406,85.468,8.7958,8.8149
7,2026-01-16,26.743,8.257,255.0,7.566,72.514,349.136,11.159,91.983,8.8149,8.8573
7,2026-01-17,27.374,8.155,255.0,7.716,56.5,396.089,,85.691,8.8573,8.9067
7,2026-01-18,25.637,8.312,255.0,7.609,79.161,396.565,10.621,88.71,8.9067,8.9023
7,2026-01-19,27.519,6.971,255.0,7.479,60.265,399.551,10.343,85.856,8.9023,8.9002
7,2026-01-20,28.265,8.32,255.0,7.127,79.541,406.64,10.843,85.034,8.9002,8.9325
7,2026-01-21,28.354,8.396,255.0,7.576,81.058,378.933,10.401,88.113,8.9325,8.9367
7,2026-01-22,28.518,8.956,255.0,6.958,81.557,416.979,11.047,87.542,8.9367,8.9785
7,2026-01-23,29.572,9.666,255.0,7.192,78.853,396.232,11.116,89.366,8.9785,9.005
7,2026-01-24,27.969,7.733,255.0,7.509,76.642,489.924,10.662,85.971,9.005,9.0001
7,2026-01-25,29.376,7.586,255.0,7.404,81.612,474.355,10.693,92.006,9.0001,9.0148
7,2026-01-26,27.893,8.323,255.0,7.302,85.06,539.297,10.979,86.47,9.0148,8.9931
7,2026-01-27,28.831,7.427,255.0,7.078,83.406,507.855,10.298,84.89,8.9931,8.9279
7,2026-01-28,29.992,,255.0,7.059,87.483,475.502,11.031,85.82,8.9279,8.9356
7,2026-01-29,29.228,7.824,255.0,7.261,94.884,516.057,10.952,87.863,8.9356,8.9591
7,2026-01-30,32.472,7.719,255.0,7.171,74.968,502.612,9.7,84.42,8.9591,8.9695
7,2026-01-31,31.11,10.104,255.0,7.039,88.912,485.612,11.857,87.616,8.9695,8.9511
7,2026-02-01,28.491,8.708,255.0,6.742,92.222,460.186,10.451,93.553,8.9511,8.9504
7,2026-02-02,31.82,9.013,255.0,7.29,73.101,495.815,10.924,85.386,8.9504,8.9124
7,2026-02-03,32.075,8.265,255.0,7.024,80.725,467.218,11.233,84.461,8.9124,8.9114
7,2026-02-04,30.115,8.606,255.0,7.01,70.988,485.975,11.569,87.355,8.9114,8.9151
7,2026-02-05,30.64,9.339,255.0,7.192,64.582,502.579,11.632,89.05,8.9151,8.924
7,2026-02-06,31.98,8.811,255.0,7.251,85.014,457.305,11.507,88.018,8.924,8.9539
7,2026-02-07,30.578,7.802,255.0,7.258,81.703,475.584,10.93,87.496,8.9539,8.9482
7,2026-02-08,31.085,7.446,255.0,7.308,96.27,380.512,10.421,88.686,8.9482,8.9318
7,2026-02-09,31.186,8.246,255.0,7.094,81.682,445.79,10.276,85.995,8.9318,8.8969
7,2026-02-10,31.257,9.204,255.0,,73.477,415.615,11.252,84.426,8.8969,8.8759
7,2026-02-11,30.999,7.922,255.0,7.215,72.113,398.865,10.612,85.345,8.8759,8.8899
7,2026-02-12,31.317,8.82,255.0,7.389,61.51,336.337,11.115,89.863,8.8899,8.9022
7,2026-02-13,29.83,9.217,255.0,,53.72,415.779,11.261,86.08,8.9022,8.911
7,2026-02-14,29.383,8.081,255.0,7.458,60.979,417.29,10.662,93.486,8.911,8.9357
7,2026-02-15,28.746,8.606,255.0,7.638,62.524,345.379,11.062,88.649,8.9357,8.951
7,2026-02-16,30.326,8.368,255.0,7.536,68.865,264.266,10.766,91.772,8.951,8.9774
7,2026-02-17,30.331,7.796,255.0,7.784,71.655,307.191,10.19,87.304,8.9774,8.9687
7,2026-02-18,29.809,8.358,255.0,7.719,70.939,347.644,10.6,87.29,8.9687,8.9509
7,2026-02-19,31.17,9.991,255.0,7.41,66.764,371.193,10.951,86.707,8.9509,9.0058
7,2026-02-20,31.784,8.22,255.0,7.482,67.298,359.056,11.259,85.091,9.0058,8.9922
7,2026-02-21,30.963,8.859,255.0,8.092,64.348,329.64,11.049,86.414,8.9922,9.0428
7,2026-02-22,,8.781,255.0,7.874,75.047,386.24,10.813,86.801,9.0428,9.066
7,2026-02-23,32.105,9.798,255.0,7.866,62.771,311.996,11.553,85.459,9.066,9.05
7,2026-02-24,31.677,9.869,255.0,7.792,62.374,384.399,12.238,86.915,9.05,9.0926
7,2026-02-25,32.133,7.559,255.0,7.574,65.257,345.378,11.05,92.207,9.0926,9.0707
7,2026-02-26,31.406,8.685,255.0,7.952,52.835,393.556,11.533,88.952,9.0707,9.0697
7,2026-02-27,33.908,8.824,255.0,,59.208,312.344,10.85,86.687,9.0697,9.0546
7,2026-02-28,32.955,9.529,255.0,7.551,58.51,350.079,11.403,91.025,9.0546,9.0429
7,2026-03-01,34.557,8.776,255.0,7.381,51.713,359.803,11.099,87.126,9.0429,9.023
7,2026-03-02,31.676,8.423,255.0,7.702,74.547,473.68,11.099,86.115,9.023,9.0486
7,2026-03-03,32.666,9.35,255.0,7.82,64.25,499.092,,88.222,9.0486,9.0283
7,2026-03-04,33.812,10.148,255.0,7.821,66.54,363.6,11.781,88.923,9.0283,9.0359
7,2026-03-05,32.572,8.998,255.0,7.559,74.422,395.87,10.819,83.606,9.0359,9.0623
7,2026-03-06,31.046,9.06,255.0,7.276,60.541,486.109,11.533,88.359,9.0623,9.0537
7,2026-03-07,33.031,8.799,255.0,7.279,70.952,404.68,10.619,87.547,9.0537,9.0784
7,2026-03-08,32.877,9.414,255.0,7.217,,480.857,11.812,84.137,9.0784,9.0899
7,2026-03-09,33.227,10.826,255.0,6.869,69.419,468.9,11.979,91.22,9.0899,9.0518
7,2026-03-10,34.087,10.212,255.0,7.204,59.682,470.755,11.806,89.956,9.0518,9.035
7,2026-03-11,33.449,10.221,255.0,7.202,80.416,494.805,12.033,87.842,9.035,9.0088
7,2026-03-12,32.858,8.304,255.0,7.227,70.668,492.931,10.308,86.283,9.0088,9.0317
7,2026-03-13,33.014,8.387,255.0,6.805,68.256,442.074,11.479,90.13,9.0317,9.0758
7,2026-03-14,32.993,8.061,255.0,6.875,64.77,474.021,10.635,86.944,9.0758,9.0417
7,2026-03-15,31.786,9.647,255.0,6.688,68.662,508.865,10.79,86.569,9.0417,9.0642
7,2026-03-16,29.351,9.008,255.0,7.219,83.071,451.313,10.739,87.052,9.0642,9.0729
7,2026-03-17,31.164,8.937,255.0,7.235,72.39,400.962,10.785,87.919,9.0729,9.0756
7,2026-03-18,30.044,8.551,255.0,6.979,76.893,490.862,10.967,85.85,9.0756,9.0929
7,2026-03-19,29.784,6.977,255.0,6.847,,474.399,9.393,88.597,9.0929,9.1315
7,2026-03-20,32.115,10.2,255.0,7.198,85.65,421.342,11.959,84.181,9.1315,9.1513
7,2026-03-21,32.645,8.926,255.0,7.314,81.686,457.075,10.656,89.521,9.1513,9.1275
7,2026-03-22,31.205,10.192,255.0,6.992,73.133,425.556,10.831,91.077,9.1275,9.1587
7,2026-03-23,31.512,10.437,255.0,7.457,80.101,450.992,11.287,87.3,9.1587,9.1724
7,2026-03-24,31.431,8.961,255.0,7.228,79.925,391.355,11.61,84.933,9.1724,9.1841
7,2026-03-25,32.331,9.26,255.0,7.174,87.092,397.814,10.807,84.118,9.1841,9.2079
7,2026-03-26,33.213,10.128,255.0,7.418,81.976,370.085,10.998,86.104,9.2079,9.2057
7,2026-03-27,32.56,8.327,255.0,7.193,88.934,332.48,10.443,87.728,9.2057,9.2372
7,2026-03-28,31.47,9.294,255.0,7.314,84.134,336.913,11.172,90.794,9.2372,9.2267
7,2026-03-29,32.657,10.327,,7.48,91.072,342.18,12.182,88.734,9.2267,9.1968
7,2026-03-30,31.613,10.046,255.0,7.733,98.638,291.93,11.739,84.733,9.1968,9.1904
7,2026-03-31,33.77,8.834,255.0,7.592,86.642,380.609,11.287,88.612,9.1904,9.1796
7,2026-04-01,34.077,8.564,255.0,7.646,72.303,338.574,10.38,86.373,9.1796,9.1616
7,2026-04-02,33.554,7.603,255.0,7.336,84.371,345.791,10.096,90.152,9.1616,9.1498
7,2026-04-03,32.91,10.634,255.0,7.732,78.94,359.273,10.952,85.769,9.1498,9.1541
7,2026-04-04,35.896,8.925,255.0,7.884,81.964,351.918,11.162,86.166,9.1541,9.1635
7,2026-04-05,34.064,9.708,255.0,7.744,81.811,322.133,12.029,84.729,9.1635,9.1827
7,2026-04-06,33.013,9.821,255.0,7.683,74.501,353.044,11.16,92.968,9.1827,9.1296
7,2026-04-07,32.57,9.386,255.0,7.682,79.439,401.948,11.08,83.15,9.1296,9.1338
7,2026-04-08,31.614,9.034,255.0,8.004,73.339,378.402,10.597,87.259,9.1338,9.1433
7,2026-04-09,33.678,9.917,255.0,7.763,73.167,368.933,11.972,84.959,9.1433,9.1769
7,2026-04-10,32.219,8.345,255.0,7.651,78.002,317.996,10.802,85.837,9.1769,9.1724
7,2026-04-11,33.398,9.317,255.0,7.885,75.973,409.446,11.031,87.908,9.1724,9.1464
7,2026-04-12,32.409,9.097,255.0,7.6,60.938,397.467,11.659,86.597,9.1464,9.1539
7,2026-04-13,30.785,9.403,255.0,7.429,68.896,422.832,11.616,91.448,9.1539,9.1515
7,2026-04-14,30.473,10.774,255.0,7.526,54.407,518.757,11.522,83.644,9.1515,9.1651
7,2026-04-15,31.522,8.672,255.0,7.477,63.061,496.177,11.052,86.348,9.1651,9.1915
7,2026-04-16,32.987,8.477,255.0,7.72,59.697,401.505,9.994,90.609,9.1915,9.1803
7,2026-04-17,30.97,7.995,255.0,7.61,61.018,411.346,10.69,84.059,9.1803,9.159
7,2026-04-18,31.443,8.777,255.0,6.999,67.66,508.41,10.715,87.86,9.159,9.1753
7,2026-04-19,32.805,9.517,255.0,7.311,63.3,461.014,10.803,90.745,9.1753,9.1334
7,2026-04-20,30.42,9.747,255.0,7.046,54.804,572.023,11.237,89.996,9.1334,9.1173
7,2026-04-21,31.443,10.648,255.0,7.363,76.559,457.691,12.6,87.872,9.1173,9.1431
7,2026-04-22,31.182,9.138,255.0,,47.428,451.417,11.437,90.245,9.1431,9.1554
7,2026-04-23,31.85,9.857,255.0,6.938,56.753,474.446,11.524,81.778,9.1554,9.1579
7,2026-04-24,32.644,8.882,255.0,7.037,64.41,461.598,11.393,86.654,9.1579,9.1963
7,2026-04-25,33.071,8.495,255.0,7.195,58.959,489.224,10.429,89.659,9.1963,9.1758
7,2026-04-26,32.114,10.003,255.0,6.917,57.241,483.777,11.429,83.068,9.1758,9.2221
7,2026-04-27,34.321,8.693,255.0,6.911,59.526,515.495,11.291,90.591,9.2221,9.1902
7,2026-04-28,31.508,8.639,255.0,6.966,58.913,423.528,11.176,87.454,9.1902,9.1995
7,2026-04-29,31.956,9.244,255.0,6.78,48.516,455.66,11.618,86.945,9.1995,9.1673
7,2026-04-30,33.943,9.443,255.0,7.103,,406.093,10.748,87.918,9.1673,9.1586
7,2026-05-01,34.597,9.05,255.0,6.614,63.298,376.549,11.01,82.826,9.1586,9.1514
7,2026-05-02,32.46,9.174,255.0,7.053,67.381,392.786,11.119,88.1,9.1514,9.1826
7,2026-05-03,32.394,9.22,255.0,7.526,69.363,389.82,10.581,85.859,9.1826,9.2009
7,2026-05-04,33.541,9.266,255.0,7.255,64.011,396.767,11.176,87.884,9.2009,9.1798
7,2026-05-05,31.575,9.246,255.0,7.23,71.469,369.642,10.837,88.844,9.1798,9.1761
7,2026-05-06,33.503,9.456,255.0,6.899,74.085,328.109,11.318,79.053,9.1761,9.1951
7,2026-05-07,32.326,8.172,255.0,7.567,83.175,335.737,10.56,82.618,9.1951,9.1653
7,2026-05-08,32.863,9.688,255.0,7.245,68.934,392.088,11.361,87.808,9.1653,9.174
7,2026-05-09,31.721,8.022,255.0,7.545,89.944,379.575,11.001,92.041,9.174,9.1548
7,2026-05-10,31.214,9.142,255.0,7.299,71.661,341.328,11.071,89.824,9.1548,9.1132
7,2026-05-11,31.707,10.021,255.0,7.405,86.793,322.339,11.764,86.018,9.1132,9.1141
7,2026-05-12,31.489,8.318,255.0,7.185,84.154,355.768,10.794,89.841,9.1141,9.1265
7,2026-05-13,30.363,8.694,255.0,7.558,97.594,368.929,11.159,89.579,9.1265,9.1452
7,2026-05-14,31.345,8.914,255.0,7.535,75.886,331.75,10.636,90.156,9.1452,9.2001
7,2026-05-15,29.335,8.366,255.0,7.451,75.937,317.358,10.533,90.055,9.2001,9.2349
8,2025-01-01,27.285,8.36,222.898,7.155,79.965,448.639,10.863,91.111,2.9665,2.9989
8,2025-01-02,27.259,7.168,235.461,7.261,80.26,423.283,10.877,85.177,2.9989,3.0712
8,2025-01-03,27.165,7.744,230.71,7.6,86.045,424.08,10.179,89.271,3.0712,3.1273
8,2025-01-04,28.165,8.192,235.135,7.889,77.431,412.098,10.018,90.818,3.1273,3.1578
8,2025-01-05,28.322,7.696,231.14,7.454,90.2,421.87,10.816,86.194,3.1578,3.2137
8,2025-01-06,29.312,8.006,229.197,7.485,85.718,354.59,10.305,88.202,3.2137,3.2371
8,2025-01-07,30.26,8.642,247.34,8.072,83.24,401.018,10.819,85.846,3.2371,3.2932
8,2025-01-08,29.641,7.129,253.694,7.761,73.631,357.707,10.944,84.303,3.2932,3.336
8,2025-01-09,28.482,7.795,237.604,7.591,74.039,363.251,10.36,85.309,3.336,3.3451
8,2025-01-10,27.718,6.88,247.855,8.034,79.475,374.376,10.101,88.117,3.3451,3.3772
8,2025-01-11,30.622,7.782,240.788,7.852,80.272,315.126,10.521,82.503,3.3772,3.3926
8,2025-01-12,28.588,7.554,244.4,7.842,67.807,408.606,10.654,85.179,3.3926,3.4499
8,2025-01-13,29.203,7.165,241.886,8.151,77.123,297.237,10.318,86.062,3.4499,3.4321
8,2025-01-14,28.763,7.318,233.945,7.677,73.988,323.318,10.162,89.53,3.4321,3.4505
8,2025-01-15,27.308,7.354,230.717,7.748,74.392,312.606,10.584,87.616,3.4505,3.4861
8,2025-01-16,29.599,6.635,236.788,8.064,64.309,285.628,10.048,88.834,3.4861,3.505
8,2025-01-17,30.366,8.133,247.711,8.213,76.146,349.317,10.791,85.668,3.505,3.5301
8,2025-01-18,27.694,7.053,250.502,7.881,72.88,303.619,10.251,89.693,3.5301,3.5373
8,2025-01-19,28.954,8.059,241.319,7.676,58.479,250.0,10.277,88.817,3.5373,3.5768
8,2025-01-20,28.981,7.847,239.066,7.487,48.549,314.478,9.928,89.205,3.5768,3.5884
8,2025-01-21,27.168,7.562,240.398,7.686,63.559,412.687,9.416,88.792,3.5884,3.6177
8,2025-01-22,29.157,7.864,247.263,7.561,54.947,389.387,9.823,87.532,3.6177,3.6787
8,2025-01-23,27.022,7.795,246.376,7.308,59.591,365.058,9.537,85.199,3.6787,3.7051
8,2025-01-24,28.48,8.784,255.0,7.295,49.704,423.855,10.948,87.15,3.7051,3.7529
8,2025-01-25,,8.337,249.179,7.48,55.558,389.888,10.646,84.905,3.7529,3.7942
8,2025-01-26,28.187,7.998,247.485,7.578,66.701,427.986,10.641,91.115,3.7942,3.8223
8,2025-01-27,28.715,8.569,255.0,7.324,65.798,415.909,10.222,86.38,3.8223,3.8465
8,2025-01-28,26.826,8.408,251.715,7.092,47.958,453.542,10.61,91.601,3.8465,3.8885
8,2025-01-29,29.044,7.916,245.464,7.069,67.813,485.487,9.892,84.252,3.8885,3.9488
8,2025-01-30,27.652,8.912,246.518,7.196,61.627,449.924,11.545,87.906,3.9488,3.9635
8,2025-01-31,28.071,9.229,252.808,7.353,68.704,467.243,10.511,85.279,3.9635,4.0245
8,2025-02-01,31.435,9.384,255.0,6.988,46.088,435.649,11.758,87.734,4.0245,4.0283
8,2025-02-02,29.616,7.6,255.0,7.433,74.55,450.332,9.631,88.314,4.0283,4.0934
8,2025-02-03,31.519,7.649,240.217,7.282,60.949,501.276,10.325,89.989,4.0934,4.1418
8,2025-02-04,30.098,8.546,253.98,7.274,58.812,445.578,10.678,86.623,4.1418,4.1823
8,2025-02-05,31.314,8.844,255.0,6.908,58.937,472.502,10.87,86.45,4.1823,4.2063
8,2025-02-06,30.393,8.46,255.0,7.012,66.506,513.972,10.215,81.251,4.2063,4.2055
8,2025-02-07,28.452,9.793,255.0,7.186,72.674,456.791,11.596,86.545,4.2055,4.2685
8,2025-02-08,31.504,8.623,255.0,7.374,70.491,423.643,11.031,89.07,4.2685,4.3029
8,2025-02-09,30.496,8.688,255.0,6.921,68.915,427.927,11.352,90.938,4.3029,4.3246
8,2025-02-10,31.224,8.969,255.0,7.192,69.327,445.29,10.939,91.502,4.3246,4.3665
8,2025-02-11,31.969,8.974,255.0,7.161,82.984,358.766,10.546,89.109,4.3665,4.3687
8,2025-02-12,30.877,8.141,255.0,7.372,81.086,424.296,11.138,84.398,4.3687,4.4458
8,2025-02-13,32.174,9.719,255.0,7.197,82.489,395.321,11.642,90.787,4.4458,4.4301
8,2025-02-14,32.876,9.078,255.0,7.332,76.195,325.938,11.179,86.405,4.4301,4.4496
8,2025-02-15,27.469,9.102,255.0,7.434,80.783,382.195,11.118,88.355,4.4496,4.5263
8,2025-02-16,30.947,,255.0,7.318,77.001,437.704,11.465,90.093,4.5263,4.574
8,2025-02-17,31.478,9.165,255.0,7.22,81.847,334.237,11.696,91.956,4.574,4.6146
8,2025-02-18,29.878,9.049,255.0,7.373,97.945,402.488,11.209,90.388,4.6146,4.656
8,2025-02-19,28.003,8.903,255.0,,85.931,353.978,11.219,89.761,4.656,4.7426
8,2025-02-20,29.725,9.227,255.0,7.809,90.135,352.267,11.233,89.442,4.7426,4.7686
8,2025-02-21,29.811,7.952,255.0,7.611,81.14,346.555,10.553,90.239,4.7686,4.813
8,2025-02-22,29.765,8.871,255.0,7.685,101.4,289.889,10.575,84.752,4.813,4.8635
8,2025-02-23,29.584,9.551,255.0,7.781,90.526,382.121,10.339,88.981,4.8635,4.929
8,2025-02-24,,8.921,255.0,7.516,91.207,295.655,11.352,84.146,4.929,5.019
8,2025-02-25,32.786,7.828,255.0,7.618,80.214,422.274,10.492,90.151,5.019,5.0139
8,2025-02-26,28.767,8.549,255.0,8.167,85.399,384.416,10.209,85.784,5.0139,5.0087
8,2025-02-27,30.802,8.38,255.0,7.897,85.958,377.136,11.163,86.452,5.0087,5.0257
8,2025-02-28,31.761,7.633,255.0,7.605,98.806,381.705,10.71,85.458,5.0257,5.0538
8,2025-03-01,31.357,10.37,255.0,7.908,82.646,370.946,12.008,83.688,5.0538,5.1031
8,2025-03-02,31.795,8.127,255.0,7.326,87.301,359.736,10.837,87.094,5.1031,5.1195
8,2025-03-03,31.944,9.465,255.0,7.626,77.756,409.387,11.563,84.631,5.1195,5.1417
8,2025-03-04,,10.08,255.0,7.708,94.172,406.481,11.461,87.267,5.1417,5.1883
8,2025-03-05,31.576,8.928,255.0,7.475,85.074,342.344,11.088,83.962,5.1883,5.2134
8,2025-03-06,30.981,9.765,255.0,7.111,76.416,444.887,12.014,83.366,5.2134,5.2768
8,2025-03-07,34.138,10.016,255.0,7.981,,444.419,11.351,81.833,5.2768,5.2359
8,2025-03-08,32.609,8.105,255.0,7.552,68.559,379.067,11.037,86.079,5.2359,5.232
8,2025-03-09,34.37,9.335,255.0,7.314,59.248,538.808,12.091,91.262,5.232,5.2327
8,2025-03-10,33.659,8.532,255.0,7.197,81.486,457.385,10.335,89.847,5.2327,5.2004
8,2025-03-11,32.108,8.808,255.0,7.367,71.118,509.451,10.857,86.653,5.2004,5.261
8,2025-03-12,32.962,9.385,255.0,7.195,60.447,549.156,10.98,88.219,5.261,5.3014
8,2025-03-13,31.855,10.366,255.0,7.559,71.253,480.515,11.581,87.479,5.3014,5.349
8,2025-03-14,33.888,8.559,255.0,7.469,63.107,452.992,11.015,88.765,5.349,5.3514
8,2025-03-15,30.547,8.739,255.0,7.043,66.998,452.427,10.685,90.541,5.3514,5.3585
8,2025-03-16,33.528,9.493,255.0,6.811,58.319,373.204,11.417,84.082,5.3585,5.4272
8,2025-03-17,33.879,8.693,255.0,6.915,71.957,441.485,11.358,93.791,5.4272,5.4645
8,2025-03-18,33.13,8.848,255.0,7.128,55.378,517.635,10.493,89.108,5.4645,5.4673
8,2025-03-19,31.126,9.127,255.0,6.9,62.464,,10.727,88.373,5.4673,5.4767
8,2025-03-20,30.006,10.073,255.0,6.971,75.24,455.046,11.594,86.089,5.4767,5.5982
8,2025-03-21,31.137,10.154,255.0,7.067,68.601,383.737,12.444,88.158,5.5982,5.6476
8,2025-03-22,31.502,8.463,255.0,6.619,72.899,434.209,10.532,85.151,5.6476,5.6412
8,2025-03-23,31.918,9.038,255.0,6.841,66.313,,10.761,86.782,5.6412,5.6648
8,2025-03-24,33.208,9.051,255.0,7.026,58.82,388.228,10.298,87.505,5.6648,5.6743
8,2025-03-25,31.188,8.653,255.0,7.155,61.436,426.879,11.039,88.448,5.6743,5.715
8,2025-03-26,31.797,8.066,255.0,7.33,58.514,402.077,10.057,92.984,5.715,5.7761
8,2025-03-27,31.854,7.956,255.0,7.542,64.697,306.073,10.39,88.966,5.7761,5.7859
8,2025-03-28,,10.314,255.0,7.304,46.116,,11.843,86.988,5.7859,5.8077
8,2025-03-29,31.455,9.543,255.0,7.4,47.486,378.023,11.514,88.318,5.8077,5.867
8,2025-03-30,33.348,9.041,255.0,7.289,68.824,405.577,10.701,85.024,5.867,5.8548
8,2025-03-31,30.301,8.724,255.0,7.426,75.309,328.714,10.87,88.272,5.8548,5.876
8,2025-04-01,32.834,8.461,255.0,7.262,64.127,359.033,10.126,87.279,5.876,5.8739
8,2025-04-02,33.538,9.248,255.0,7.749,,377.387,11.519,87.172,5.8739,5.8844
8,2025-04-03,32.455,8.9,255.0,7.525,57.857,,10.55,87.007,5.8844,5.883
8,2025-04-04,33.338,8.987,255.0,7.543,61.51,311.006,11.963,85.839,5.883,5.9037
8,2025-04-05,32.678,9.469,255.0,7.569,74.52,337.335,11.159,90.425,5.9037,5.8934
8,2025-04-06,32.703,8.111,255.0,7.539,67.992,377.461,10.61,87.077,5.8934,5.8864
8,2025-04-07,34.514,10.141,255.0,7.442,84.747,324.028,11.225,88.911,5.8864,5.8962
8,2025-04-08,33.32,10.112,255.0,,74.274,412.5,10.949,86.373,5.8962,5.9313
8,2025-04-09,34.55,8.362,255.0,7.772,74.073,439.855,11.127,87.077,5.9313,5.9418
8,2025-04-10,34.291,8.685,255.0,7.979,68.056,375.823,10.537,86.877,5.9418,5.905
8,2025-04-11,33.307,8.272,255.0,7.694,68.423,383.653,10.531,89.179,5.905,5.92
8,2025-04-12,34.208,10.242,255.0,7.584,89.671,386.831,11.169,88.229,5.92,5.9018
8,2025-04-13,32.01,10.415,255.0,7.798,91.005,384.215,11.326,82.955,5.9018,5.9452
8,2025-04-14,32.468,8.708,255.0,7.942,80.285,403.913,10.648,85.871,5.9452,5.9274
8,2025-04-15,32.698,9.926,255.0,7.709,89.676,467.616,11.873,85.959,5.9274,5.9703
8,2025-04-16,31.877,8.898,255.0,7.602,100.736,421.897,11.485,85.347,5.9703,6.002
8,2025-04-17,32.127,7.959,255.0,7.877,92.757,399.995,11.11,83.675,6.002,6.0176
8,2025-04-18,33.147,9.409,255.0,7.811,92.433,440.75,11.221,84.328,6.0176,6.0885
8,2025-04-19,32.323,8.494,255.0,7.899,86.682,488.379,11.043,88.021,6.0885,6.1422
8,2025-04-20,29.099,9.928,255.0,7.582,89.842,472.023,11.937,87.679,6.1422,6.2394
8,2025-04-21,33.055,9.627,255.0,7.283,79.924,493.183,11.899,85.832,6.2394,6.2698
8,2025-04-22,31.464,8.319,255.0,7.674,80.475,450.388,10.601,90.861,6.2698,6.2867
8,2025-04-23,30.429,10.173,255.0,7.382,87.091,507.278,10.039,91.055,6.2867,6.3538
8,2025-04-24,32.465,10.188,255.0,7.464,87.694,514.228,12.228,91.644,6.3538,6.3818
8,2025-04-25,30.687,9.253,255.0,7.318,74.798,494.466,10.458,87.985,6.3818,6.4356
8,2025-04-26,31.859,9.655,255.0,7.68,77.42,486.43,11.441,87.8,6.4356,6.4455
8,2025-04-27,31.123,8.036,255.0,7.176,75.553,462.058,11.126,84.806,6.4455,6.4616
8,2025-04-28,30.816,,255.0,7.145,72.775,453.823,10.454,88.409,6.4616,6.5198
8,2025-04-29,32.054,10.234,255.0,7.55,84.418,437.72,12.583,84.624,6.5198,6.6056
8,2025-04-30,32.236,7.785,255.0,6.88,80.495,420.905,10.177,91.853,6.6056,6.6205
8,2025-05-01,31.69,9.716,255.0,6.996,59.73,345.356,11.339,89.366,6.6205,6.6542
8,2025-05-02,32.954,10.039,255.0,7.109,75.939,430.589,11.401,83.398,6.6542,6.6613
8,2025-05-03,31.794,8.675,255.0,6.819,72.048,439.28,10.586,89.435,6.6613,6.6338
8,2025-05-04,33.778,9.177,255.0,7.207,77.484,377.144,10.895,90.066,6.6338,6.6476
8,2025-05-05,31.913,10.199,255.0,6.937,72.218,384.332,11.711,84.686,6.6476,6.6463
8,2025-05-06,33.299,9.119,255.0,7.214,62.802,381.319,11.385,89.653,6.6463,6.6666
8,2025-05-07,31.873,9.624,255.0,7.402,49.01,355.493,11.449,87.871,6.6666,6.687
8,2025-05-08,32.155,8.256,255.0,6.871,60.866,349.286,10.888,86.532,6.687,6.6688
8,2025-05-09,31.926,8.557,255.0,6.975,69.627,408.567,10.321,89.916,6.6688,6.6877
8,2025-05-10,34.047,8.814,255.0,7.212,64.724,355.248,11.173,87.597,6.6877,6.6788
8,2025-05-11,31.722,8.442,255.0,7.109,69.999,331.57,11.093,88.029,6.6788,6.7277
8,2025-05-12,32.89,8.896,255.0,7.2,62.729,289.972,10.632,88.649,6.7277,6.7193
8,2025-05-13,31.514,10.908,255.0,7.379,69.05,312.723,12.071,83.456,6.7193,6.7585
8,2025-05-14,30.21,9.13,255.0,7.389,56.586,310.782,10.787,87.047,6.7585,6.7969
8,2025-05-15,30.792,9.956,255.0,7.638,62.038,328.76,11.24,88.279,6.7969,6.8206
8,2025-05-16,30.619,9.06,255.0,7.412,56.112,347.303,10.805,86.02,6.8206,6.832
8,2025-05-17,29.965,9.524,255.0,7.378,72.907,369.445,10.916,90.801,6.832,6.9251
8,2025-05-18,30.619,9.15,255.0,7.502,61.909,345.199,10.701,88.587,6.9251,6.9247
8,2025-05-19,31.648,9.169,255.0,7.464,57.063,425.566,11.548,90.626,6.9247,6.9649
8,2025-05-20,30.202,8.603,255.0,7.605,68.37,424.632,10.758,84.282,6.9649,7.0437
8,2025-05-21,30.036,9.957,255.0,7.684,54.737,332.066,10.886,87.439,7.0437,7.0561
8,2025-05-22,29.355,9.28,255.0,7.562,56.736,371.288,11.59,87.493,7.0561,7.1291
8,2025-05-23,32.181,9.104,255.0,7.788,54.229,411.693,11.125,89.407,7.1291,7.1499
8,2025-05-24,29.87,,255.0,7.996,72.284,435.191,11.288,88.687,7.1499,7.1734
8,2025-05-25,31.021,8.984,255.0,7.774,66.924,417.411,10.073,84.076,7.1734,7.1759
8,2025-05-26,,7.724,255.0,7.615,65.515,463.721,10.982,85.741,7.1759,7.1793
8,2025-05-27,29.397,9.225,255.0,7.738,75.95,470.841,,86.726,7.1793,7.1916
8,2025-05-28,28.155,9.229,255.0,8.021,60.437,453.322,10.445,84.436,7.1916,7.2022
8,2025-05-29,27.673,9.71,255.0,7.731,61.589,463.796,11.333,88.449,7.2022,7.2552
8,2025-05-30,30.693,7.559,255.0,7.6,76.545,447.181,10.365,86.384,7.2552,7.2766
8,2025-05-31,28.66,8.777,255.0,7.894,70.803,505.484,10.729,85.715,7.2766,7.325
8,2025-06-01,29.975,8.903,255.0,7.444,71.278,510.262,11.439,89.951,7.325,7.3659
8,2025-06-02,28.54,8.221,255.0,7.758,80.352,460.678,10.264,85.169,7.3659,7.3624
8,2025-06-03,29.853,8.409,255.0,7.588,73.757,455.875,10.526,86.218,7.3624,7.4043
8,2025-06-04,33.65,8.115,255.0,7.643,75.159,467.476,11.355,89.887,7.4043,7.3923
8,2025-06-05,30.41,7.959,255.0,7.248,79.331,410.919,10.638,89.479,7.3923,7.4202
8,2025-06-06,32.075,8.525,255.0,7.625,74.472,525.744,10.835,91.415,7.4202,7.4566
8,2025-06-07,30.937,8.139,255.0,7.277,84.799,485.824,9.934,87.483,7.4566,7.5284
8,2025-06-08,31.17,7.175,255.0,7.186,79.104,508.638,9.955,90.166,7.5284,7.5675
8,2025-06-09,29.366,8.073,255.0,7.124,92.398,427.034,9.937,83.396,7.5675,7.5885
8,2025-06-10,30.765,8.015,255.0,7.49,80.234,477.936,10.178,83.996,7.5885,7.596
8,2025-06-11,28.641,8.441,255.0,7.188,84.417,450.341,10.04,89.024,7.596,7.6227
8,2025-06-12,27.714,8.58,255.0,6.89,75.368,381.74,10.803,86.676,7.6227,7.6366
8,2025-06-13,30.266,8.358,255.0,6.987,79.289,463.129,11.314,89.248,7.6366,7.6703
8,2025-06-14,29.307,8.098,255.0,7.43,80.741,407.715,9.876,84.33,7.6703,7.7225
8,2025-06-15,28.419,8.089,255.0,6.852,80.875,337.58,10.507,88.703,7.7225,7.7752
8,2025-06-16,28.587,6.269,255.0,7.427,77.711,384.124,9.867,88.537,7.7752,7.8043
8,2025-06-17,26.64,9.785,255.0,7.178,83.531,433.529,10.921,89.73,7.8043,7.8547
8,2025-06-18,28.078,6.309,255.0,6.794,93.7,351.86,10.74,90.183,7.8547,7.8568
8,2025-06-19,29.023,9.387,255.0,6.999,92.651,389.572,11.765,87.5,7.8568,7.8573
8,2025-06-20,25.831,9.222,255.0,7.057,73.03,382.832,10.934,85.691,7.8573,7.8437
8,2025-06-21,27.175,7.44,255.0,6.932,69.839,345.592,9.955,88.611,7.8437,7.848
8,2025-06-22,25.927,8.825,255.0,7.218,74.253,293.33,10.122,90.453,7.848,7.8948
8,2025-06-23,26.582,8.357,255.0,7.295,77.379,327.465,10.321,88.833,7.8948,7.9111
8,2025-06-24,26.372,7.61,255.0,7.282,67.015,302.138,9.936,,7.9111,7.902
8,2025-06-25,27.578,8.756,255.0,7.25,,311.316,10.539,89.003,7.902,7.9087
8,2025-06-26,28.147,7.91,255.0,7.341,69.288,406.31,10.489,90.437,7.9087,7.9446
8,2025-06-27,27.372,9.067,255.0,7.178,74.064,373.932,10.443,82.147,7.9446,7.995
8,2025-06-28,28.654,6.993,255.0,7.085,82.02,340.53,9.98,91.06,7.995,8.0368
8,2025-06-29,25.37,6.727,255.0,7.553,72.141,341.426,9.872,90.423,8.0368,8.054
8,2025-06-30,26.55,7.385,255.0,7.642,77.847,384.79,10.085,90.228,8.054,8.0449
8,2025-07-01,27.159,8.356,255.0,7.462,63.873,394.605,10.927,85.046,8.0449,8.0815
8,2025-07-02,,6.97,255.0,7.4,59.269,428.566,9.694,88.443,8.0815,8.0856
8,2025-07-03,29.029,7.393,255.0,7.422,,421.609,10.699,91.107,8.0856,8.1047
8,2025-07-04,27.881,7.571,255.0,7.447,74.094,421.473,10.647,88.974,8.1047,8.1117
8,2025-07-05,27.796,9.019,255.0,7.911,64.005,418.545,10.061,85.831,8.1117,8.1248
8,2025-07-06,27.562,7.827,255.0,7.48,63.981,437.69,10.125,92.028,8.1248,8.1354
8,2025-07-07,28.285,6.388,255.0,7.571,70.662,463.239,9.997,90.152,8.1354,8.1564
8,2025-07-08,28.61,6.148,255.0,7.594,60.125,478.485,9.62,83.172,8.1564,8.1748
8,2025-07-09,27.049,6.662,255.0,7.539,61.321,512.058,10.058,91.01,8.1748,8.2127
8,2025-07-10,28.683,7.158,255.0,7.749,57.495,492.991,10.627,88.229,8.2127,8.1973
8,2025-07-11,27.041,7.103,255.0,7.792,60.821,531.528,9.883,83.327,8.1973,8.203
8,2025-07-12,27.892,6.299,255.0,7.539,62.945,508.823,9.137,83.317,8.203,8.2414
8,2025-07-13,26.643,6.651,255.0,7.873,61.117,476.234,9.267,85.182,8.2414,8.2474
8,2025-07-14,25.211,6.878,255.0,7.746,66.783,500.916,9.791,90.473,8.2474,8.2545
8,2025-07-15,25.697,7.536,255.0,7.897,50.47,479.119,10.377,85.611,8.2545,8.2932
8,2025-07-16,26.019,8.56,255.0,7.573,62.704,483.327,11.255,91.025,8.2932,8.2938
8,2025-07-17,24.442,7.155,255.0,7.845,52.396,425.832,10.561,83.858,8.2938,8.3307
8,2025-07-18,24.623,6.817,255.0,7.852,55.981,415.44,10.801,87.668,8.3307,8.3319
8,2025-07-19,24.46,6.503,255.0,7.622,70.253,458.213,10.404,89.151,8.3319,8.3432
8,2025-07-20,23.88,7.493,255.0,7.603,66.437,,9.532,86.004,8.3432,8.3624
8,2025-07-21,24.689,6.935,255.0,7.236,69.587,436.359,9.46,86.867,8.3624,8.4162
8,2025-07-22,22.906,7.46,255.0,7.231,59.11,378.8,10.629,87.867,8.4162,8.4334
8,2025-07-23,23.947,6.955,255.0,7.321,62.127,469.454,10.76,91.712,8.4334,8.4279
8,2025-07-24,23.455,7.601,255.0,7.327,66.868,412.04,10.089,84.344,8.4279,8.4242
8,2025-07-25,23.87,4.941,255.0,7.12,71.723,335.541,8.556,87.469,8.4242,8.406
8,2025-07-26,,6.624,255.0,6.954,81.693,372.047,9.903,88.001,8.406,8.4343
8,2025-07-27,25.094,6.862,255.0,7.277,72.473,399.279,9.717,87.611,8.4343,8.4469
8,2025-07-28,25.244,8.267,255.0,7.137,79.361,332.6,11.184,86.15,8.4469,8.4181
8,2025-07-29,26.475,7.401,255.0,,93.565,321.027,10.189,83.853,8.4181,8.4268
8,2025-07-30,25.323,8.386,255.0,7.005,59.252,370.445,10.526,91.754,8.4268,8.417
8,2025-07-31,23.645,7.088,255.0,7.026,89.9,336.136,10.826,83.746,8.417,8.4442
8,2025-08-01,24.349,6.44,255.0,6.878,73.034,363.151,9.89,84.301,8.4442,8.4777
8,2025-08-02,24.84,7.3,,6.872,85.567,345.662,9.929,92.087,8.4777,8.4694
8,2025-08-03,25.073,5.962,255.0,6.842,79.15,327.462,9.321,90.036,8.4694,8.4502
8,2025-08-04,23.934,5.647,255.0,7.24,84.739,367.508,10.0,86.757,8.4502,8.4429
8,2025-08-05,24.047,6.78,255.0,7.093,84.425,383.049,,88.112,8.4429,8.4584
8,2025-08-06,25.61,5.5,255.0,7.755,72.633,334.341,9.219,92.56,8.4584,8.4792
8,2025-08-07,24.475,5.739,255.0,7.213,78.926,367.586,9.865,92.324,8.4792,8.4847
8,2025-08-08,24.797,6.443,255.0,7.602,82.781,280.426,9.81,87.244,8.4847,8.4769
8,2025-08-09,23.409,7.929,255.0,7.232,82.527,452.458,10.177,89.066,8.4769,8.5076
8,2025-08-10,23.373,6.722,255.0,7.566,84.25,311.383,10.041,88.763,8.5076,8.5524
8,2025-08-11,25.772,6.277,255.0,7.139,75.339,379.897,10.039,84.092,8.5524,8.5772
8,2025-08-12,23.31,6.603,255.0,7.157,84.61,382.726,9.116,89.812,8.5772,8.5773
8,2025-08-13,22.955,6.702,255.0,7.411,85.678,401.461,9.993,88.871,8.5773,8.5933
8,2025-08-14,22.322,6.485,255.0,7.37,67.053,366.805,9.888,87.821,8.5933,8.6196
8,2025-08-15,22.071,5.304,255.0,7.3,75.817,439.514,9.028,82.288,8.6196,8.626
8,2025-08-16,21.57,4.848,255.0,7.609,89.838,447.63,9.303,88.123,8.626,8.6515
8,2025-08-17,23.654,7.516,255.0,7.464,69.921,506.864,10.607,89.942,8.6515,8.6708
8,2025-08-18,21.108,6.205,255.0,7.523,93.041,485.681,8.824,87.568,8.6708,8.6624
8,2025-08-19,20.845,6.649,255.0,7.452,79.372,435.647,9.752,90.082,8.6624,8.666
8,2025-08-20,21.752,6.229,255.0,7.518,63.391,496.415,10.492,89.111,8.666,8.6398
8,2025-08-21,22.544,6.482,255.0,7.827,79.884,534.608,9.415,83.845,8.6398,8.6224
8,2025-08-22,20.509,6.979,255.0,7.533,71.199,422.9,10.169,90.493,8.6224,8.6508
8,2025-08-23,21.518,6.883,255.0,7.81,66.843,492.538,10.496,83.748,8.6508,8.6504
8,2025-08-24,20.418,5.221,255.0,7.669,75.526,510.714,9.494,87.739,8.6504,8.6386
8,2025-08-25,21.97,5.655,255.0,7.518,75.587,461.805,9.857,86.991,8.6386,8.618
8,2025-08-26,23.023,6.674,255.0,7.425,62.448,502.512,10.74,89.594,8.618,8.6016
8,2025-08-27,22.588,5.732,255.0,7.671,63.346,490.541,10.392,89.918,8.6016,8.5845
8,2025-08-28,22.873,7.178,255.0,7.905,65.312,434.238,10.386,89.823,8.5845,8.587
8,2025-08-29,21.715,7.808,255.0,7.543,56.022,447.752,10.423,90.113,8.587,8.5609
8,2025-08-30,21.845,5.366,255.0,7.817,65.071,418.874,9.512,84.249,8.5609,8.5307
8,2025-08-31,22.935,6.061,255.0,7.466,,458.204,9.264,86.914,8.5307,8.5367
8,2025-09-01,21.586,5.638,255.0,7.52,59.611,405.784,10.242,87.07,8.5367,8.5417
8,2025-09-02,24.845,5.814,255.0,7.485,58.249,419.75,9.477,83.963,8.5417,8.5491
8,2025-09-03,23.735,5.508,255.0,7.466,60.431,361.405,9.437,88.921,8.5491,8.5624
8,2025-09-04,22.167,5.152,255.0,7.353,69.562,318.42,9.11,87.675,8.5624,8.6137
8,2025-09-05,22.844,6.265,255.0,7.407,59.341,378.629,9.106,87.712,8.6137,8.5965
8,2025-09-06,23.682,4.664,255.0,7.392,69.642,353.035,8.659,84.294,8.5965,8.6241
8,2025-09-07,23.077,5.536,255.0,6.98,61.468,329.397,9.207,91.137,8.6241,8.5845
8,2025-09-08,23.224,5.579,255.0,7.187,63.009,356.704,9.072,85.994,8.5845,8.5922
8,2025-09-09,23.291,5.428,255.0,7.298,68.396,345.146,9.396,87.087,8.5922,8.5732
8,2025-09-10,22.288,6.14,255.0,7.034,61.993,334.202,10.563,88.977,8.5732,8.5984
8,2025-09-11,21.79,6.777,255.0,7.186,63.109,297.485,9.869,83.013,8.5984,8.586
8,2025-09-12,21.666,4.833,255.0,7.251,68.582,399.964,9.922,87.932,8.586,8.5948
8,2025-09-13,21.357,5.598,255.0,7.212,94.16,384.187,9.63,88.672,8.5948,8.5953
8,2025-09-14,22.262,5.675,255.0,6.893,70.112,369.05,9.488,87.691,8.5953,8.5956
8,2025-09-15,20.792,5.278,255.0,7.015,78.748,346.275,9.537,86.279,8.5956,8.5746
8,2025-09-16,21.096,5.404,255.0,7.281,68.567,358.762,9.351,88.507,8.5746,8.5502
8,2025-09-17,21.062,4.66,255.0,7.27,69.914,316.325,8.523,89.593,8.5502,8.5584
8,2025-09-18,20.186,5.614,255.0,6.934,65.369,360.931,9.784,86.195,8.5584,8.5529
8,2025-09-19,21.102,6.034,255.0,6.97,66.731,421.571,9.349,88.271,8.5529,8.5425
8,2025-09-20,20.848,6.694,255.0,7.198,75.661,455.547,9.259,84.641,8.5425,8.5802
8,2025-09-21,21.343,4.529,255.0,7.031,66.802,408.326,9.444,89.576,8.5802,8.5708
8,2025-09-22,20.341,,255.0,7.562,69.034,476.305,9.901,89.529,8.5708,8.6079
8,2025-09-23,20.853,5.266,255.0,7.256,86.408,431.393,8.436,87.239,8.6079,8.6086
8,2025-09-24,20.162,6.642,255.0,6.787,80.284,445.329,10.932,86.626,8.6086,8.6124
8,2025-09-25,20.926,6.946,255.0,7.058,75.962,477.332,10.241,86.463,8.6124,8.6373
8,2025-09-26,21.524,5.21,255.0,7.346,81.178,475.779,9.2,,8.6373,8.6541
8,2025-09-27,22.684,4.785,255.0,7.339,80.683,452.612,8.46,85.064,8.6541,8.6458
8,2025-09-28,20.685,6.705,255.0,7.827,82.537,419.677,10.196,81.798,8.6458,8.658
8,2025-09-29,20.372,5.495,255.0,7.182,83.818,515.807,9.197,87.33,8.658,8.641
8,2025-09-30,21.159,6.251,255.0,7.242,81.446,493.441,10.222,88.612,8.641,8.63
8,2025-10-01,23.131,5.093,255.0,7.389,93.427,492.609,9.47,89.33,8.63,8.6024
8,2025-10-02,22.643,5.687,255.0,7.431,76.371,477.549,8.948,87.425,8.6024,8.6052
8,2025-10-03,22.943,6.136,255.0,7.497,89.961,468.975,10.55,86.21,8.6052,8.6352
8,2025-10-04,23.071,6.543,255.0,7.716,99.976,465.876,10.415,85.97,8.6352,8.6616
8,2025-10-05,23.535,6.246,255.0,7.108,82.688,446.654,9.641,86.631,8.6616,8.6732
8,2025-10-06,22.201,4.677,255.0,7.991,78.064,455.105,10.067,85.213,8.6732,8.6812
8,2025-10-07,21.058,4.502,255.0,7.646,78.755,456.051,8.586,88.434,8.6812,8.6813
8,2025-10-08,22.931,5.94,255.0,7.715,76.421,435.294,10.228,85.782,8.6813,8.7156
8,2025-10-09,20.699,5.624,255.0,7.574,69.573,459.598,9.744,88.127,8.7156,8.7227
8,2025-10-10,20.95,5.772,255.0,7.629,86.378,408.495,9.702,87.96,8.7227,8.7277
8,2025-10-11,22.361,5.095,255.0,7.812,83.914,424.165,9.134,87.525,8.7277,8.7281
8,2025-10-12,20.647,6.694,255.0,8.073,71.708,426.821,10.668,84.174,8.7281,8.767
8,2025-10-13,21.592,5.37,255.0,7.712,72.76,492.195,9.178,88.065,8.767,8.8018
8,2025-10-14,22.468,5.442,255.0,7.648,58.787,375.844,9.464,89.241,8.8018,8.8224
8,2025-10-15,22.225,5.734,255.0,7.874,72.724,408.985,9.943,87.955,8.8224,8.8524
8,2025-10-16,21.337,6.246,255.0,7.662,74.678,406.208,9.597,88.497,8.8524,8.8691
8,2025-10-17,21.048,5.32,255.0,7.581,65.935,340.291,9.554,88.136,8.8691,8.8797
8,2025-10-18,20.371,5.48,255.0,7.317,68.264,329.442,10.039,83.248,8.8797,8.8547
8,2025-10-19,20.858,6.6,255.0,7.563,59.631,328.483,9.606,88.761,8.8547,8.8207
8,2025-10-20,21.16,6.672,255.0,7.392,66.908,288.182,9.076,83.158,8.8207,8.8144
8,2025-10-21,21.152,5.66,255.0,7.553,71.021,328.714,9.095,82.728,8.8144,8.7923
8,2025-10-22,19.193,5.899,255.0,7.059,64.759,329.051,10.07,89.215,8.7923,8.7977
8,2025-10-23,19.966,5.093,255.0,7.185,76.866,334.625,9.364,91.168,8.7977,8.7797
8,2025-10-24,21.737,5.53,255.0,7.288,65.658,330.212,9.573,91.61,8.7797,8.8145
8,2025-10-25,20.639,7.104,255.0,7.04,58.612,406.006,10.895,89.178,8.8145,8.8176
8,2025-10-26,21.485,5.256,255.0,7.282,55.367,315.15,8.636,91.873,8.8176,8.8065
8,2025-10-27,20.731,6.825,255.0,6.876,51.956,357.383,10.062,88.485,8.8065,8.8456
8,2025-10-28,21.383,5.175,255.0,6.898,54.699,337.092,9.667,84.396,8.8456,8.8204
8,2025-10-29,21.169,6.669,255.0,7.364,68.887,336.627,9.401,92.676,8.8204,8.788
8,2025-10-30,23.708,5.956,255.0,7.163,44.382,387.375,10.107,85.844,8.788,8.7582
8,2025-10-31,22.775,7.075,255.0,6.845,62.147,430.22,10.225,86.219,8.7582,8.7651
8,2025-11-01,23.018,4.933,255.0,7.248,54.229,371.334,8.952,85.345,8.7651,8.7365
8,2025-11-02,23.764,6.921,255.0,7.074,50.991,399.423,10.214,82.369,8.7365,8.6991
8,2025-11-03,23.583,7.484,255.0,6.84,67.458,421.813,9.774,90.77,8.6991,8.7127
8,2025-11-04,23.933,6.03,255.0,7.059,64.901,474.6,10.462,85.957,8.7127,8.716
8,2025-11-05,24.646,7.684,255.0,7.3,69.009,491.09,11.028,93.756,8.716,8.746
8,2025-11-06,21.042,6.687,255.0,7.239,60.606,373.028,10.003,88.059,8.746,8.7321
8,2025-11-07,22.679,6.003,255.0,7.031,71.21,469.498,8.925,87.617,8.7321,8.7756
8,2025-11-08,24.412,5.428,255.0,7.471,57.038,477.48,9.782,91.411,8.7756,8.8153
8,2025-11-09,23.219,6.482,255.0,7.298,63.038,475.05,10.726,89.288,8.8153,8.7943
8,2025-11-10,22.815,6.386,255.0,7.437,68.502,508.017,10.231,84.308,8.7943,8.8274
8,2025-11-11,23.314,4.827,255.0,7.301,73.736,448.878,9.585,89.506,8.8274,8.8328
8,2025-11-12,23.022,6.132,255.0,7.169,69.028,479.19,10.398,89.164,8.8328,8.8026
8,2025-11-13,22.286,7.607,255.0,7.315,68.066,462.976,11.331,85.997,8.8026,8.8174
8,2025-11-14,20.539,6.165,255.0,7.397,79.501,527.65,9.619,86.909,8.8174,8.8018
8,2025-11-15,20.972,7.162,255.0,7.533,78.052,537.782,9.591,87.061,8.8018,8.8135
8,2025-11-16,21.641,5.398,255.0,7.717,77.402,407.546,8.893,87.758,8.8135,8.8215
8,2025-11-17,23.453,6.708,255.0,7.513,80.441,398.204,10.08,86.843,8.8215,8.8449
8,2025-11-18,20.102,5.433,255.0,7.468,76.092,477.353,9.784,87.903,8.8449,8.8459
8,2025-11-19,23.469,5.015,255.0,7.829,77.075,438.81,9.485,88.925,8.8459,8.8161
8,2025-11-20,23.173,6.264,255.0,7.632,95.763,434.825,9.631,89.832,8.8161,8.8132
8,2025-11-21,21.685,6.546,255.0,7.622,83.384,430.35,9.995,92.352,8.8132,8.851
8,2025-11-22,23.442,7.424,255.0,8.1,70.602,397.895,10.29,86.882,8.851,8.8406
8,2025-11-23,21.587,6.448,255.0,7.918,79.969,366.953,9.588,84.39,8.8406,8.851
8,2025-11-24,24.205,5.57,255.0,7.743,92.016,327.805,10.077,86.172,8.851,8.8521
8,2025-11-25,23.7,7.556,255.0,7.718,90.935,370.298,10.046,86.935,8.8521,8.8256
8,2025-11-26,24.015,6.915,255.0,7.871,94.002,386.908,9.84,86.058,8.8256,8.843
8,2025-11-27,23.865,5.868,255.0,7.608,87.952,279.467,8.587,89.236,8.843,8.8597
8,2025-11-28,25.788,5.796,255.0,7.375,81.661,319.538,9.597,89.234,8.8597,8.8703
8,2025-11-29,25.587,7.001,255.0,7.61,87.615,286.806,10.629,87.604,8.8703,8.8708
8,2025-11-30,25.864,6.02,255.0,7.68,88.747,340.856,9.32,87.273,8.8708,8.869
8,2025-12-01,23.987,6.552,255.0,7.336,82.468,380.472,10.486,84.651,8.869,8.8982
8,2025-12-02,26.028,6.181,255.0,7.432,81.62,279.182,10.018,90.591,8.8982,8.8723
8,2025-12-03,26.921,6.792,255.0,7.6,70.838,301.401,10.243,90.176,8.8723,8.8809
8,2025-12-04,24.057,6.175,255.0,7.378,82.444,279.515,10.373,87.416,8.8809,8.9043
8,2025-12-05,26.58,8.107,255.0,7.235,78.815,325.646,10.602,89.46,8.9043,8.9077
8,2025-12-06,24.556,6.772,255.0,7.174,72.59,392.157,10.266,,8.9077,8.9404
8,2025-12-07,25.759,6.55,255.0,7.083,60.714,323.253,10.045,85.092,8.9404,8.9349
8,2025-12-08,25.963,7.068,255.0,7.23,73.582,369.279,10.466,87.192,8.9349,8.9712
8,2025-12-09,26.376,6.676,255.0,7.135,70.303,328.05,10.498,85.763,8.9712,8.9795
8,2025-12-10,26.846,7.205,,7.321,67.132,364.753,10.309,83.03,8.9795,8.9604
8,2025-12-11,24.465,7.28,255.0,7.22,68.782,431.896,10.033,93.636,8.9604,8.9541
8,2025-12-12,26.019,7.761,255.0,6.958,58.652,388.67,10.191,87.008,8.9541,8.9492
8,2025-12-13,24.776,7.149,255.0,7.186,70.104,504.275,,88.072,8.9492,8.9422
8,2025-12-14,23.406,7.058,255.0,7.12,72.316,460.292,10.651,90.045,8.9422,8.9348
8,2025-12-15,24.697,6.486,255.0,7.008,67.024,455.007,9.919,84.839,8.9348,8.9508
8,2025-12-16,23.85,6.105,255.0,7.272,76.095,474.694,9.585,90.26,8.9508,8.9526
8,2025-12-17,25.524,6.474,255.0,6.931,65.451,476.251,10.2,90.065,8.9526,8.9591
8,2025-12-18,26.447,6.653,255.0,6.938,46.386,480.055,10.255,88.569,8.9591,8.9637
8,2025-12-19,24.808,7.137,255.0,6.888,61.91,450.588,9.369,88.687,8.9637,8.9822
8,2025-12-20,24.144,7.569,255.0,7.294,73.082,508.484,10.579,84.243,8.9822,8.9564
8,2025-12-21,24.005,8.53,255.0,6.956,43.986,507.639,10.535,89.001,8.9564,8.9495
8,2025-12-22,26.215,6.266,255.0,7.145,62.156,451.48,9.929,87.526,8.9495,9.0039
8,2025-12-23,27.935,7.547,255.0,7.195,63.09,464.359,9.682,87.512,9.0039,8.9791
8,2025-12-24,24.555,6.846,255.0,7.325,76.686,438.456,10.122,87.775,8.9791,8.9875
8,2025-12-25,25.386,9.204,255.0,7.438,57.054,501.105,11.257,87.997,8.9875,8.9955
8,2025-12-26,24.963,6.143,255.0,7.418,59.255,482.064,9.364,85.132,8.9955,8.9957
8,2025-12-27,27.383,7.369,255.0,7.738,66.391,456.35,10.676,86.691,8.9957,9.0182
8,2025-12-28,28.813,5.773,255.0,7.533,50.997,431.061,9.634,89.603,9.0182,9.0608
8,2025-12-29,28.371,7.269,255.0,7.693,60.331,404.235,9.729,90.741,9.0608,9.0107
8,2025-12-30,28.058,7.134,255.0,7.489,61.783,398.479,11.438,91.996,9.0107,9.0296
8,2025-12-31,28.926,7.64,255.0,7.732,68.341,403.797,10.861,86.324,9.0296,9.0172
8,2026-01-01,27.175,5.73,255.0,7.707,70.665,426.604,9.082,88.522,9.0172,9.0451
8,2026-01-02,27.585,7.296,255.0,7.38,61.722,378.559,10.361,83.738,9.0451,9.0596
8,2026-01-03,29.791,6.97,255.0,7.778,64.073,353.462,9.742,84.654,9.0596,9.0928
8,2026-01-04,27.722,6.955,255.0,7.752,69.356,358.297,10.244,84.834,9.0928,9.1265
8,2026-01-05,28.374,8.041,255.0,7.953,76.591,305.578,10.566,89.595,9.1265,9.1382
8,2026-01-06,26.872,7.223,255.0,7.757,62.057,375.524,10.198,82.374,9.1382,9.1387
8,2026-01-07,28.329,8.679,255.0,7.854,63.848,291.373,10.786,87.489,9.1387,9.189
8,2026-01-08,30.151,7.407,255.0,7.916,77.735,302.725,9.483,87.366,9.189,9.1726
8,2026-01-09,27.558,7.9,255.0,7.97,76.158,321.14,9.624,88.106,9.1726,9.165
8,2026-01-10,29.264,6.944,255.0,7.601,75.614,321.145,10.373,88.76,9.165,9.1864
8,2026-01-11,27.827,7.57,255.0,7.785,77.188,345.0,10.636,87.648,9.1864,9.1759
8,2026-01-12,29.135,7.064,255.0,7.755,76.225,385.395,10.577,87.322,9.1759,9.1806
8,2026-01-13,28.522,7.361,255.0,7.716,74.105,353.899,10.289,89.612,9.1806,9.2672
8,2026-01-14,26.133,8.063,255.0,7.658,85.293,342.282,10.737,86.069,9.2672,9.2605
8,2026-01-15,27.273,7.465,255.0,7.42,72.488,392.169,10.057,85.949,9.2605,9.2779
8,2026-01-16,27.387,7.978,255.0,7.383,85.978,354.809,10.622,87.601,9.2779,9.3396
8,2026-01-17,27.929,8.116,255.0,7.534,97.791,427.914,10.809,85.987,9.3396,9.3088
8,2026-01-18,27.025,8.483,255.0,7.538,88.082,380.757,11.065,89.782,9.3088,9.329
8,2026-01-19,29.565,7.845,255.0,6.922,78.271,346.233,10.245,84.032,9.329,9.3522
8,2026-01-20,27.969,8.937,255.0,7.225,,497.5,11.285,89.142,9.3522,9.3562
8,2026-01-21,26.814,9.284,255.0,7.0,90.271,451.725,10.456,90.1,9.3562,9.3323
8,2026-01-22,28.418,7.561,255.0,7.199,80.056,410.78,9.868,89.617,9.3323,9.3477
8,2026-01-23,,8.201,255.0,7.062,77.895,510.794,11.089,85.987,9.3477,9.3143
8,2026-01-24,27.999,8.27,255.0,7.178,83.633,471.012,10.254,91.37,9.3143,9.3335
8,2026-01-25,28.302,8.441,255.0,7.498,74.958,427.433,10.409,86.982,9.3335,9.3195
8,2026-01-26,29.245,9.344,255.0,7.07,80.369,484.256,11.496,90.802,9.3195,9.3297
8,2026-01-27,28.638,8.797,255.0,6.923,73.957,483.253,11.652,88.939,9.3297,9.3116
8,2026-01-28,31.475,8.267,255.0,7.008,82.908,463.416,10.381,85.548,9.3116,9.2882
8,2026-01-29,29.016,9.015,255.0,7.172,72.108,511.094,11.196,86.75,9.2882,9.3082
8,2026-01-30,32.39,8.372,255.0,7.23,75.154,511.442,10.7,81.549,9.3082,9.3167
8,2026-01-31,31.838,8.281,255.0,7.061,71.233,531.286,11.402,85.583,9.3167,9.2764
8,2026-02-01,31.542,8.51,255.0,6.926,75.911,429.426,11.187,86.085,9.2764,9.2708
8,2026-02-02,30.671,8.698,255.0,7.295,80.445,472.37,10.83,86.31,9.2708,9.281
8,2026-02-03,30.301,9.321,255.0,7.074,76.506,442.792,10.891,88.856,9.281,9.297
8,2026-02-04,31.086,9.047,255.0,,54.678,442.343,11.528,85.099,9.297,9.2993
8,2026-02-05,31.677,8.198,255.0,7.408,81.488,374.631,10.516,82.171,9.2993,9.2884
8,2026-02-06,30.61,9.349,255.0,6.975,56.236,352.165,11.779,89.753,9.2884,9.2601
8,2026-02-07,31.81,10.499,255.0,7.215,57.645,464.665,11.215,86.636,9.2601,9.2588
8,2026-02-08,29.556,9.476,255.0,7.128,70.374,406.585,11.321,88.769,9.2588,9.2514
8,2026-02-09,29.859,8.976,255.0,7.009,75.605,403.918,10.887,87.906,9.2514,9.2537
8,2026-02-10,,8.906,255.0,7.386,,440.524,10.646,87.611,9.2537,9.2787
8,2026-02-11,30.3,8.68,255.0,7.42,58.025,465.812,10.923,,9.2787,9.3098
8,2026-02-12,30.027,9.003,255.0,7.659,60.641,345.369,10.004,86.505,9.3098,9.2878
8,2026-02-13,31.457,9.402,255.0,7.213,61.88,332.082,11.396,85.561,9.2878,9.3163
8,2026-02-14,30.706,9.793,255.0,7.546,,385.766,11.824,89.226,9.3163,9.296
8,2026-02-15,30.344,8.139,255.0,7.57,80.462,422.26,11.019,85.969,9.296,9.3238
8,2026-02-16,,8.423,255.0,7.578,60.618,294.892,10.179,84.642,9.3238,9.3348
8,2026-02-17,30.924,7.587,255.0,7.417,63.237,310.382,10.054,90.413,9.3348,9.3286
8,2026-02-18,29.601,8.691,255.0,7.838,51.777,333.416,11.434,92.496,9.3286,9.3418
8,2026-02-19,29.777,8.775,255.0,7.591,65.89,365.479,12.084,84.301,9.3418,9.401
8,2026-02-20,30.08,8.545,255.0,7.779,51.337,356.502,10.809,89.941,9.401,9.4296
8,2026-02-21,30.531,10.008,255.0,7.854,58.012,319.19,11.19,88.58,9.4296,9.4384
8,2026-02-22,29.753,8.027,255.0,7.552,62.354,379.95,10.308,82.485,9.4384,9.4735
8,2026-02-23,31.794,10.063,255.0,7.756,62.476,407.773,12.136,88.783,9.4735,9.4482
8,2026-02-24,30.901,10.135,255.0,7.869,54.2,350.058,12.254,88.206,9.4482,9.4581
8,2026-02-25,31.38,8.594,255.0,7.553,72.617,386.305,11.185,88.99,9.4581,9.4764
8,2026-02-26,32.591,9.096,255.0,7.505,65.161,408.771,11.398,91.3,9.4764,9.487
8,2026-02-27,31.93,10.133,255.0,7.711,70.773,397.547,11.459,83.701,9.487,9.4975
8,2026-02-28,32.383,9.142,255.0,7.775,69.97,397.551,11.02,87.803,9.4975,9.5286
8,2026-03-01,32.554,9.206,255.0,7.417,78.125,471.059,10.529,88.834,9.5286,9.5425
8,2026-03-02,33.215,7.481,255.0,7.656,79.825,474.254,9.942,87.305,9.5425,9.4986
8,2026-03-03,32.292,8.303,255.0,7.533,61.986,407.265,10.502,89.557,9.4986,9.5109
8,2026-03-04,31.979,8.601,255.0,7.543,65.334,489.321,10.994,87.311,9.5109,9.5405
8,2026-03-05,32.294,9.199,255.0,7.347,64.982,451.241,10.595,86.146,9.5405,9.5636
8,2026-03-06,33.029,8.487,255.0,7.211,72.676,391.682,10.852,83.343,9.5636,9.5302
8,2026-03-07,31.781,9.587,255.0,7.285,65.326,452.695,11.432,86.131,9.5302,9.5428
8,2026-03-08,32.925,8.438,255.0,7.24,77.615,,10.751,87.901,9.5428,9.54
8,2026-03-09,32.013,9.467,255.0,7.279,95.21,505.082,11.602,89.455,9.54,9.5183
8,2026-03-10,31.55,9.639,255.0,7.413,86.664,,12.092,86.761,9.5183,9.5353
8,2026-03-11,33.643,8.579,255.0,6.817,82.56,506.178,9.526,89.225,9.5353,9.5549
8,2026-03-12,30.139,8.149,255.0,7.208,91.442,476.333,11.745,85.034,9.5549,9.5581
8,2026-03-13,31.57,9.39,255.0,6.942,87.397,491.514,11.952,85.842,9.5581,9.5785
8,2026-03-14,31.705,9.054,255.0,6.689,84.352,487.625,11.048,84.653,9.5785,9.5918
8,2026-03-15,31.559,10.185,255.0,6.791,80.667,413.434,12.045,89.895,9.5918,9.6078
8,2026-03-16,32.157,9.526,255.0,7.153,84.337,473.012,12.25,87.978,9.6078,9.6194
8,2026-03-17,31.098,9.403,255.0,7.022,91.88,478.551,12.206,87.168,9.6194,9.6331
8,2026-03-18,31.37,10.029,255.0,6.775,86.821,501.728,12.127,89.895,9.6331,9.622
8,2026-03-19,30.392,8.727,255.0,6.881,89.795,472.598,11.123,,9.622,9.6418
8,2026-03-20,29.047,9.474,255.0,7.033,82.314,418.16,10.941,84.619,9.6418,9.6139
8,2026-03-21,30.082,8.548,255.0,6.882,85.585,367.787,10.008,86.001,9.6139,9.6545
8,2026-03-22,,8.237,255.0,7.277,81.638,380.263,11.415,85.236,9.6545,9.6506
8,2026-03-23,31.504,8.747,255.0,7.091,77.033,311.924,11.092,87.626,9.6506,9.6711
8,2026-03-24,33.182,8.812,255.0,7.116,86.816,383.178,10.904,89.37,9.6711,9.7101
8,2026-03-25,31.94,9.58,255.0,7.501,60.732,400.384,11.084,88.95,9.7101,9.7084
8,2026-03-26,31.752,9.248,255.0,7.09,92.03,352.033,11.902,86.496,9.7084,9.7373
8,2026-03-27,31.366,9.218,255.0,7.563,73.852,330.84,11.65,91.108,9.7373,9.7273
8,2026-03-28,32.148,8.963,255.0,7.578,65.631,303.594,10.712,85.21,9.7273,9.7518
8,2026-03-29,32.492,9.159,255.0,7.039,69.445,384.441,,84.485,9.7518,9.7269
8,2026-03-30,34.743,11.319,255.0,7.523,79.983,281.588,11.323,85.585,9.7269,9.7288
8,2026-03-31,33.201,8.395,255.0,7.563,65.41,308.535,10.324,88.031,9.7288,9.7313
8,2026-04-01,31.769,9.652,255.0,7.668,66.963,349.0,11.764,83.782,9.7313,9.704
8,2026-04-02,33.729,9.119,255.0,7.656,73.232,376.161,11.592,86.377,9.704,9.7196
8,2026-04-03,33.322,9.382,255.0,7.666,75.83,381.575,11.071,86.347,9.7196,9.7569
8,2026-04-04,34.006,9.76,255.0,7.949,63.692,363.242,11.611,85.759,9.7569,9.7474
8,2026-04-05,33.696,10.639,255.0,7.398,65.369,345.527,11.788,84.81,9.7474,9.7509
8,2026-04-06,33.766,9.923,255.0,7.326,62.025,371.877,11.437,87.775,9.7509,9.7149
8,2026-04-07,33.591,8.598,255.0,7.822,55.512,412.369,10.845,87.11,9.7149,9.7068
8,2026-04-08,32.945,10.118,255.0,7.472,56.832,435.778,11.922,91.081,9.7068,9.6784
8,2026-04-09,31.843,9.079,255.0,7.877,59.021,398.133,11.264,87.096,9.6784,9.6573
8,2026-04-10,33.648,10.017,255.0,7.534,57.566,444.039,10.996,,9.6573,9.6302
8,2026-04-11,34.215,9.041,255.0,7.797,52.269,485.717,11.945,83.343,9.6302,9.6651
8,2026-04-12,31.705,9.561,255.0,7.373,54.486,452.226,11.037,86.94,9.6651,9.6875
8,2026-04-13,30.578,10.348,255.0,7.52,,475.513,11.213,86.267,9.6875,9.6891
8,2026-04-14,30.385,9.637,255.0,7.482,59.448,494.537,11.594,86.228,9.6891,9.7161
8,2026-04-15,30.77,8.897,255.0,7.744,66.05,413.889,10.551,89.035,9.7161,9.7436
8,2026-04-16,33.243,9.511,255.0,7.354,62.336,508.464,11.325,88.969,9.7436,9.7301
8,2026-04-17,32.088,8.744,255.0,7.007,59.599,487.491,11.411,91.285,9.7301,9.7501
8,2026-04-18,31.226,9.482,255.0,7.391,65.226,453.55,12.158,,9.7501,9.766
8,2026-04-19,31.451,8.398,255.0,7.074,67.662,526.935,10.878,89.322,9.766,9.78
8,2026-04-20,32.33,8.997,255.0,7.541,52.992,457.723,11.294,92.374,9.78,9.7593
8,2026-04-21,33.057,9.119,255.0,7.4,63.204,481.633,10.85,93.492,9.7593,9.8084
8,2026-04-22,30.505,7.919,255.0,7.183,84.355,,11.037,84.972,9.8084,9.815
8,2026-04-23,33.557,9.957,255.0,6.825,,426.577,11.174,88.074,9.815,9.8502
8,2026-04-24,31.962,9.417,255.0,7.399,58.291,523.637,10.907,88.531,9.8502,9.8285
8,2026-04-25,32.296,9.329,255.0,7.105,69.602,504.762,12.185,90.473,9.8285,9.7928
8,2026-04-26,32.674,9.622,255.0,7.236,64.052,471.761,12.032,85.108,9.7928,9.7772
8,2026-04-27,32.154,8.475,255.0,7.012,71.006,446.306,11.214,90.218,9.7772,9.7899
8,2026-04-28,31.358,9.049,255.0,7.068,68.298,440.774,11.002,87.688,9.7899,9.7845
8,2026-04-29,33.483,10.123,255.0,7.301,74.752,376.215,11.236,83.69,9.7845,9.8067
8,2026-04-30,32.893,8.135,255.0,6.984,86.991,420.643,11.013,95.375,9.8067,9.7559
8,2026-05-01,31.778,,255.0,7.059,77.316,383.209,10.831,88.207,9.7559,9.8038
8,2026-05-02,34.64,8.4,255.0,7.063,77.429,399.17,10.743,86.631,9.8038,9.8076
8,2026-05-03,33.065,9.343,255.0,7.207,85.406,423.389,10.626,88.312,9.8076,9.8047
8,2026-05-04,33.65,9.945,255.0,7.003,93.335,310.578,11.741,84.89,9.8047,9.8083
8,2026-05-05,32.391,7.017,255.0,7.25,87.754,347.884,10.05,86.666,9.8083,9.7668
8,2026-05-06,33.44,9.75,255.0,7.282,85.586,375.142,11.71,85.662,9.7668,9.7633
8,2026-05-07,32.154,9.786,255.0,7.498,67.0,334.579,11.265,90.603,9.7633,9.6939
8,2026-05-08,33.017,9.644,255.0,6.937,82.898,394.459,10.855,87.268,9.6939,9.6608
8,2026-05-09,31.36,7.768,255.0,7.274,78.422,347.269,10.781,,9.6608,9.6717
8,2026-05-10,31.312,8.671,255.0,7.178,87.131,323.501,11.135,85.168,9.6717,9.6881
8,2026-05-11,31.196,7.57,255.0,7.397,78.26,384.697,10.843,82.192,9.6881,9.7043
8,2026-05-12,29.528,9.51,255.0,7.218,91.614,324.896,10.596,92.929,9.7043,9.6947
8,2026-05-13,30.103,8.556,255.0,7.622,83.574,388.368,11.018,83.354,9.6947,9.7105
8,2026-05-14,,10.306,255.0,7.652,89.187,394.5,11.449,89.076,9.7105,9.7109
8,2026-05-15,28.963,8.851,255.0,7.691,81.998,362.266,10.995,86.73,9.7109,9.7284
9,2025-01-01,25.192,7.362,214.241,7.296,72.648,452.87,10.349,83.523,2.3785,2.3657
9,2025-01-02,28.037,7.198,224.024,7.464,75.493,403.732,10.334,88.088,2.3657,2.4097
9,2025-01-03,27.925,7.065,195.356,7.565,67.175,438.235,9.511,85.592,2.4097,2.4533
9,2025-01-04,27.565,8.073,215.22,7.367,76.704,407.635,10.728,88.004,2.4533,2.4737
9,2025-01-05,,8.005,211.586,7.519,74.788,431.543,10.396,86.261,2.4737,2.5192
9,2025-01-06,29.126,7.635,212.66,7.999,73.195,395.312,10.419,89.417,2.5192,2.5248
9,2025-01-07,29.614,7.645,223.506,7.704,75.781,364.606,10.373,86.065,2.5248,2.5471
9,2025-01-08,28.803,7.917,219.112,7.741,74.702,350.295,11.182,86.74,2.5471,2.5745
9,2025-01-09,31.042,7.502,215.599,7.668,67.165,337.808,10.517,90.5,2.5745,2.6001
9,2025-01-10,28.761,7.424,213.436,7.75,65.244,384.163,9.909,90.983,2.6001,2.6332
9,2025-01-11,27.917,8.202,235.129,7.572,66.723,350.35,10.544,82.525,2.6332,2.6403
9,2025-01-12,29.2,7.328,211.316,7.938,60.473,313.689,10.565,83.815,2.6403,2.6725
9,2025-01-13,30.34,7.196,212.61,7.638,64.731,271.13,10.849,85.003,2.6725,2.6968
9,2025-01-14,28.76,7.225,222.424,8.049,43.504,304.499,9.965,84.434,2.6968,2.6636
9,2025-01-15,30.12,7.735,209.884,7.48,46.223,340.6,10.165,88.384,2.6636,2.7068
9,2025-01-16,28.262,7.663,218.08,7.878,62.071,381.125,10.965,86.397,2.7068,2.7521
9,2025-01-17,25.796,7.918,216.244,7.635,62.787,333.236,11.056,85.666,2.7521,2.7601
9,2025-01-18,29.328,6.559,231.491,7.965,70.331,349.967,10.414,87.269,2.7601,2.8012
9,2025-01-19,30.165,6.955,223.893,7.64,47.953,361.035,11.142,88.673,2.8012,2.8329
9,2025-01-20,,7.713,215.583,7.437,56.339,293.839,10.434,88.524,2.8329,2.8546
9,2025-01-21,28.342,8.727,233.866,7.304,54.935,426.475,11.192,91.178,2.8546,2.9531
9,2025-01-22,27.511,9.242,221.4,7.307,77.722,426.998,11.403,90.293,2.9531,2.984
9,2025-01-23,27.956,8.408,225.214,7.799,54.928,475.927,10.664,86.581,2.984,3.012
9,2025-01-24,28.414,7.918,236.686,7.122,60.443,448.642,9.932,88.941,3.012,3.0795
9,2025-01-25,28.405,6.959,243.075,7.444,69.959,418.363,10.099,89.118,3.0795,3.1149
9,2025-01-26,29.147,8.472,222.269,7.316,73.488,422.917,10.916,87.883,3.1149,3.1937
9,2025-01-27,29.318,8.303,230.484,7.189,65.264,485.016,10.76,85.911,3.1937,3.2336
9,2025-01-28,27.827,8.54,242.119,7.052,59.758,579.021,11.716,87.727,3.2336,3.2969
9,2025-01-29,28.986,8.532,255.0,7.11,76.477,517.285,11.542,88.113,3.2969,3.3437
9,2025-01-30,31.43,8.037,235.282,6.891,83.186,500.014,10.85,86.079,3.3437,3.3434
9,2025-01-31,29.854,8.284,243.687,6.748,82.192,464.61,11.285,85.006,3.3434,3.3828
9,2025-02-01,30.882,8.228,239.306,7.167,76.432,474.814,10.201,85.933,3.3828,3.4185
9,2025-02-02,31.959,9.077,243.815,6.914,85.926,476.201,11.387,84.658,3.4185,3.4629
9,2025-02-03,29.785,8.507,247.279,7.137,67.265,414.017,11.236,94.631,3.4629,3.5153
9,2025-02-04,30.046,9.523,255.0,6.982,83.896,493.126,11.57,88.67,3.5153,3.562
9,2025-02-05,32.125,8.012,255.0,7.012,87.301,472.039,10.459,89.766,3.562,3.5511
9,2025-02-06,32.066,8.642,254.721,7.195,78.309,474.976,,85.272,3.5511,3.6451
9,2025-02-07,31.832,8.086,247.96,7.11,73.108,494.007,10.66,89.996,3.6451,3.6997
9,2025-02-08,29.916,8.612,255.0,7.207,78.516,453.392,11.03,90.217,3.6997,3.7598
9,2025-02-09,32.442,7.673,254.114,7.004,71.62,449.799,10.639,90.618,3.7598,3.7588
9,2025-02-10,,7.331,241.777,7.102,65.689,431.377,10.173,87.022,3.7588,3.7609
9,2025-02-11,32.152,7.662,248.088,7.306,77.109,350.081,11.0,91.028,3.7609,3.7696
9,2025-02-12,31.093,8.124,255.0,7.144,,470.566,10.496,90.003,3.7696,3.7668
9,2025-02-13,31.173,8.609,255.0,7.567,94.234,400.528,11.42,87.238,3.7668,3.8178
9,2025-02-14,32.126,9.576,255.0,7.48,78.736,362.54,11.648,,3.8178,3.8425
9,2025-02-15,31.038,8.564,251.418,,97.72,351.341,11.082,88.203,3.8425,3.8538
9,2025-02-16,30.583,7.414,255.0,7.778,81.385,344.23,10.887,86.89,3.8538,3.8696
9,2025-02-17,30.537,9.48,255.0,7.341,87.372,268.161,11.836,86.427,3.8696,3.9039
9,2025-02-18,29.365,8.088,255.0,7.636,,316.16,10.883,88.929,3.9039,3.9181
9,2025-02-19,30.179,9.1,255.0,7.575,78.602,359.443,11.664,85.694,3.9181,4.0341
9,2025-02-20,30.422,7.978,255.0,7.539,76.773,354.014,10.729,86.086,4.0341,4.0755
9,2025-02-21,29.635,8.03,255.0,7.499,72.54,333.339,10.215,89.733,4.0755,4.1384
9,2025-02-22,30.59,9.356,255.0,7.852,94.285,311.325,11.591,88.105,4.1384,4.1781
9,2025-02-23,31.333,8.02,255.0,7.534,75.309,341.153,10.63,85.809,4.1781,4.1922
9,2025-02-24,28.557,8.741,255.0,7.722,81.247,353.97,11.74,89.434,4.1922,4.2547
9,2025-02-25,30.96,8.806,255.0,7.763,90.396,351.561,10.363,89.001,4.2547,4.2989
9,2025-02-26,28.748,9.879,255.0,7.791,73.495,402.857,10.535,87.553,4.2989,4.392
9,2025-02-27,31.109,8.391,255.0,7.953,57.127,387.514,10.207,85.755,4.392,4.4329
9,2025-02-28,33.339,7.767,255.0,7.82,88.401,359.138,10.21,87.674,4.4329,4.4642
9,2025-03-01,31.066,8.468,255.0,7.961,66.192,322.336,10.157,85.457,4.4642,4.452
9,2025-03-02,,9.961,255.0,7.744,52.406,358.68,11.197,91.551,4.452,4.4463
9,2025-03-03,32.209,8.075,255.0,7.671,63.317,505.155,10.221,92.21,4.4463,4.4829
9,2025-03-04,32.806,9.176,255.0,7.658,73.636,436.628,11.051,85.706,4.4829,4.5044
9,2025-03-05,32.37,9.145,255.0,7.352,59.169,461.772,10.102,90.775,4.5044,4.5735
9,2025-03-06,34.024,8.876,255.0,7.524,76.344,487.305,11.432,90.456,4.5735,4.5979
9,2025-03-07,32.217,8.34,255.0,7.549,61.212,446.198,10.528,84.469,4.5979,4.6277
9,2025-03-08,31.688,9.26,255.0,7.747,69.841,442.103,10.944,84.873,4.6277,4.6449
9,2025-03-09,31.753,8.835,255.0,7.486,59.368,474.869,11.705,92.321,4.6449,4.703
9,2025-03-10,33.092,8.816,255.0,7.175,62.136,510.809,10.394,86.724,4.703,4.7277
9,2025-03-11,33.506,9.546,255.0,7.669,54.836,444.51,11.407,90.983,4.7277,4.7523
9,2025-03-12,32.974,9.779,255.0,7.393,60.814,496.363,11.104,89.839,4.7523,4.7815
9,2025-03-13,32.653,9.09,255.0,7.378,59.875,438.004,11.519,85.363,4.7815,4.7577
9,2025-03-14,33.014,9.154,255.0,6.84,62.347,440.413,11.158,85.813,4.7577,4.7394
9,2025-03-15,31.753,9.9,255.0,7.307,75.384,458.315,11.21,88.058,4.7394,4.7684
9,2025-03-16,32.563,9.714,255.0,6.744,56.178,422.773,11.302,87.764,4.7684,4.7638
9,2025-03-17,32.392,8.053,255.0,6.942,61.948,418.422,11.18,88.353,4.7638,4.7381
9,2025-03-18,31.343,8.609,255.0,,51.116,,11.203,85.144,4.7381,4.7411
9,2025-03-19,32.46,8.696,255.0,7.111,62.413,497.944,11.164,87.986,4.7411,4.7488
9,2025-03-20,30.852,8.678,255.0,7.055,64.003,450.608,11.473,88.502,4.7488,4.7816
9,2025-03-21,32.071,10.144,255.0,7.022,62.177,468.359,11.645,83.202,4.7816,4.8481
9,2025-03-22,29.644,9.149,255.0,7.214,51.822,382.024,10.556,92.119,4.8481,4.8641
9,2025-03-23,31.853,9.488,255.0,7.017,53.875,489.677,10.452,87.725,4.8641,4.9087
9,2025-03-24,32.083,8.592,255.0,,55.587,404.798,11.186,85.951,4.9087,4.9678
9,2025-03-25,32.187,10.225,255.0,6.706,71.517,396.138,11.038,84.016,4.9678,4.9418
9,2025-03-26,30.517,8.963,255.0,7.243,64.044,361.605,11.494,83.231,4.9418,4.9834
9,2025-03-27,31.846,8.939,255.0,6.983,80.972,338.006,10.52,87.185,4.9834,5.0272
9,2025-03-28,31.321,10.119,255.0,7.295,68.983,398.733,11.261,86.912,5.0272,5.0721
9,2025-03-29,31.106,8.22,255.0,7.254,67.98,353.776,10.509,85.851,5.0721,5.0981
9,2025-03-30,32.698,9.593,255.0,7.681,75.416,323.592,11.242,88.775,5.0981,5.1538
9,2025-03-31,31.229,10.195,255.0,7.343,69.261,335.967,12.133,88.944,5.1538,5.1602
9,2025-04-01,31.266,8.788,255.0,7.414,69.141,325.709,11.585,91.921,5.1602,5.1478
9,2025-04-02,34.423,9.364,255.0,7.463,85.436,364.629,10.373,86.163,5.1478,5.1279
9,2025-04-03,33.985,10.307,255.0,7.495,81.452,340.645,11.683,90.444,5.1279,5.1573
9,2025-04-04,33.215,8.8,255.0,7.452,93.221,297.306,10.884,91.824,5.1573,5.1667
9,2025-04-05,33.428,9.587,255.0,7.571,75.05,363.788,11.269,89.099,5.1667,5.1493
9,2025-04-06,34.561,9.118,255.0,7.774,85.576,418.906,11.106,86.123,5.1493,5.1351
9,2025-04-07,34.431,8.523,255.0,7.804,81.223,299.562,11.505,78.64,5.1351,5.148
9,2025-04-08,31.36,9.6,255.0,7.57,81.577,416.742,11.384,86.717,5.148,5.242
9,2025-04-09,34.061,8.669,255.0,7.627,75.367,363.381,11.625,86.994,5.242,5.2655
9,2025-04-10,33.2,9.677,255.0,7.689,94.044,357.53,10.83,89.667,5.2655,5.2863
9,2025-04-11,34.278,7.744,255.0,7.756,73.528,335.552,10.005,86.712,5.2863,5.322
9,2025-04-12,33.397,8.932,255.0,7.514,85.486,483.146,10.703,86.169,5.322,5.3792
9,2025-04-13,34.038,8.957,255.0,,77.071,411.894,11.49,87.49,5.3792,5.3765
9,2025-04-14,30.563,11.087,255.0,7.778,88.737,405.097,11.376,87.629,5.3765,5.4302
9,2025-04-15,33.64,,255.0,7.77,94.956,455.878,10.45,86.791,5.4302,5.4457
9,2025-04-16,34.211,9.966,255.0,7.63,74.508,463.913,12.057,83.454,5.4457,5.411
9,2025-04-17,31.735,8.084,255.0,7.777,76.439,500.789,10.395,85.63,5.411,5.4558
9,2025-04-18,32.303,9.892,255.0,7.761,83.141,488.116,11.765,89.49,5.4558,5.4847
9,2025-04-19,29.945,9.458,255.0,7.899,85.568,451.608,11.484,87.916,5.4847,5.5045
9,2025-04-20,32.669,8.392,255.0,7.498,84.874,463.831,10.812,87.982,5.5045,5.541
9,2025-04-21,31.391,9.259,255.0,7.359,66.095,514.234,11.636,88.667,5.541,5.5645
9,2025-04-22,28.605,9.023,255.0,7.131,76.958,525.64,10.783,86.101,5.5645,5.6275
9,2025-04-23,30.926,8.473,255.0,7.589,93.257,520.605,10.763,87.266,5.6275,5.683
9,2025-04-24,31.884,9.876,255.0,7.165,75.548,515.12,11.287,86.932,5.683,5.7396
9,2025-04-25,31.371,9.342,255.0,7.397,69.67,432.751,10.503,,5.7396,5.7936
9,2025-04-26,30.179,9.223,255.0,7.294,79.202,495.799,10.818,89.006,5.7936,5.7941
9,2025-04-27,32.843,8.877,255.0,7.423,64.278,430.468,10.749,88.445,5.7941,5.8294
9,2025-04-28,30.767,9.154,255.0,7.043,77.891,404.273,10.75,86.215,5.8294,5.879
9,2025-04-29,30.585,9.688,255.0,7.25,68.278,465.163,11.386,88.079,5.879,5.9636
9,2025-04-30,31.187,8.232,255.0,7.033,61.942,402.554,11.055,89.68,5.9636,5.9705
9,2025-05-01,31.397,8.964,255.0,7.404,58.414,474.563,10.968,91.82,5.9705,5.9978
9,2025-05-02,32.021,9.974,255.0,7.104,64.595,431.2,11.092,88.188,5.9978,6.0584
9,2025-05-03,32.654,9.539,255.0,,67.213,391.766,10.646,86.826,6.0584,6.0789
9,2025-05-04,33.838,7.784,255.0,7.047,60.376,317.705,10.915,88.753,6.0789,6.0969
9,2025-05-05,31.662,9.381,255.0,7.281,57.676,407.093,10.162,91.364,6.0969,6.0613
9,2025-05-06,33.019,7.614,255.0,6.945,65.226,363.222,10.992,87.19,6.0613,6.0962
9,2025-05-07,32.349,8.97,255.0,7.086,59.696,400.35,10.736,85.229,6.0962,6.0579
9,2025-05-08,34.168,8.339,255.0,7.042,70.923,347.772,10.984,83.62,6.0579,6.061
9,2025-05-09,31.611,8.238,255.0,7.414,55.919,312.264,10.512,87.98,6.061,6.0919
9,2025-05-10,,9.386,255.0,7.091,74.688,326.004,11.832,85.803,6.0919,6.0645
9,2025-05-11,32.664,9.728,255.0,6.968,54.356,354.215,11.376,85.618,6.0645,6.0814
9,2025-05-12,32.807,9.239,255.0,7.219,53.574,351.018,11.265,84.248,6.0814,6.1035
9,2025-05-13,31.828,7.503,255.0,7.142,56.624,360.615,11.545,87.756,6.1035,6.1142
9,2025-05-14,31.638,9.384,255.0,7.527,72.055,362.572,11.223,91.371,6.1142,6.1507
9,2025-05-15,31.083,7.342,255.0,7.58,67.917,265.179,10.755,86.825,6.1507,6.1732
9,2025-05-16,29.655,8.832,255.0,7.238,55.614,384.359,11.15,91.403,6.1732,6.184
9,2025-05-17,31.337,8.208,255.0,7.393,68.938,356.867,10.474,84.38,6.184,6.203
9,2025-05-18,31.011,9.11,255.0,7.693,64.789,357.567,10.601,86.026,6.203,6.2132
9,2025-05-19,30.423,9.775,255.0,7.462,58.486,364.721,10.759,91.151,6.2132,6.2345
9,2025-05-20,29.293,7.898,255.0,7.767,81.852,337.109,11.024,86.685,6.2345,6.2281
9,2025-05-21,29.861,8.417,255.0,7.744,70.763,400.901,10.74,91.231,6.2281,6.2932
9,2025-05-22,30.091,9.301,255.0,7.477,76.651,422.874,10.65,87.267,6.2932,6.3413
9,2025-05-23,28.97,8.971,255.0,7.593,74.053,406.308,11.218,87.469,6.3413,6.4006
9,2025-05-24,29.042,9.352,255.0,7.464,86.268,398.063,11.745,91.495,6.4006,6.4627
9,2025-05-25,29.134,9.043,255.0,7.553,74.985,431.772,10.551,85.078,6.4627,6.526
9,2025-05-26,28.506,8.638,255.0,7.628,86.174,448.413,11.381,83.342,6.526,6.6086
9,2025-05-27,29.203,8.181,255.0,7.722,83.431,417.889,10.997,88.18,6.6086,6.6566
9,2025-05-28,29.512,9.694,255.0,7.811,72.763,452.026,10.847,82.491,6.6566,6.7076
9,2025-05-29,30.864,9.204,255.0,7.532,74.811,440.001,9.98,87.258,6.7076,6.7477
9,2025-05-30,28.482,7.89,255.0,7.665,86.709,470.502,10.836,87.305,6.7477,6.789
9,2025-05-31,29.233,7.576,255.0,,80.08,353.382,10.626,89.658,6.789,6.8365
9,2025-06-01,29.878,6.946,255.0,8.027,81.362,487.041,9.845,86.076,6.8365,6.8356
9,2025-06-02,31.939,8.989,255.0,,82.324,452.318,11.509,88.803,6.8356,6.8428
9,2025-06-03,28.804,8.395,255.0,7.561,91.997,510.958,10.795,87.483,6.8428,6.9509
9,2025-06-04,30.426,8.772,255.0,7.776,79.967,442.894,12.058,88.736,6.9509,7.0256
9,2025-06-05,30.238,8.548,255.0,7.417,83.881,456.395,10.508,88.509,7.0256,7.0954
9,2025-06-06,30.26,7.089,255.0,7.585,88.38,537.599,10.198,88.058,7.0954,7.1766
9,2025-06-07,31.488,8.488,255.0,7.418,89.577,447.652,10.24,84.109,7.1766,7.2195
9,2025-06-08,32.917,8.153,255.0,7.384,80.457,462.468,10.795,86.228,7.2195,7.2315
9,2025-06-09,29.463,8.047,255.0,7.353,79.241,481.505,11.143,87.297,7.2315,7.2841
9,2025-06-10,29.983,8.136,255.0,7.209,74.726,421.1,10.503,86.941,7.2841,7.3175
9,2025-06-11,29.953,7.873,255.0,7.301,76.238,370.838,10.142,86.071,7.3175,7.3085
9,2025-06-12,30.11,9.014,255.0,7.295,,337.905,11.143,83.729,7.3085,7.3219
9,2025-06-13,27.019,9.129,255.0,6.931,76.803,382.826,10.896,88.288,7.3219,7.3552
9,2025-06-14,29.29,7.099,255.0,7.167,70.782,336.461,10.325,86.52,7.3552,7.3881
9,2025-06-15,27.204,8.553,255.0,7.148,72.839,363.227,11.195,86.724,7.3881,7.4569
9,2025-06-16,28.409,7.845,255.0,7.042,71.462,364.125,10.84,83.97,7.4569,7.5027
9,2025-06-17,28.534,7.884,255.0,7.156,83.435,350.702,10.558,92.876,7.5027,7.5119
9,2025-06-18,28.526,8.226,255.0,6.934,65.256,355.496,10.675,84.035,7.5119,7.524
9,2025-06-19,27.312,8.259,255.0,6.733,63.829,326.056,11.313,92.698,7.524,7.5335
9,2025-06-20,24.692,8.517,255.0,7.136,72.231,297.083,11.724,91.227,7.5335,7.575
9,2025-06-21,26.992,8.429,255.0,6.832,52.991,295.576,,85.338,7.575,7.5765
9,2025-06-22,26.767,6.994,255.0,6.857,67.894,322.066,10.15,88.346,7.5765,7.586
9,2025-06-23,28.515,8.077,255.0,7.234,73.733,368.96,10.274,90.393,7.586,7.6285
9,2025-06-24,26.793,8.563,255.0,7.211,55.488,421.337,11.229,86.247,7.6285,7.68
9,2025-06-25,25.65,8.292,255.0,7.367,59.561,328.148,10.52,85.399,7.68,7.7112
9,2025-06-26,27.45,7.118,255.0,7.366,56.216,390.654,9.534,91.841,7.7112,7.752
9,2025-06-27,27.493,6.781,255.0,7.408,58.411,359.024,9.75,92.005,7.752,7.7871
9,2025-06-28,26.314,8.403,255.0,7.721,57.117,384.092,10.608,89.966,7.7871,7.836
9,2025-06-29,26.684,9.179,255.0,6.957,63.568,389.033,11.11,87.876,7.836,7.8596
9,2025-06-30,27.645,8.802,255.0,6.902,73.403,489.715,10.173,87.213,7.8596,7.9055
9,2025-07-01,29.068,7.807,255.0,7.083,69.301,433.326,11.173,83.562,7.9055,7.9297
9,2025-07-02,28.869,8.644,255.0,7.366,57.172,,10.641,89.601,7.9297,7.9825
9,2025-07-03,26.792,6.898,255.0,7.476,56.206,422.015,10.341,92.554,7.9825,7.9844
9,2025-07-04,27.759,6.858,255.0,7.291,67.633,445.559,10.166,82.979,7.9844,7.9778
9,2025-07-05,27.782,7.517,255.0,7.649,55.83,422.163,10.296,88.438,7.9778,7.9822
9,2025-07-06,26.915,6.931,255.0,7.579,53.276,444.665,10.675,86.91,7.9822,7.9508
9,2025-07-07,29.604,8.158,255.0,7.741,69.711,485.727,10.637,84.237,7.9508,7.9744
9,2025-07-08,27.291,7.356,255.0,7.724,66.34,488.941,10.051,87.46,7.9744,7.9915
9,2025-07-09,28.974,7.285,255.0,8.021,53.444,499.813,9.878,85.268,7.9915,8.0009
9,2025-07-10,29.929,,255.0,7.619,67.813,470.997,10.808,86.807,8.0009,8.0387
9,2025-07-11,27.168,7.967,255.0,7.425,65.945,455.451,9.978,85.835,8.0387,8.0682
9,2025-07-12,27.147,7.587,255.0,7.674,77.531,465.964,9.538,86.619,8.0682,8.0228
9,2025-07-13,27.707,7.107,255.0,7.532,60.966,502.891,10.596,86.131,8.0228,8.0605
9,2025-07-14,26.482,7.542,255.0,7.623,68.137,472.576,10.829,90.876,8.0605,8.1284
9,2025-07-15,27.639,,255.0,7.597,81.07,417.812,11.585,85.196,8.1284,8.2035
9,2025-07-16,25.943,5.65,255.0,7.505,74.198,480.972,9.462,87.935,8.2035,8.2719
9,2025-07-17,24.775,7.607,255.0,7.896,64.985,454.744,10.548,86.366,8.2719,8.27
9,2025-07-18,24.899,6.766,255.0,8.024,69.786,466.883,10.853,84.487,8.27,8.2565
9,2025-07-19,22.554,6.446,255.0,7.462,72.173,420.11,9.903,84.734,8.2565,8.2951
9,2025-07-20,25.659,6.784,255.0,7.681,72.257,407.861,10.232,86.588,8.2951,8.3373
9,2025-07-21,23.308,6.572,255.0,7.663,81.994,415.08,9.296,84.477,8.3373,8.364
9,2025-07-22,24.248,6.575,255.0,7.333,80.873,354.168,10.0,84.295,8.364,8.3819
9,2025-07-23,24.489,7.117,255.0,7.175,67.297,387.049,9.348,89.851,8.3819,8.4494
9,2025-07-24,22.907,7.173,255.0,7.195,80.14,383.698,10.615,90.026,8.4494,8.4841
9,2025-07-25,23.267,7.274,255.0,7.219,89.022,372.028,10.553,88.261,8.4841,8.4749
9,2025-07-26,22.372,7.484,255.0,7.478,81.977,388.13,9.635,86.137,8.4749,8.4399
9,2025-07-27,22.514,6.874,255.0,7.085,80.89,338.518,9.516,86.725,8.4399,8.4301
9,2025-07-28,23.673,6.592,255.0,7.304,83.037,279.723,9.429,90.028,8.4301,8.4365
9,2025-07-29,26.253,7.149,255.0,6.737,94.041,348.337,10.383,87.515,8.4365,8.4416
9,2025-07-30,23.011,6.906,255.0,6.848,96.716,328.026,10.084,85.167,8.4416,8.4568
9,2025-07-31,23.979,6.969,255.0,7.088,83.246,313.705,11.178,90.274,8.4568,8.4938
9,2025-08-01,25.113,6.38,255.0,6.585,75.145,416.816,10.393,,8.4938,8.5123
9,2025-08-02,24.67,7.086,255.0,6.852,79.858,374.748,11.056,85.267,8.5123,8.5443
9,2025-08-03,23.794,5.739,255.0,7.098,97.349,318.422,9.416,87.609,8.5443,8.5071
9,2025-08-04,25.922,6.675,255.0,7.121,81.08,406.974,9.777,84.743,8.5071,8.4683
9,2025-08-05,24.989,6.466,255.0,7.047,70.404,319.798,10.341,90.737,8.4683,8.4538
9,2025-08-06,23.331,,255.0,7.265,60.656,284.9,10.28,88.283,8.4538,8.4591
9,2025-08-07,24.79,6.486,255.0,6.948,79.208,355.588,9.578,82.422,8.4591,8.4862
9,2025-08-08,24.583,6.195,255.0,7.366,85.334,450.113,10.803,87.985,8.4862,8.4924
9,2025-08-09,25.303,7.425,255.0,6.986,78.732,372.371,10.275,86.77,8.4924,8.5547
9,2025-08-10,24.983,6.092,255.0,7.107,74.331,380.575,9.804,81.355,8.5547,8.561
9,2025-08-11,23.086,6.101,255.0,7.459,82.685,403.36,9.981,84.0,8.561,8.5761
9,2025-08-12,25.484,7.179,255.0,7.341,66.603,480.208,10.078,88.94,8.5761,8.6475
9,2025-08-13,23.036,6.962,255.0,7.336,75.598,499.442,9.231,87.572,8.6475,8.6688
9,2025-08-14,24.017,5.968,255.0,7.306,71.676,407.455,9.836,85.667,8.6688,8.6456
9,2025-08-15,,5.749,,7.395,78.542,489.867,9.371,86.623,8.6456,8.6235
9,2025-08-16,22.721,5.828,255.0,7.466,73.27,443.838,10.061,93.223,8.6235,8.6295
9,2025-08-17,23.571,5.454,255.0,7.816,61.09,548.738,9.131,88.772,8.6295,8.6316
9,2025-08-18,21.081,5.199,255.0,7.802,56.598,451.173,8.956,89.917,8.6316,8.6651
9,2025-08-19,21.162,7.132,255.0,7.482,58.826,454.844,9.911,87.421,8.6651,8.6744
9,2025-08-20,19.173,6.326,255.0,7.464,58.444,457.407,10.271,88.882,8.6744,8.6574
9,2025-08-21,22.45,7.401,255.0,7.685,51.078,454.359,10.582,,8.6574,8.6404
9,2025-08-22,21.697,5.051,255.0,7.708,62.149,460.498,8.804,89.802,8.6404,8.6477
9,2025-08-23,22.325,6.217,255.0,7.954,52.982,444.189,9.59,95.058,8.6477,8.6681
9,2025-08-24,22.293,6.141,255.0,7.934,47.382,475.681,9.956,89.415,8.6681,8.644
9,2025-08-25,20.71,6.432,255.0,7.846,53.52,525.725,10.023,87.288,8.644,8.6692
9,2025-08-26,22.249,7.371,255.0,7.53,49.198,424.361,10.566,86.524,8.6692,8.6643
9,2025-08-27,23.103,5.449,255.0,7.953,69.606,421.042,9.672,87.528,8.6643,8.7008
9,2025-08-28,23.179,6.372,255.0,7.844,51.298,429.165,9.372,87.011,8.7008,8.7051
9,2025-08-29,19.897,5.263,255.0,7.808,56.725,447.313,8.825,87.977,8.7051,8.7257
9,2025-08-30,21.945,6.524,255.0,7.947,45.055,410.726,9.123,84.683,8.7257,8.7258
9,2025-08-31,23.167,6.596,255.0,7.691,66.288,360.233,10.444,79.092,8.7258,8.7655
9,2025-09-01,23.708,7.507,255.0,7.281,67.773,392.069,10.488,84.748,8.7655,8.7837
9,2025-09-02,22.408,5.883,255.0,7.328,60.421,410.887,10.089,89.624,8.7837,8.8125
9,2025-09-03,22.556,6.154,255.0,7.715,54.518,319.497,9.121,82.805,8.8125,8.8021
9,2025-09-04,24.769,5.595,255.0,7.2,66.426,353.128,9.166,86.071,8.8021,8.7738
9,2025-09-05,21.601,6.214,255.0,7.314,77.304,347.338,9.751,89.619,8.7738,8.7856
9,2025-09-06,22.859,6.593,255.0,7.259,68.925,334.581,10.153,86.964,8.7856,8.8346
9,2025-09-07,22.847,6.143,255.0,7.739,71.72,257.903,9.464,84.226,8.8346,8.8356
9,2025-09-08,24.056,6.276,255.0,7.39,,358.372,10.439,84.245,8.8356,8.8521
9,2025-09-09,22.906,6.842,255.0,7.367,74.543,368.624,10.423,87.89,8.8521,8.8839
9,2025-09-10,21.843,5.774,255.0,6.986,78.192,384.178,9.177,86.685,8.8839,8.9127
9,2025-09-11,23.752,5.478,255.0,6.6,82.495,345.347,9.487,88.843,8.9127,8.898
9,2025-09-12,21.709,6.145,255.0,7.282,87.182,362.248,9.7,89.815,8.898,8.9372
9,2025-09-13,21.995,5.633,255.0,6.923,81.413,344.191,9.492,82.783,8.9372,8.9245
9,2025-09-14,21.924,5.596,255.0,6.599,75.329,310.368,9.049,88.885,8.9245,8.9323
9,2025-09-15,,5.284,255.0,6.884,81.599,384.85,8.602,89.73,8.9323,8.9427
9,2025-09-16,19.815,5.444,255.0,6.822,76.693,372.156,8.933,87.5,8.9427,9.0107
9,2025-09-17,21.713,6.581,255.0,6.732,67.608,379.008,10.766,92.795,9.0107,8.9969
9,2025-09-18,21.158,5.612,255.0,7.024,86.563,495.165,10.113,91.791,8.9969,9.026
9,2025-09-19,19.541,6.917,255.0,7.311,87.015,385.083,9.895,86.58,9.026,9.0372
9,2025-09-20,21.839,6.864,255.0,6.933,86.643,438.226,10.046,89.329,9.0372,9.0254
9,2025-09-21,20.258,5.486,255.0,6.979,83.101,387.267,9.682,90.52,9.0254,9.0499
9,2025-09-22,20.591,5.01,255.0,7.501,,443.102,8.909,91.55,9.0499,9.1152
9,2025-09-23,20.559,5.188,255.0,6.867,91.746,422.801,9.146,89.888,9.1152,9.1006
9,2025-09-24,20.203,4.487,255.0,6.845,89.263,490.85,9.18,87.234,9.1006,9.1379
9,2025-09-25,19.048,5.384,255.0,7.287,83.675,467.19,9.189,88.88,9.1379,9.1349
9,2025-09-26,21.471,5.476,255.0,7.304,84.796,411.226,8.714,87.967,9.1349,9.1236
9,2025-09-27,21.838,5.014,255.0,6.917,94.349,519.245,9.795,84.144,9.1236,9.0938
9,2025-09-28,21.451,5.46,255.0,7.206,85.594,470.243,10.232,87.669,9.0938,9.0514
9,2025-09-29,23.851,5.451,255.0,7.492,81.33,529.563,8.595,91.033,9.0514,9.0613
9,2025-09-30,22.404,5.441,255.0,7.193,84.394,487.591,9.569,88.665,9.0613,9.1032
9,2025-10-01,22.214,6.079,255.0,7.493,86.645,479.871,9.697,90.677,9.1032,9.1021
9,2025-10-02,21.779,5.962,255.0,7.642,78.077,446.881,9.672,88.186,9.1021,9.1334
9,2025-10-03,23.153,5.714,255.0,7.203,75.417,488.041,9.445,88.258,9.1334,9.1447
9,2025-10-04,24.046,6.252,255.0,7.427,64.061,474.215,10.339,83.681,9.1447,9.2123
9,2025-10-05,22.433,7.471,255.0,7.542,69.812,425.66,9.786,83.349,9.2123,9.2207
9,2025-10-06,21.991,5.371,255.0,7.975,,431.756,9.611,82.694,9.2207,9.221
9,2025-10-07,22.29,5.73,255.0,7.71,62.418,,10.007,86.302,9.221,9.163
9,2025-10-08,24.576,5.589,255.0,7.882,63.608,409.12,9.4,,9.163,9.145
9,2025-10-09,21.502,5.657,255.0,7.434,63.146,403.521,9.724,91.502,9.145,9.1482
9,2025-10-10,20.393,5.952,,7.584,65.448,414.636,9.912,83.806,9.1482,9.1485
9,2025-10-11,23.325,6.746,255.0,8.029,56.391,401.42,9.326,89.982,9.1485,9.1756
9,2025-10-12,21.41,6.109,255.0,7.625,65.287,374.031,8.85,85.373,9.1756,9.1753
9,2025-10-13,21.763,5.728,255.0,7.629,64.362,353.738,8.55,89.366,9.1753,9.1481
9,2025-10-14,20.959,6.79,255.0,7.537,65.844,511.184,10.34,87.714,9.1481,9.1702
9,2025-10-15,20.492,,255.0,7.75,67.473,342.326,9.779,90.757,9.1702,9.1641
9,2025-10-16,18.868,5.632,255.0,7.275,45.03,369.795,10.062,82.625,9.1641,9.1639
9,2025-10-17,20.504,4.797,255.0,7.804,51.473,274.877,8.54,88.251,9.1639,9.145
9,2025-10-18,21.202,6.003,255.0,7.104,64.097,382.044,9.646,86.677,9.145,9.1286
9,2025-10-19,20.434,6.01,255.0,7.481,58.262,343.131,10.411,89.645,9.1286,9.1081
9,2025-10-20,19.845,6.453,255.0,7.138,76.839,339.927,9.284,87.738,9.1081,9.0983
9,2025-10-21,19.095,5.631,255.0,6.994,55.823,314.813,9.308,85.091,9.0983,9.1207
9,2025-10-22,21.05,6.718,255.0,7.237,62.456,360.873,10.541,85.673,9.1207,9.1009
9,2025-10-23,20.255,5.568,255.0,7.362,52.889,320.845,9.215,87.82,9.1009,9.1081
9,2025-10-24,20.649,6.291,255.0,7.247,73.228,365.515,9.283,86.972,9.1081,9.0868
9,2025-10-25,22.746,5.625,255.0,7.078,62.843,338.02,9.966,89.177,9.0868,9.1039
9,2025-10-26,20.985,4.803,255.0,7.098,58.807,307.912,8.685,84.17,9.1039,9.1379
9,2025-10-27,22.274,6.543,255.0,7.216,70.77,390.345,10.626,84.418,9.1379,9.1157
9,2025-10-28,23.294,6.175,255.0,7.31,54.35,379.036,8.976,88.601,9.1157,9.1384
9,2025-10-29,22.375,4.403,255.0,6.777,65.839,427.384,,86.5,9.1384,9.1113
9,2025-10-30,21.971,5.995,255.0,6.933,52.535,426.067,9.54,84.633,9.1113,9.1038
9,2025-10-31,22.932,5.75,255.0,7.082,67.347,461.349,10.301,87.237,9.1038,9.0717
9,2025-11-01,23.767,5.307,255.0,7.473,88.446,435.285,8.639,89.376,9.0717,9.0468
9,2025-11-02,25.214,4.66,255.0,6.794,72.498,487.602,9.067,87.948,9.0468,9.0805
9,2025-11-03,22.845,5.366,255.0,7.257,74.88,480.864,9.117,89.183,9.0805,9.0915
9,2025-11-04,23.682,6.07,255.0,7.226,65.929,490.954,9.741,85.578,9.0915,9.1454
9,2025-11-05,23.553,5.755,255.0,6.904,82.046,508.243,9.958,86.821,9.1454,9.1287
9,2025-11-06,23.841,5.983,255.0,7.188,63.057,542.34,10.421,84.618,9.1287,9.0985
9,2025-11-07,23.66,4.502,255.0,7.122,73.61,519.785,9.777,91.598,9.0985,9.1058
9,2025-11-08,23.873,6.326,255.0,7.002,86.255,504.144,10.178,81.456,9.1058,9.1374
9,2025-11-09,23.34,5.726,255.0,7.012,69.323,484.362,9.471,86.541,9.1374,9.1097
9,2025-11-10,22.851,7.281,255.0,7.247,80.858,470.103,10.594,82.433,9.1097,9.118
9,2025-11-11,22.02,6.356,255.0,7.493,84.481,534.146,9.665,88.9,9.118,9.118
9,2025-11-12,23.963,6.337,255.0,7.184,87.373,448.509,9.706,86.868,9.118,9.1536
9,2025-11-13,22.483,6.004,255.0,7.08,77.819,425.588,9.842,86.991,9.1536,9.1606
9,2025-11-14,22.399,4.398,255.0,7.696,90.393,441.936,9.138,86.486,9.1606,9.2182
9,2025-11-15,23.064,6.856,255.0,7.491,91.58,392.852,9.975,89.537,9.2182,9.2485
9,2025-11-16,22.498,6.366,255.0,7.456,86.757,498.237,9.943,89.124,9.2485,9.2263
9,2025-11-17,21.981,6.127,255.0,7.242,89.523,387.265,10.063,85.641,9.2263,9.2226
9,2025-11-18,24.001,6.142,255.0,,94.883,376.801,9.787,88.778,9.2226,9.2323
9,2025-11-19,22.003,6.879,255.0,7.722,90.443,411.697,10.388,90.074,9.2323,9.2644
9,2025-11-20,22.011,5.329,255.0,7.655,78.229,400.477,9.269,,9.2644,9.3042
9,2025-11-21,22.584,7.092,255.0,7.701,71.807,335.982,10.104,89.285,9.3042,9.3374
9,2025-11-22,24.298,5.734,255.0,8.127,70.628,432.692,9.565,85.998,9.3374,9.3201
9,2025-11-23,24.189,5.896,255.0,7.648,71.607,334.169,9.338,85.521,9.3201,9.2971
9,2025-11-24,24.543,6.298,255.0,7.815,86.365,423.611,10.243,86.529,9.2971,9.3139
9,2025-11-25,24.303,6.529,255.0,7.751,80.788,281.702,10.004,89.087,9.3139,9.3475
9,2025-11-26,24.713,6.102,255.0,7.804,78.459,272.1,9.662,84.597,9.3475,9.369
9,2025-11-27,23.666,5.85,255.0,7.745,94.051,264.67,9.737,85.889,9.369,9.3702
9,2025-11-28,23.867,6.927,255.0,7.632,60.534,384.797,10.625,85.941,9.3702,9.4059
9,2025-11-29,25.562,7.482,255.0,7.711,79.727,390.347,10.212,88.469,9.4059,9.3775
9,2025-11-30,25.327,7.015,255.0,7.536,68.739,331.324,10.243,81.891,9.3775,9.386
9,2025-12-01,25.342,6.498,255.0,7.315,63.927,401.451,9.635,89.787,9.386,9.3933
9,2025-12-02,24.883,6.41,255.0,7.459,80.357,421.475,9.991,86.769,9.3933,9.3679
9,2025-12-03,26.958,5.61,255.0,7.394,69.995,270.22,8.962,84.611,9.3679,9.3802
9,2025-12-04,26.672,6.201,255.0,7.341,66.769,341.543,9.979,88.976,9.3802,9.4046
9,2025-12-05,25.855,6.874,255.0,7.588,53.858,335.248,10.062,81.794,9.4046,9.4319
9,2025-12-06,26.158,6.776,255.0,7.285,62.196,372.411,10.152,83.861,9.4319,9.421
9,2025-12-07,26.302,6.805,255.0,7.073,73.158,,9.356,87.176,9.421,9.3767
9,2025-12-08,23.563,6.194,255.0,6.999,55.825,365.127,9.732,84.915,9.3767,9.3832
9,2025-12-09,26.379,5.624,255.0,7.081,63.22,437.874,9.239,86.125,9.3832,9.3814
9,2025-12-10,27.619,7.054,255.0,7.164,52.717,389.422,10.078,90.39,9.3814,9.3852
9,2025-12-11,24.56,5.644,255.0,7.203,59.149,458.352,9.609,85.132,9.3852,9.3577
9,2025-12-12,25.361,6.848,255.0,7.374,54.406,405.576,9.896,89.397,9.3577,9.3873
9,2025-12-13,24.775,6.122,255.0,7.009,54.981,417.379,8.883,89.026,9.3873,9.3806
9,2025-12-14,25.68,6.99,255.0,6.78,64.727,519.196,10.372,84.651,9.3806,9.3617
9,2025-12-15,24.811,7.979,255.0,,55.48,508.606,10.395,91.317,9.3617,9.3958
9,2025-12-16,24.995,7.505,255.0,7.018,59.402,491.563,10.737,88.538,9.3958,9.4082
9,2025-12-17,23.9,6.658,255.0,7.138,72.384,471.178,10.884,84.662,9.4082,9.4244
9,2025-12-18,24.755,8.039,255.0,6.953,69.906,472.701,10.328,83.781,9.4244,9.4583
9,2025-12-19,24.108,7.482,255.0,7.108,59.102,512.727,10.086,81.879,9.4583,9.4649
9,2025-12-20,24.085,6.506,255.0,6.829,59.778,445.598,10.362,88.146,9.4649,9.4799
9,2025-12-21,24.716,6.973,255.0,7.13,75.588,494.411,10.003,89.65,9.4799,9.4938
9,2025-12-22,24.69,,255.0,6.981,65.438,444.642,9.915,88.707,9.4938,9.5072
9,2025-12-23,25.154,7.209,255.0,7.419,67.977,465.506,10.363,84.308,9.5072,9.4943
9,2025-12-24,25.934,6.738,255.0,7.364,65.367,410.175,9.901,93.388,9.4943,9.5074
9,2025-12-25,24.84,8.247,255.0,7.45,68.988,472.92,10.821,87.83,9.5074,9.5088
9,2025-12-26,25.719,7.322,255.0,7.011,76.199,498.738,10.1,90.168,9.5088,9.5013
9,2025-12-27,26.145,7.405,255.0,7.27,74.579,401.704,9.849,87.661,9.5013,9.5027
9,2025-12-28,26.817,6.438,255.0,7.711,77.389,386.864,9.889,88.994,9.5027,9.5591
9,2025-12-29,26.966,8.239,255.0,7.256,64.805,456.937,10.513,84.792,9.5591,9.6012
9,2025-12-30,26.752,7.409,255.0,7.209,71.144,422.242,9.981,84.438,9.6012,9.594
9,2025-12-31,28.562,7.735,255.0,7.689,75.949,355.563,10.131,88.544,9.594,9.5801
9,2026-01-01,27.021,6.705,255.0,7.775,76.729,387.422,9.789,88.842,9.5801,9.5496
9,2026-01-02,29.159,7.506,255.0,7.604,80.203,309.196,10.571,86.108,9.5496,9.5872
9,2026-01-03,29.025,7.438,255.0,7.672,61.438,323.972,10.423,85.569,9.5872,9.6059
9,2026-01-04,29.784,7.088,255.0,7.872,85.468,312.956,9.862,91.604,9.6059,9.5966
9,2026-01-05,30.485,7.226,255.0,7.976,74.163,347.938,10.74,85.719,9.5966,9.6194
9,2026-01-06,27.61,9.223,255.0,7.931,79.617,332.482,12.011,86.145,9.6194,9.6555
9,2026-01-07,,7.631,255.0,7.765,77.862,285.212,10.465,89.035,9.6555,9.6326
9,2026-01-08,29.623,8.086,255.0,7.683,89.763,349.501,11.444,89.102,9.6326,9.6262
9,2026-01-09,27.632,7.964,255.0,7.685,75.807,364.389,11.034,87.219,9.6262,9.6116
9,2026-01-10,27.576,7.441,255.0,7.825,85.719,336.59,10.182,82.303,9.6116,9.5671
9,2026-01-11,28.364,7.835,255.0,7.655,83.943,330.808,10.819,84.246,9.5671,9.5606
9,2026-01-12,27.359,7.559,255.0,7.646,87.432,360.022,10.821,90.15,9.5606,9.5898
9,2026-01-13,29.665,6.88,255.0,7.837,94.492,384.915,10.953,91.598,9.5898,9.5924
9,2026-01-14,28.046,7.463,255.0,8.094,88.809,380.819,9.724,87.38,9.5924,9.6166
9,2026-01-15,24.919,8.898,255.0,7.488,70.907,388.829,11.012,87.588,9.6166,9.6343
9,2026-01-16,28.161,7.786,255.0,7.597,72.912,409.155,10.162,90.94,9.6343,9.6619
9,2026-01-17,27.617,9.254,255.0,7.192,80.466,377.481,10.242,85.051,9.6619,9.6712
9,2026-01-18,27.173,8.561,255.0,7.445,84.625,433.319,11.097,86.77,9.6712,9.6549
9,2026-01-19,27.398,8.817,255.0,7.348,76.277,512.755,11.606,88.242,9.6549,9.6191
9,2026-01-20,28.334,8.964,255.0,7.398,66.185,448.353,10.815,88.391,9.6191,9.6514
9,2026-01-21,28.393,8.076,255.0,7.355,71.884,471.44,10.547,85.851,9.6514,9.6074
9,2026-01-22,27.509,8.566,255.0,7.456,78.969,436.735,10.832,88.612,9.6074,9.645
9,2026-01-23,29.256,8.211,255.0,7.001,64.498,456.717,11.01,85.99,9.645,9.6308
9,2026-01-24,27.993,9.18,255.0,7.295,70.838,443.786,11.558,90.002,9.6308,9.6391
9,2026-01-25,27.864,8.212,,7.378,65.251,478.562,11.432,87.195,9.6391,9.6168
9,2026-01-26,29.918,7.733,255.0,6.817,63.574,486.595,9.769,83.429,9.6168,9.618
9,2026-01-27,28.716,8.054,255.0,7.388,77.879,476.231,10.992,88.26,9.618,9.5831
9,2026-01-28,29.044,7.204,255.0,7.109,63.756,493.847,10.44,89.17,9.5831,9.6039
9,2026-01-29,29.299,8.832,255.0,7.272,71.424,470.033,11.23,83.897,9.6039,9.6272
9,2026-01-30,31.833,7.5,255.0,7.053,68.263,450.362,10.222,88.793,9.6272,9.6339
9,2026-01-31,29.773,8.367,255.0,6.984,61.698,447.038,10.753,85.027,9.6339,9.6297
9,2026-02-01,30.007,7.052,255.0,7.238,68.354,430.555,10.48,85.086,9.6297,9.6234
9,2026-02-02,30.795,8.894,255.0,7.013,59.889,476.276,11.03,85.74,9.6234,9.6532
9,2026-02-03,32.208,7.541,255.0,6.88,68.523,430.746,9.404,85.114,9.6532,9.6472
9,2026-02-04,31.945,7.844,255.0,7.308,62.926,385.569,10.386,88.953,9.6472,9.6611
9,2026-02-05,30.569,8.908,255.0,7.103,78.297,373.698,12.223,85.011,9.6611,9.688
9,2026-02-06,30.177,8.965,255.0,7.125,62.092,414.091,10.877,86.359,9.688,9.6717
9,2026-02-07,30.11,9.239,255.0,7.335,50.87,362.865,10.196,90.093,9.6717,9.6508
9,2026-02-08,31.484,9.985,255.0,7.026,55.716,332.699,11.92,86.983,9.6508,9.6596
9,2026-02-09,,8.339,255.0,7.401,55.913,360.844,10.682,88.164,9.6596,9.6806
9,2026-02-10,28.995,9.629,255.0,7.411,58.177,336.359,12.228,93.851,9.6806,9.6925
9,2026-02-11,30.662,9.711,255.0,7.405,64.753,367.695,12.234,91.501,9.6925,9.7389
9,2026-02-12,30.147,8.309,255.0,7.445,,325.262,10.506,84.246,9.7389,9.7511
9,2026-02-13,31.046,9.354,255.0,7.62,51.612,317.01,11.12,89.92,9.7511,9.7255
9,2026-02-14,31.335,8.222,255.0,7.382,64.78,341.346,10.475,87.869,9.7255,9.718
9,2026-02-15,29.772,7.334,255.0,7.797,54.564,307.841,10.75,88.656,9.718,9.6795
9,2026-02-16,29.167,8.63,255.0,7.634,73.253,409.809,11.16,86.207,9.6795,9.6755
9,2026-02-17,27.163,7.928,255.0,,63.752,334.8,9.851,85.593,9.6755,9.6786
9,2026-02-18,28.998,9.531,255.0,7.745,78.92,327.852,12.254,87.355,9.6786,9.7484
9,2026-02-19,28.139,8.458,255.0,7.433,56.123,275.779,11.083,84.614,9.7484,9.7765
9,2026-02-20,30.595,9.155,255.0,7.963,81.601,310.202,11.337,86.228,9.7765,9.7437
9,2026-02-21,29.808,8.589,255.0,8.007,63.614,277.784,10.862,83.711,9.7437,9.7634
9,2026-02-22,30.486,8.603,255.0,7.72,79.002,329.324,11.199,84.838,9.7634,9.732
9,2026-02-23,31.405,8.852,255.0,7.757,81.138,350.452,10.972,88.014,9.732,9.7562
9,2026-02-24,31.488,8.536,255.0,7.951,79.683,359.913,10.458,86.354,9.7562,9.7052
9,2026-02-25,,8.557,255.0,7.444,69.872,404.927,10.63,86.814,9.7052,9.7082
9,2026-02-26,30.264,10.0,255.0,7.99,74.922,371.799,11.885,88.352,9.7082,9.7678
9,2026-02-27,30.033,9.807,255.0,7.603,83.206,449.244,11.744,90.074,9.7678,9.7586
9,2026-02-28,33.516,8.403,255.0,7.941,75.044,419.33,10.696,83.008,9.7586,9.7836
9,2026-03-01,30.846,10.793,255.0,7.547,74.112,457.449,10.749,86.815,9.7836,9.7642
9,2026-03-02,32.131,10.114,255.0,,84.915,424.478,10.956,86.999,9.7642,9.7453
9,2026-03-03,31.66,7.634,255.0,7.59,81.874,438.57,10.737,83.438,9.7453,9.7803
9,2026-03-04,35.292,9.556,255.0,7.509,79.244,447.701,11.402,91.017,9.7803,9.8062
9,2026-03-05,32.14,9.523,255.0,7.255,84.679,494.409,11.046,85.072,9.8062,9.8108
9,2026-03-06,33.183,9.566,255.0,7.563,88.57,495.519,11.079,86.685,9.8108,9.8084
9,2026-03-07,33.438,8.548,255.0,7.628,85.356,483.78,10.63,92.21,9.8084,9.796
9,2026-03-08,33.734,9.3,255.0,7.132,80.08,469.81,11.231,91.229,9.796,9.8249
9,2026-03-09,32.299,9.506,255.0,6.914,84.953,483.089,12.098,90.891,9.8249,9.8085
9,2026-03-10,31.764,8.951,255.0,7.391,86.192,494.361,11.393,85.386,9.8085,9.8312
9,2026-03-11,31.572,8.101,255.0,6.929,90.13,458.778,10.747,84.464,9.8312,9.8287
9,2026-03-12,32.582,8.846,255.0,7.188,78.382,463.176,10.859,87.546,9.8287,9.8215
9,2026-03-13,31.8,9.322,255.0,7.167,80.73,427.678,11.234,89.142,9.8215,9.7951
9,2026-03-14,31.05,9.067,255.0,6.665,84.351,443.874,10.022,83.802,9.7951,9.7528
9,2026-03-15,32.496,9.343,255.0,7.174,72.09,455.208,10.907,86.977,9.7528,9.756
9,2026-03-16,32.176,9.319,255.0,6.967,84.06,467.475,11.233,90.435,9.756,9.7573
9,2026-03-17,31.251,9.139,255.0,6.999,71.941,,11.162,90.177,9.7573,9.7714
9,2026-03-18,32.419,9.252,255.0,6.889,73.221,406.793,10.933,88.473,9.7714,9.7306
9,2026-03-19,30.996,7.214,255.0,7.069,73.621,460.148,10.911,,9.7306,9.7104
9,2026-03-20,30.068,10.322,255.0,6.946,70.285,355.849,11.079,87.952,9.7104,9.6598
9,2026-03-21,29.935,9.439,255.0,7.127,68.807,398.457,10.598,85.963,9.6598,9.6508
9,2026-03-22,31.671,8.464,255.0,7.027,57.774,295.984,10.595,88.343,9.6508,9.6822
9,2026-03-23,31.13,7.788,255.0,7.276,61.358,364.148,9.476,86.996,9.6822,9.7012
9,2026-03-24,31.474,9.241,255.0,7.168,65.518,374.676,10.821,85.849,9.7012,9.7223
9,2026-03-25,31.637,8.398,255.0,7.452,65.654,319.257,11.156,86.808,9.7223,9.7496
9,2026-03-26,31.313,11.362,255.0,7.261,50.701,402.596,12.063,,9.7496,9.7201
9,2026-03-27,30.247,10.619,255.0,7.109,75.194,357.225,11.833,86.102,9.7201,9.7089
9,2026-03-28,32.008,9.726,255.0,7.318,55.671,336.112,11.662,92.298,9.7089,9.6671
9,2026-03-29,33.963,8.569,255.0,7.319,58.122,318.09,10.351,81.731,9.6671,9.6898
9,2026-03-30,33.129,8.584,255.0,7.755,60.727,321.85,10.1,88.424,9.6898,9.6974
9,2026-03-31,33.505,9.708,255.0,7.615,58.441,365.773,11.774,91.187,9.6974,9.7269
9,2026-04-01,31.9,9.975,255.0,7.51,66.014,404.505,11.569,87.567,9.7269,9.7219
9,2026-04-02,34.766,9.225,255.0,7.269,66.358,390.382,11.17,85.59,9.7219,9.7038
9,2026-04-03,33.892,8.009,255.0,7.767,60.525,414.792,10.92,85.356,9.7038,9.6852
9,2026-04-04,35.072,9.505,255.0,7.822,55.618,396.157,10.593,89.366,9.6852,9.6369
9,2026-04-05,35.897,9.392,255.0,7.752,47.094,411.192,11.625,86.631,9.6369,9.6668
9,2026-04-06,34.053,7.78,255.0,7.537,72.307,403.005,10.54,85.492,9.6668,9.6989
9,2026-04-07,34.872,9.852,255.0,7.849,65.35,408.621,10.892,83.436,9.6989,9.6994
9,2026-04-08,33.655,9.439,255.0,7.795,63.987,446.429,10.902,90.075,9.6994,9.7083
9,2026-04-09,31.768,9.171,255.0,,62.487,458.399,11.161,92.392,9.7083,9.7097
9,2026-04-10,32.615,9.548,255.0,7.851,54.55,,10.753,88.399,9.7097,9.7208
9,2026-04-11,30.112,8.032,255.0,7.804,46.998,473.363,11.058,90.047,9.7208,9.7376
9,2026-04-12,32.382,8.244,255.0,7.81,74.996,484.387,10.483,88.981,9.7376,9.772
9,2026-04-13,32.945,8.155,255.0,7.715,70.958,503.615,10.902,91.165,9.772,9.7907
9,2026-04-14,32.162,9.895,255.0,7.883,61.469,525.654,11.82,86.537,9.7907,9.8009
9,2026-04-15,31.762,9.496,255.0,7.451,73.257,462.707,11.821,92.07,9.8009,9.8114
9,2026-04-16,32.28,9.443,255.0,7.276,76.389,458.097,11.34,85.164,9.8114,9.8073
9,2026-04-17,32.083,9.092,255.0,7.386,,442.389,11.901,88.317,9.8073,9.8045
9,2026-04-18,31.123,9.931,255.0,7.263,,477.227,12.163,90.158,9.8045,9.8148
9,2026-04-19,32.512,10.113,255.0,7.501,79.865,455.421,,87.07,9.8148,9.8394
9,2026-04-20,29.733,9.181,255.0,7.364,74.956,,11.803,85.815,9.8394,9.8375
9,2026-04-21,31.921,9.796,255.0,7.389,83.407,474.949,11.175,85.5,9.8375,9.8412
9,2026-04-22,32.082,9.363,255.0,7.24,70.846,548.999,10.842,87.891,9.8412,9.8498
9,2026-04-23,30.641,9.752,255.0,6.953,91.556,460.141,11.275,83.576,9.8498,9.8554
9,2026-04-24,33.524,9.338,255.0,7.219,83.097,523.551,11.004,91.423,9.8554,9.8428
9,2026-04-25,31.754,9.105,255.0,7.225,65.049,435.773,10.828,85.763,9.8428,9.8393
9,2026-04-26,31.53,8.853,255.0,6.802,82.806,392.171,10.248,85.447,9.8393,9.8429
9,2026-04-27,31.696,8.124,255.0,,70.701,448.715,11.24,90.564,9.8429,9.8786
9,2026-04-28,32.864,8.551,255.0,6.947,82.113,401.566,11.011,87.035,9.8786,9.9149
9,2026-04-29,32.519,8.993,255.0,7.013,82.906,339.656,10.595,93.282,9.9149,9.9249
9,2026-04-30,33.119,9.807,255.0,7.116,97.163,385.646,12.02,89.936,9.9249,9.9298
9,2026-05-01,33.277,8.826,255.0,7.084,85.505,295.274,10.907,89.498,9.9298,9.9076
9,2026-05-02,34.091,10.009,255.0,6.955,85.135,357.01,12.034,85.684,9.9076,9.9427
9,2026-05-03,31.937,8.705,255.0,7.109,94.345,310.967,10.598,88.84,9.9427,9.9526
9,2026-05-04,32.775,9.129,255.0,6.839,83.997,399.019,10.514,84.886,9.9526,9.9462
9,2026-05-05,34.632,8.369,255.0,6.936,88.147,320.459,11.121,86.474,9.9462,9.9079
9,2026-05-06,33.092,9.157,255.0,7.129,73.442,348.29,11.447,86.032,9.9079,9.9306
9,2026-05-07,34.147,9.645,255.0,7.256,79.56,339.046,10.744,87.17,9.9306,9.934
9,2026-05-08,31.571,8.467,255.0,7.252,71.69,309.24,11.5,85.036,9.934,9.9458
9,2026-05-09,31.482,9.014,255.0,7.459,68.464,370.168,10.794,87.074,9.9458,9.9173
9,2026-05-10,32.219,9.723,255.0,7.228,73.485,335.226,11.065,87.73,9.9173,9.913
9,2026-05-11,32.25,9.895,255.0,7.478,80.624,333.224,10.272,89.197,9.913,9.9253
9,2026-05-12,31.922,8.511,255.0,7.542,85.972,384.573,11.434,91.0,9.9253,9.9508
9,2026-05-13,30.081,8.1,255.0,7.445,86.62,350.704,9.854,84.245,9.9508,9.9409
9,2026-05-14,28.391,7.871,255.0,7.572,78.44,363.59,10.834,89.965,9.9409,9.9487
9,2026-05-15,29.584,9.211,255.0,7.475,63.122,391.243,11.645,89.093,9.9487,9.9817
10,2025-01-01,26.403,6.891,218.206,7.114,73.799,385.089,9.334,90.524,2.6821,2.7289
10,2025-01-02,27.083,6.976,222.438,7.529,68.067,376.278,10.73,90.104,2.7289,2.7356
10,2025-01-03,26.427,8.401,223.978,7.103,62.724,381.211,10.56,87.329,2.7356,2.7452
10,2025-01-04,28.871,8.001,230.94,7.51,56.683,363.744,11.55,85.882,2.7452,2.7319
10,2025-01-05,27.409,7.244,214.854,7.756,62.086,404.669,10.11,87.206,2.7319,2.812
10,2025-01-06,27.392,7.299,223.921,7.449,65.078,312.042,11.105,88.095,2.812,2.8524
10,2025-01-07,28.688,7.771,222.826,7.675,64.207,317.783,10.05,89.536,2.8524,2.8314
10,2025-01-08,28.379,8.787,226.646,7.661,56.513,290.399,10.699,84.609,2.8314,2.8585
10,2025-01-09,28.585,7.214,223.666,7.989,55.103,315.968,10.137,86.664,2.8585,2.8956
10,2025-01-10,29.846,9.479,211.651,7.428,,321.824,12.17,88.333,2.8956,2.9394
10,2025-01-11,29.248,8.339,227.735,7.614,62.424,331.816,,88.433,2.9394,2.9979
10,2025-01-12,28.954,8.262,230.716,,70.168,317.014,11.124,88.391,2.9979,3.0537
10,2025-01-13,26.693,7.468,229.656,7.882,74.29,347.916,9.264,86.299,3.0537,3.1052
10,2025-01-14,28.757,7.006,226.361,7.913,65.388,330.36,10.477,85.687,3.1052,3.1122
10,2025-01-15,28.252,8.564,226.476,7.403,69.851,368.419,10.678,88.039,3.1122,3.1169
10,2025-01-16,27.524,6.633,234.344,7.46,51.603,413.676,9.407,87.775,3.1169,3.1654
10,2025-01-17,27.951,7.786,237.391,7.708,78.707,394.858,10.804,93.11,3.1654,3.2434
10,2025-01-18,28.576,8.343,245.243,7.47,57.082,372.758,11.151,89.943,3.2434,3.2818
10,2025-01-19,28.509,8.428,246.378,7.586,63.891,349.477,10.724,87.389,3.2818,3.3522
10,2025-01-20,28.021,9.523,255.0,7.599,74.604,408.923,10.772,86.579,3.3522,3.4072
10,2025-01-21,27.351,8.105,250.657,7.45,77.022,489.331,10.65,89.242,3.4072,3.4772
10,2025-01-22,26.926,7.85,250.551,7.547,,371.199,10.336,85.861,3.4772,3.5039
10,2025-01-23,27.379,7.818,230.808,7.567,,461.197,11.016,90.77,3.5039,3.5825
10,2025-01-24,27.558,7.314,255.0,,77.849,504.016,9.686,89.385,3.5825,3.6862
10,2025-01-25,24.614,9.748,246.952,7.5,57.942,434.385,11.953,88.619,3.6862,3.7239
10,2025-01-26,28.801,7.845,245.561,7.257,81.706,443.494,9.92,86.126,3.7239,3.762
10,2025-01-27,26.761,8.444,255.0,7.392,71.034,450.615,10.715,85.67,3.762,3.7959
10,2025-01-28,28.234,7.773,250.98,7.376,76.325,547.042,10.657,90.845,3.7959,3.8478
10,2025-01-29,29.028,7.859,255.0,6.797,86.187,480.622,10.221,87.825,3.8478,3.9058
10,2025-01-30,29.816,8.252,251.877,7.249,79.898,486.392,11.265,84.752,3.9058,3.9506
10,2025-01-31,29.443,9.198,255.0,6.842,80.894,,11.904,89.162,3.9506,4.002
10,2025-02-01,28.728,9.835,255.0,6.924,90.731,495.092,11.545,90.159,4.002,4.053
10,2025-02-02,29.945,8.528,255.0,7.042,85.114,506.952,11.049,87.759,4.053,4.1073
10,2025-02-03,28.968,7.91,255.0,7.161,89.396,464.448,10.65,88.466,4.1073,4.1608
10,2025-02-04,29.947,8.765,255.0,7.403,77.161,453.31,10.771,93.97,4.1608,4.2235
10,2025-02-05,30.791,7.642,250.375,6.82,87.863,473.961,10.187,90.394,4.2235,4.2115
10,2025-02-06,30.511,8.539,255.0,6.986,82.589,456.576,11.498,89.185,4.2115,4.2426
10,2025-02-07,32.566,9.889,255.0,7.2,80.521,438.384,11.711,86.116,4.2426,4.2784
10,2025-02-08,32.705,7.912,255.0,6.796,81.002,419.379,9.75,85.251,4.2784,4.2996
10,2025-02-09,31.701,7.881,255.0,7.365,80.476,410.899,10.73,88.254,4.2996,4.3494
10,2025-02-10,31.872,8.583,255.0,7.253,81.425,403.289,10.709,86.37,4.3494,4.375
10,2025-02-11,31.122,9.948,255.0,7.393,81.313,371.259,11.753,92.75,4.375,4.3834
10,2025-02-12,32.207,9.419,255.0,7.654,79.735,380.928,11.441,85.508,4.3834,4.4253
10,2025-02-13,29.654,7.792,255.0,7.45,84.057,410.658,10.715,87.886,4.4253,4.4739
10,2025-02-14,30.695,8.692,255.0,7.432,79.092,306.84,10.791,87.782,4.4739,4.5013
10,2025-02-15,31.353,7.632,255.0,7.475,90.997,330.739,10.46,87.147,4.5013,4.5115
10,2025-02-16,32.656,9.051,255.0,7.328,71.759,348.718,10.098,90.363,4.5115,4.5437
10,2025-02-17,30.928,9.478,255.0,7.585,81.189,378.384,11.117,92.957,4.5437,4.5964
10,2025-02-18,29.498,8.679,255.0,7.615,75.338,404.485,10.73,89.267,4.5964,4.7103
10,2025-02-19,29.023,10.297,255.0,7.561,57.678,387.363,11.67,86.546,4.7103,4.7808
10,2025-02-20,30.546,9.659,255.0,7.67,76.5,323.021,11.691,86.143,4.7808,4.818
10,2025-02-21,,9.534,255.0,7.399,78.24,322.412,10.181,84.924,4.818,4.879
10,2025-02-22,29.965,8.058,255.0,7.55,60.885,357.825,10.585,89.205,4.879,4.9039
10,2025-02-23,32.186,9.372,255.0,7.661,61.01,393.6,11.907,84.532,4.9039,4.9363
10,2025-02-24,30.639,9.28,255.0,8.065,59.862,363.643,11.501,88.5,4.9363,4.9394
10,2025-02-25,29.965,10.153,255.0,7.569,63.202,397.983,11.079,88.283,4.9394,4.9991
10,2025-02-26,30.679,9.093,255.0,7.593,65.961,379.034,11.677,89.166,4.9991,5.0211
10,2025-02-27,30.25,9.122,255.0,7.718,62.148,489.31,10.874,90.838,5.0211,5.0195
10,2025-02-28,31.327,9.797,255.0,7.854,64.261,402.282,11.186,89.324,5.0195,5.0346
10,2025-03-01,31.835,8.82,255.0,7.955,64.97,385.197,10.454,85.452,5.0346,5.0471
10,2025-03-02,32.481,8.132,255.0,7.508,59.745,482.878,10.078,86.097,5.0471,5.1126
10,2025-03-03,32.458,9.535,255.0,7.514,51.312,393.821,10.898,88.224,5.1126,5.1409
10,2025-03-04,31.99,8.683,255.0,7.802,53.516,494.171,11.281,84.681,5.1409,5.1371
10,2025-03-05,33.861,9.324,255.0,7.321,50.972,438.909,11.586,87.256,5.1371,5.1504
10,2025-03-06,30.803,9.683,255.0,7.805,65.532,446.361,10.959,84.481,5.1504,5.2474
10,2025-03-07,32.908,9.753,255.0,7.673,61.127,435.415,,84.656,5.2474,5.2439
10,2025-03-08,32.694,8.826,255.0,7.725,43.368,555.012,10.609,86.967,5.2439,5.2717
10,2025-03-09,34.065,9.573,255.0,7.791,65.956,473.176,11.059,85.667,5.2717,5.3294
10,2025-03-10,34.263,6.943,255.0,6.971,61.356,473.642,10.133,90.169,5.3294,5.3394
10,2025-03-11,31.719,8.309,255.0,7.339,65.039,437.352,11.036,83.398,5.3394,5.3482
10,2025-03-12,34.548,10.247,255.0,6.993,52.333,505.35,11.413,,5.3482,5.3781
10,2025-03-13,32.239,9.502,255.0,7.599,64.917,474.209,11.08,83.51,5.3781,5.3893
10,2025-03-14,31.262,8.122,255.0,6.754,59.508,494.865,10.512,,5.3893,5.4418
10,2025-03-15,34.992,,255.0,7.106,63.25,485.863,11.121,86.879,5.4418,5.4253
10,2025-03-16,30.177,8.753,255.0,7.387,77.247,490.645,10.717,85.934,5.4253,5.464
10,2025-03-17,32.326,10.413,255.0,7.119,66.611,489.752,11.718,87.855,5.464,5.4292
10,2025-03-18,32.421,8.702,255.0,7.038,70.792,415.957,11.019,88.18,5.4292,5.45
10,2025-03-19,31.73,9.178,255.0,7.075,64.766,,11.089,86.294,5.45,5.4732
10,2025-03-20,32.895,9.88,255.0,7.069,79.306,426.782,10.926,89.481,5.4732,5.4065
10,2025-03-21,32.184,9.571,255.0,7.118,83.821,406.709,11.137,89.359,5.4065,5.4301
10,2025-03-22,31.611,9.499,255.0,6.995,71.994,357.463,10.92,91.711,5.4301,5.4558
10,2025-03-23,29.782,11.066,255.0,6.912,68.49,383.933,11.578,87.981,5.4558,5.5121
10,2025-03-24,32.177,9.194,255.0,6.787,72.257,378.267,10.593,84.153,5.5121,5.5251
10,2025-03-25,31.375,9.651,255.0,7.08,78.676,382.877,11.707,88.569,5.5251,5.5566
10,2025-03-26,29.969,10.048,255.0,7.096,74.769,383.749,11.688,84.196,5.5566,5.644
10,2025-03-27,31.753,9.11,255.0,6.875,95.459,333.883,10.466,87.219,5.644,5.691
10,2025-03-28,30.914,9.224,255.0,7.215,88.769,367.315,11.272,89.866,5.691,5.7469
10,2025-03-29,32.002,9.26,255.0,7.213,83.575,322.76,12.394,90.94,5.7469,5.7618
10,2025-03-30,31.046,9.149,255.0,7.324,73.061,357.323,11.604,82.183,5.7618,5.8284
10,2025-03-31,32.62,8.692,255.0,7.484,79.458,,10.399,87.753,5.8284,5.8408
10,2025-04-01,33.144,9.265,255.0,7.594,80.643,395.709,11.476,88.106,5.8408,5.8543
10,2025-04-02,32.22,9.484,255.0,7.233,,311.412,11.525,89.04,5.8543,5.8707
10,2025-04-03,32.18,8.271,255.0,7.545,93.729,346.157,10.734,87.598,5.8707,5.9286
10,2025-04-04,35.122,9.648,255.0,7.644,82.076,351.055,11.287,86.432,5.9286,5.9528
10,2025-04-05,33.449,9.102,255.0,7.608,76.679,390.364,10.91,84.574,5.9528,5.9849
10,2025-04-06,32.668,9.733,255.0,7.739,96.72,362.616,11.355,85.733,5.9849,6.014
10,2025-04-07,34.611,8.99,255.0,7.745,80.586,315.914,11.328,82.81,6.014,6.0185
10,2025-04-08,33.658,9.324,255.0,7.697,84.015,386.883,12.373,86.44,6.0185,6.002
10,2025-04-09,34.315,8.174,255.0,7.497,71.096,417.452,11.277,85.276,6.002,5.9479
10,2025-04-10,32.848,9.706,255.0,7.677,86.517,334.264,11.037,88.488,5.9479,5.9863
10,2025-04-11,33.684,8.479,255.0,7.604,94.662,379.262,10.178,89.161,5.9863,6.0514
10,2025-04-12,36.0,9.106,255.0,7.805,64.479,470.031,10.09,83.681,6.0514,6.0691
10,2025-04-13,31.628,8.889,255.0,7.449,73.768,415.895,10.714,89.431,6.0691,6.1234
10,2025-04-14,32.747,9.765,255.0,7.733,71.231,473.053,11.204,,6.1234,6.1762
10,2025-04-15,32.32,9.868,255.0,7.494,71.281,434.87,11.44,89.537,6.1762,6.2229
10,2025-04-16,32.484,9.138,255.0,7.919,61.126,444.686,11.297,90.75,6.2229,6.2349
10,2025-04-17,30.784,8.863,255.0,7.803,81.639,463.169,10.629,87.365,6.2349,6.3137
10,2025-04-18,30.58,9.454,255.0,7.697,73.629,486.229,11.255,88.46,6.3137,6.4165
10,2025-04-19,30.465,7.938,255.0,7.327,55.229,437.487,9.975,86.754,6.4165,6.4647
10,2025-04-20,30.731,8.842,255.0,7.926,70.826,486.003,11.033,86.248,6.4647,6.4945
10,2025-04-21,31.326,8.053,255.0,7.405,61.617,495.737,10.275,88.012,6.4945,6.504
10,2025-04-22,29.903,9.076,255.0,7.491,63.01,446.634,11.022,86.972,6.504,6.5583
10,2025-04-23,32.77,9.082,255.0,7.161,73.641,515.231,11.731,87.322,6.5583,6.5609
10,2025-04-24,32.067,10.299,255.0,7.21,44.827,464.549,11.228,85.768,6.5609,6.5921
10,2025-04-25,30.161,9.259,255.0,7.305,45.562,476.827,10.964,84.604,6.5921,6.6319
10,2025-04-26,31.054,9.603,255.0,7.359,52.863,345.757,11.376,89.412,6.6319,6.6761
10,2025-04-27,30.115,8.897,255.0,7.07,65.454,407.735,11.931,86.088,6.6761,6.6933
10,2025-04-28,32.601,10.036,255.0,7.136,62.152,473.9,11.653,85.085,6.6933,6.6956
10,2025-04-29,31.59,8.561,255.0,7.224,47.518,379.279,10.496,87.175,6.6956,6.6914
10,2025-04-30,32.413,9.727,255.0,6.668,55.899,452.193,11.551,87.569,6.6914,6.6725
10,2025-05-01,32.054,9.414,255.0,7.116,57.374,394.977,10.723,88.903,6.6725,6.6706
10,2025-05-02,32.726,9.272,255.0,6.988,48.419,384.46,10.889,88.318,6.6706,6.6358
10,2025-05-03,30.852,8.755,255.0,7.08,52.688,349.531,11.296,90.113,6.6358,6.6472
10,2025-05-04,31.783,9.415,255.0,6.995,67.85,400.961,11.421,85.913,6.6472,6.6243
10,2025-05-05,32.488,8.963,255.0,6.802,78.671,378.286,10.655,91.925,6.6243,6.6543
10,2025-05-06,32.724,8.681,255.0,6.995,73.019,382.645,10.852,82.003,6.6543,6.6351
10,2025-05-07,33.225,8.488,255.0,6.957,59.455,382.284,10.025,88.891,6.6351,6.6408
10,2025-05-08,32.236,9.31,255.0,7.006,61.842,344.948,11.964,83.382,6.6408,6.6494
10,2025-05-09,32.408,7.883,255.0,6.794,68.521,296.097,11.005,,6.6494,6.6401
10,2025-05-10,31.896,8.293,255.0,7.219,72.382,328.998,10.998,87.588,6.6401,6.6705
10,2025-05-11,32.06,7.084,255.0,7.105,56.811,298.179,10.076,87.159,6.6705,6.6935
10,2025-05-12,32.039,8.598,255.0,7.222,78.437,268.955,11.454,86.017,6.6935,6.7015
10,2025-05-13,,8.147,255.0,7.41,72.481,281.649,10.969,89.212,6.7015,6.7329
10,2025-05-14,32.248,7.732,255.0,7.355,68.008,373.805,10.059,90.397,6.7329,6.739
10,2025-05-15,30.604,9.446,255.0,7.221,81.517,369.717,10.627,87.665,6.739,6.7454
10,2025-05-16,31.021,9.193,255.0,7.603,83.017,454.458,11.137,88.928,6.7454,6.8478
10,2025-05-17,29.807,10.079,255.0,7.757,71.221,416.673,11.741,86.274,6.8478,6.9051
10,2025-05-18,30.753,9.816,255.0,7.599,,416.716,10.631,86.592,6.9051,6.9696
10,2025-05-19,31.879,8.9,255.0,7.477,74.204,430.679,10.917,86.486,6.9696,7.0335
10,2025-05-20,28.893,7.678,255.0,7.568,72.168,367.729,9.987,90.287,7.0335,7.1389
10,2025-05-21,28.993,9.633,255.0,7.714,,418.206,11.083,88.052,7.1389,7.1889
10,2025-05-22,30.31,9.569,255.0,7.929,73.722,432.205,11.625,84.262,7.1889,7.2217
10,2025-05-23,28.925,8.535,255.0,7.605,97.755,427.764,11.104,88.899,7.2217,7.3292
10,2025-05-24,29.891,8.742,255.0,7.905,82.865,483.95,10.089,89.078,7.3292,7.3783
10,2025-05-25,28.401,8.454,255.0,7.688,,473.724,11.512,83.916,7.3783,7.4237
10,2025-05-26,28.734,8.635,255.0,7.761,85.177,428.443,11.376,87.531,7.4237,7.5089
10,2025-05-27,27.42,8.999,255.0,7.72,91.129,445.388,11.471,84.769,7.5089,7.58
10,2025-05-28,29.295,7.81,255.0,7.682,90.412,529.356,11.394,88.771,7.58,7.6576
10,2025-05-29,31.518,8.872,255.0,7.755,81.824,473.883,11.166,85.376,7.6576,7.6909
10,2025-05-30,29.297,8.899,255.0,7.846,85.235,497.104,11.057,77.678,7.6909,7.7551
10,2025-05-31,29.08,9.054,255.0,7.867,81.037,458.048,11.079,87.017,7.7551,7.7417
10,2025-06-01,29.354,7.72,255.0,7.223,78.787,423.298,10.3,86.42,7.7417,7.7739
10,2025-06-02,28.553,8.645,255.0,8.079,88.999,495.005,10.802,85.534,7.7739,7.8122
10,2025-06-03,29.244,8.53,255.0,7.486,68.571,441.45,11.401,88.153,7.8122,7.8423
10,2025-06-04,31.386,8.139,,7.659,76.792,464.19,10.679,85.818,7.8423,7.9129
10,2025-06-05,30.931,8.393,255.0,7.368,85.015,431.271,11.029,89.759,7.9129,7.9783
10,2025-06-06,31.534,7.414,255.0,7.318,67.644,389.205,11.022,85.282,7.9783,7.9965
10,2025-06-07,29.785,9.848,255.0,7.375,79.103,401.995,10.684,86.08,7.9965,8.0262
10,2025-06-08,28.845,8.332,255.0,7.315,63.877,422.267,11.092,90.816,8.0262,8.0459
10,2025-06-09,28.935,7.752,255.0,7.577,68.229,390.948,10.115,91.718,8.0459,8.069
10,2025-06-10,29.251,6.975,255.0,7.479,59.33,380.58,10.103,85.944,8.069,8.0906
10,2025-06-11,29.119,8.717,255.0,7.329,84.194,389.924,11.188,86.941,8.0906,8.1358
10,2025-06-12,29.504,8.501,255.0,7.078,65.738,394.973,11.155,88.868,8.1358,8.1662
10,2025-06-13,30.26,7.327,255.0,7.157,47.542,392.825,9.945,85.605,8.1662,8.1957
10,2025-06-14,31.363,6.976,255.0,6.971,68.263,333.382,10.516,86.708,8.1957,8.1984
10,2025-06-15,29.177,7.364,255.0,7.446,53.574,327.205,9.675,89.883,8.1984,8.1883
10,2025-06-16,29.289,7.515,255.0,7.145,68.721,337.995,10.791,87.142,8.1883,8.2024
10,2025-06-17,26.094,7.888,255.0,6.903,73.107,294.97,11.101,86.602,8.2024,8.1787
10,2025-06-18,27.344,7.479,255.0,7.431,57.642,380.892,10.891,90.774,8.1787,8.2526
10,2025-06-19,29.387,8.172,255.0,6.966,55.674,356.554,10.706,87.635,8.2526,8.2664
10,2025-06-20,28.279,8.455,255.0,6.981,60.301,289.891,10.505,86.387,8.2664,8.2617
10,2025-06-21,25.904,8.384,255.0,6.991,54.7,372.65,10.979,86.682,8.2617,8.2842
10,2025-06-22,27.334,7.97,255.0,7.107,55.983,329.634,10.509,85.05,8.2842,8.2983
10,2025-06-23,27.691,6.342,255.0,7.039,61.948,392.359,10.664,86.697,8.2983,8.3251
10,2025-06-24,27.475,7.017,255.0,7.222,66.31,338.12,8.985,88.035,8.3251,8.3777
10,2025-06-25,26.131,7.238,255.0,6.964,55.719,464.186,9.543,83.821,8.3777,8.4391
10,2025-06-26,27.464,8.788,255.0,7.145,50.676,364.679,10.898,87.553,8.4391,8.4728
10,2025-06-27,26.103,7.021,255.0,7.041,62.27,394.39,10.651,91.164,8.4728,8.4883
10,2025-06-28,26.732,6.564,255.0,7.208,72.376,379.307,9.594,87.487,8.4883,8.5009
10,2025-06-29,27.209,6.009,255.0,7.454,63.67,443.39,8.864,87.122,8.5009,8.5091
10,2025-06-30,27.288,7.291,255.0,7.331,71.133,373.521,10.258,88.483,8.5091,8.5339
10,2025-07-01,28.36,,255.0,7.47,64.491,456.86,10.622,85.08,8.5339,8.5802
10,2025-07-02,28.997,6.809,255.0,,62.551,450.637,9.581,87.589,8.5802,8.5815
10,2025-07-03,29.107,6.404,255.0,7.639,49.142,444.158,10.097,89.318,8.5815,8.5948
10,2025-07-04,28.317,8.119,255.0,7.834,58.338,454.16,9.666,83.791,8.5948,8.6388
10,2025-07-05,27.322,7.22,255.0,7.679,63.972,398.209,9.913,87.176,8.6388,8.6575
10,2025-07-06,28.262,8.039,255.0,7.862,71.207,433.634,10.057,84.281,8.6575,8.6851
10,2025-07-07,29.655,7.509,255.0,7.675,78.096,448.284,10.848,89.875,8.6851,8.7699
10,2025-07-08,28.789,7.362,255.0,7.689,69.71,474.9,10.267,86.658,8.7699,8.7701
10,2025-07-09,26.959,6.181,255.0,7.807,74.654,475.667,10.18,85.076,8.7701,8.7557
10,2025-07-10,28.354,7.692,255.0,7.984,86.505,463.864,10.141,82.449,8.7557,8.7707
10,2025-07-11,25.029,6.483,255.0,7.735,82.97,450.687,9.975,91.967,8.7707,8.8191
10,2025-07-12,27.191,8.094,255.0,7.922,73.3,471.295,9.985,85.729,8.8191,8.8499
10,2025-07-13,27.289,8.284,255.0,7.661,87.106,474.527,10.14,87.132,8.8499,8.8707
10,2025-07-14,25.127,6.394,255.0,7.627,74.097,500.817,8.774,87.784,8.8707,8.8654
10,2025-07-15,25.594,6.876,255.0,7.689,85.741,469.226,9.824,83.646,8.8654,8.8736
10,2025-07-16,24.956,7.242,255.0,7.597,84.08,527.549,10.567,90.915,8.8736,8.9052
10,2025-07-17,25.679,7.389,255.0,7.798,83.051,383.52,9.665,88.366,8.9052,8.9415
10,2025-07-18,26.183,6.871,255.0,7.824,85.012,419.455,10.125,85.106,8.9415,8.921
10,2025-07-19,23.834,8.493,255.0,7.296,75.382,379.379,10.481,88.36,8.921,8.9303
10,2025-07-20,23.479,6.633,255.0,7.509,82.943,465.987,9.972,87.144,8.9303,8.9505
10,2025-07-21,22.162,7.323,255.0,7.498,89.582,363.87,10.307,89.337,8.9505,8.9736
10,2025-07-22,24.559,6.813,255.0,7.709,87.561,317.483,10.511,85.696,8.9736,8.9941
10,2025-07-23,21.264,7.301,255.0,7.336,80.535,352.14,10.641,85.379,8.9941,8.9599
10,2025-07-24,24.165,7.39,255.0,7.462,84.686,351.579,10.078,84.718,8.9599,8.9506
10,2025-07-25,22.758,8.083,255.0,6.971,90.774,308.699,10.177,84.474,8.9506,8.9784
10,2025-07-26,24.532,6.629,255.0,7.723,82.134,348.661,9.674,85.303,8.9784,9.0117
10,2025-07-27,,7.667,255.0,7.065,85.6,353.409,10.645,85.136,9.0117,9.0364
10,2025-07-28,25.047,6.302,255.0,7.266,88.967,327.861,9.189,84.387,9.0364,9.0372
10,2025-07-29,24.292,6.696,255.0,7.075,84.313,313.415,10.582,89.654,9.0372,9.029
10,2025-07-30,24.376,7.185,255.0,7.061,73.553,315.409,9.923,84.379,9.029,8.9873
10,2025-07-31,23.677,7.069,255.0,6.953,74.789,358.047,10.646,86.382,8.9873,8.9503
10,2025-08-01,24.208,6.971,255.0,7.416,69.229,308.818,10.291,87.991,8.9503,8.9304
10,2025-08-02,24.435,6.963,255.0,6.992,82.869,350.068,10.404,87.855,8.9304,8.9597
10,2025-08-03,23.836,6.184,255.0,6.976,75.991,384.327,9.416,84.721,8.9597,8.9266
10,2025-08-04,26.128,6.388,255.0,6.845,63.626,381.802,10.003,85.023,8.9266,8.9043
10,2025-08-05,24.884,7.551,255.0,7.451,69.102,395.516,10.575,83.513,8.9043,8.8637
10,2025-08-06,25.565,7.855,255.0,7.277,69.547,387.312,10.376,90.355,8.8637,8.8856
10,2025-08-07,23.934,6.888,255.0,7.083,70.701,436.42,9.364,86.568,8.8856,8.881
10,2025-08-08,23.792,5.933,255.0,6.942,72.436,425.635,9.808,82.232,8.881,8.8759
10,2025-08-09,26.475,6.941,255.0,7.133,79.774,443.198,,86.496,8.8759,8.8833
10,2025-08-10,24.129,5.975,255.0,7.079,59.505,495.961,10.142,87.894,8.8833,8.8779
10,2025-08-11,23.881,7.62,255.0,7.31,68.594,450.916,10.031,87.971,8.8779,8.9221
10,2025-08-12,23.208,5.944,255.0,7.45,57.58,445.416,8.488,86.96,8.9221,8.9128
10,2025-08-13,24.205,6.309,255.0,7.547,56.554,452.729,9.178,87.391,8.9128,8.9473
10,2025-08-14,22.701,6.001,255.0,7.278,61.255,537.621,8.126,87.503,8.9473,8.9403
10,2025-08-15,23.533,7.099,255.0,7.399,56.005,506.174,10.417,87.708,8.9403,8.9756
10,2025-08-16,22.646,6.466,255.0,7.591,56.996,518.863,9.446,87.168,8.9756,8.9561
10,2025-08-17,23.285,6.363,255.0,7.781,64.329,473.779,9.968,87.842,8.9561,8.9664
10,2025-08-18,22.023,6.071,255.0,7.619,52.066,466.561,9.277,85.222,8.9664,8.9708
10,2025-08-19,21.206,6.082,255.0,7.581,60.498,425.969,9.246,83.867,8.9708,8.9554
10,2025-08-20,20.747,6.701,255.0,7.991,66.186,455.995,10.11,86.552,8.9554,8.9903
10,2025-08-21,23.674,5.116,255.0,7.949,56.698,462.051,9.429,,8.9903,9.0053
10,2025-08-22,22.459,6.833,255.0,7.807,68.531,444.245,9.294,91.664,9.0053,8.9976
10,2025-08-23,21.265,5.752,255.0,7.602,65.367,474.35,9.868,88.827,8.9976,8.9906
10,2025-08-24,22.759,5.721,255.0,7.647,69.469,448.507,9.347,86.159,8.9906,9.0116
10,2025-08-25,21.966,5.25,255.0,7.793,62.432,407.663,9.092,88.852,9.0116,8.988
10,2025-08-26,20.928,6.534,255.0,7.674,68.855,414.519,10.2,83.86,8.988,8.9383
10,2025-08-27,22.946,6.006,255.0,7.819,67.801,358.843,10.318,87.93,8.9383,8.9236
10,2025-08-28,22.446,5.096,255.0,7.751,60.796,582.827,9.565,90.528,8.9236,8.939
10,2025-08-29,23.308,5.244,255.0,7.582,75.473,389.028,9.024,85.954,8.939,8.897
10,2025-08-30,20.904,6.011,255.0,7.797,87.634,384.626,9.129,87.002,8.897,8.9253
10,2025-08-31,23.722,6.363,255.0,7.66,76.521,334.61,8.96,92.636,8.9253,8.9475
10,2025-09-01,20.156,7.028,255.0,7.814,61.774,355.812,10.282,83.86,8.9475,8.9749
10,2025-09-02,23.422,4.835,255.0,7.378,73.227,350.082,9.072,87.161,8.9749,9.0008
10,2025-09-03,23.826,6.282,255.0,7.597,73.438,330.729,9.369,91.377,9.0008,8.9681
10,2025-09-04,23.228,4.443,255.0,7.517,77.717,327.599,,89.052,8.9681,8.9244
10,2025-09-05,24.47,5.23,255.0,7.187,87.454,379.802,9.164,84.38,8.9244,8.9228
10,2025-09-06,24.441,6.78,255.0,7.405,83.643,333.196,9.658,84.132,8.9228,8.9584
10,2025-09-07,22.622,6.692,255.0,7.258,80.736,332.305,10.568,88.815,8.9584,8.9666
10,2025-09-08,21.804,4.285,255.0,7.185,79.742,359.877,,86.253,8.9666,8.982
10,2025-09-09,23.019,6.406,255.0,7.241,89.961,324.947,9.864,88.165,8.982,8.9996
10,2025-09-10,23.064,6.013,255.0,7.16,88.944,290.167,9.423,91.399,8.9996,9.003
10,2025-09-11,23.723,5.725,255.0,7.007,,344.702,9.477,82.213,9.003,9.0253
10,2025-09-12,21.633,4.906,255.0,7.038,79.311,353.37,8.975,91.318,9.0253,8.9836
10,2025-09-13,21.856,5.765,255.0,7.312,82.793,364.376,10.433,84.985,8.9836,8.9895
10,2025-09-14,21.004,5.33,255.0,7.32,87.254,401.44,9.799,88.501,8.9895,8.9532
10,2025-09-15,22.779,5.92,255.0,7.075,96.584,353.436,8.528,82.729,8.9532,8.9604
10,2025-09-16,22.387,6.356,255.0,6.591,103.356,387.083,10.413,87.74,8.9604,8.9556
10,2025-09-17,19.672,4.856,255.0,7.02,73.68,470.103,9.229,92.298,8.9556,8.9416
10,2025-09-18,21.205,5.569,255.0,7.23,92.963,461.81,10.12,89.535,8.9416,8.9742
10,2025-09-19,21.188,5.311,255.0,6.979,81.608,472.827,9.442,87.023,8.9742,8.9673
10,2025-09-20,19.255,6.293,255.0,6.902,,429.612,10.177,85.987,8.9673,8.9926
10,2025-09-21,19.574,5.839,255.0,7.339,75.461,449.46,9.434,87.966,8.9926,9.0169
10,2025-09-22,19.815,6.617,255.0,7.429,81.355,433.528,9.959,87.391,9.0169,9.0162
10,2025-09-23,21.906,,255.0,7.183,75.966,458.885,10.01,85.601,9.0162,9.0564
10,2025-09-24,20.065,6.562,255.0,7.403,83.336,451.172,9.899,87.454,9.0564,9.0584
10,2025-09-25,20.648,4.909,255.0,7.083,71.198,489.93,8.568,85.544,9.0584,9.0948
10,2025-09-26,21.145,5.926,255.0,7.107,82.8,532.083,9.697,86.07,9.0948,9.1162
10,2025-09-27,22.139,6.171,255.0,7.525,68.471,511.875,9.573,81.325,9.1162,9.1078
10,2025-09-28,21.752,6.29,255.0,7.435,86.012,460.341,8.936,88.445,9.1078,9.086
10,2025-09-29,21.458,5.154,255.0,7.325,81.242,480.136,9.2,91.664,9.086,9.059
10,2025-09-30,20.664,5.645,255.0,7.201,61.028,457.888,10.05,90.651,9.059,9.0607
10,2025-10-01,21.635,5.972,255.0,,68.912,449.001,9.616,86.309,9.0607,9.0446
10,2025-10-02,22.798,6.098,255.0,7.647,59.058,452.521,9.507,87.214,9.0446,9.0815
10,2025-10-03,22.727,4.568,255.0,7.386,73.905,442.855,8.88,90.637,9.0815,9.0567
10,2025-10-04,21.518,6.141,255.0,8.025,70.243,426.233,9.661,86.801,9.0567,9.0593
10,2025-10-05,23.286,6.944,255.0,7.886,76.87,,10.752,87.048,9.0593,9.0265
10,2025-10-06,22.838,6.101,255.0,7.664,,473.946,9.928,91.672,9.0265,9.0667
10,2025-10-07,23.827,5.232,255.0,7.641,58.7,373.752,10.149,87.546,9.0667,9.0398
10,2025-10-08,23.39,5.424,255.0,7.972,56.267,443.276,9.864,85.668,9.0398,9.0725
10,2025-10-09,22.924,5.018,255.0,7.894,61.035,387.802,9.292,86.884,9.0725,9.0377
10,2025-10-10,20.539,5.928,255.0,7.312,65.313,393.794,9.531,90.184,9.0377,9.05
10,2025-10-11,20.099,4.153,255.0,7.697,63.0,400.176,8.789,87.844,9.05,9.0476
10,2025-10-12,22.422,4.938,255.0,7.426,56.269,385.933,8.902,89.412,9.0476,9.0363
10,2025-10-13,21.845,5.266,255.0,7.613,41.87,381.351,9.317,85.068,9.0363,9.0185
10,2025-10-14,20.857,5.067,255.0,7.874,70.443,393.252,9.876,85.438,9.0185,9.0151
10,2025-10-15,19.612,5.448,255.0,7.702,56.321,347.858,9.693,88.232,9.0151,9.0113
10,2025-10-16,20.232,4.725,255.0,,57.649,336.379,,83.629,9.0113,8.9711
10,2025-10-17,20.607,5.18,255.0,7.403,62.719,341.042,9.577,85.017,8.9711,9.0006
10,2025-10-18,20.45,6.026,255.0,7.43,66.149,254.177,10.23,86.581,9.0006,8.9753
10,2025-10-19,20.336,5.702,255.0,7.498,55.573,374.707,9.33,86.158,8.9753,8.9932
10,2025-10-20,20.542,5.408,255.0,7.366,73.52,385.706,9.598,88.087,8.9932,9.0066
10,2025-10-21,20.786,5.656,255.0,7.44,44.825,390.799,8.973,85.917,9.0066,8.9895
10,2025-10-22,20.349,6.431,255.0,7.559,80.961,365.826,9.795,89.433,8.9895,8.9676
10,2025-10-23,20.457,,255.0,6.908,76.134,379.245,9.967,82.962,8.9676,8.9506
10,2025-10-24,20.804,5.807,255.0,7.392,70.693,354.453,10.598,87.106,8.9506,8.9057
10,2025-10-25,21.32,6.326,255.0,6.989,75.738,393.616,9.049,88.624,8.9057,8.8795
10,2025-10-26,22.441,6.511,255.0,6.95,74.787,408.567,9.899,85.735,8.8795,8.9065
10,2025-10-27,22.171,4.518,255.0,6.738,61.094,364.888,8.693,85.502,8.9065,8.9064
10,2025-10-28,22.003,6.681,255.0,6.795,77.765,434.858,9.438,88.066,8.9064,8.9073
10,2025-10-29,19.926,6.569,255.0,7.116,79.541,315.25,9.717,83.663,8.9073,8.8807
10,2025-10-30,24.105,6.576,255.0,7.1,85.891,410.867,9.615,89.649,8.8807,8.8585
10,2025-10-31,22.567,5.306,255.0,7.388,84.52,432.923,8.937,88.661,8.8585,8.8726
10,2025-11-01,22.17,4.933,255.0,6.982,82.361,444.716,9.673,88.391,8.8726,8.8884
10,2025-11-02,21.927,5.605,255.0,6.868,83.791,432.148,9.559,86.449,8.8884,8.8607
10,2025-11-03,23.919,5.222,255.0,6.894,80.935,515.236,8.971,82.521,8.8607,8.8562
10,2025-11-04,25.439,6.259,255.0,6.95,81.647,532.267,9.708,86.542,8.8562,8.8865
10,2025-11-05,23.097,6.614,255.0,,87.494,471.629,9.347,87.115,8.8865,8.8783
10,2025-11-06,23.384,,255.0,7.028,73.994,446.402,10.621,88.563,8.8783,8.9176
10,2025-11-07,23.336,7.634,255.0,7.222,87.843,508.022,11.104,86.443,8.9176,8.9172
10,2025-11-08,23.123,6.064,255.0,7.38,81.685,533.56,10.326,87.917,8.9172,8.955
10,2025-11-09,21.26,6.595,255.0,7.109,92.746,422.728,9.67,88.37,8.955,8.9429
10,2025-11-10,22.864,6.762,255.0,7.485,81.289,443.922,9.427,88.327,8.9429,8.9568
10,2025-11-11,22.093,7.366,255.0,6.973,89.545,465.337,10.525,85.087,8.9568,8.9689
10,2025-11-12,22.743,4.879,255.0,7.708,87.447,450.369,9.24,,8.9689,8.9516
10,2025-11-13,23.492,6.479,255.0,7.267,89.872,,9.512,88.851,8.9516,8.9616
10,2025-11-14,22.851,6.615,255.0,7.661,82.224,419.84,10.084,90.353,8.9616,8.963
10,2025-11-15,22.37,7.363,255.0,7.677,81.635,458.461,10.069,88.154,8.963,8.9884
10,2025-11-16,23.815,6.16,255.0,7.5,87.68,343.583,9.853,90.272,8.9884,8.9472
10,2025-11-17,20.768,6.161,255.0,7.71,82.046,396.445,10.101,88.316,8.9472,8.9635
10,2025-11-18,21.432,6.709,255.0,7.508,80.663,402.275,9.885,89.197,8.9635,8.9428
10,2025-11-19,23.051,7.047,255.0,7.653,81.593,367.168,10.736,80.549,8.9428,8.9238
10,2025-11-20,22.258,5.739,255.0,7.984,73.068,347.944,10.087,88.607,8.9238,8.9019
10,2025-11-21,21.165,7.225,255.0,7.808,74.534,376.045,9.374,86.249,8.9019,8.9294
10,2025-11-22,20.997,7.094,255.0,8.068,59.918,352.56,10.417,88.771,8.9294,8.9391
10,2025-11-23,22.468,6.182,255.0,8.122,69.075,362.311,9.728,87.137,8.9391,8.9636
10,2025-11-24,22.171,6.512,255.0,7.782,57.699,309.338,10.331,85.984,8.9636,8.9908
10,2025-11-25,23.693,7.487,255.0,7.879,,291.028,10.668,90.501,8.9908,8.9517
10,2025-11-26,22.487,7.686,255.0,7.739,76.88,340.709,10.235,92.561,8.9517,8.9525
10,2025-11-27,24.344,6.277,255.0,7.843,68.593,358.276,9.547,82.937,8.9525,8.9415
10,2025-11-28,24.504,5.935,255.0,7.412,56.34,357.782,9.98,86.607,8.9415,8.9658
10,2025-11-29,24.695,7.362,255.0,7.615,57.541,386.793,10.173,85.542,8.9658,9.0146
10,2025-11-30,25.01,5.855,255.0,7.882,65.105,362.519,9.453,89.867,9.0146,8.9925
10,2025-12-01,26.989,5.981,255.0,7.737,71.348,369.603,9.295,88.937,8.9925,9.0163
10,2025-12-02,24.577,6.825,255.0,,54.249,361.79,10.099,84.659,9.0163,9.038
10,2025-12-03,25.294,5.128,255.0,7.492,73.277,396.421,9.314,86.823,9.038,9.0554
10,2025-12-04,26.351,5.898,255.0,7.446,57.001,403.695,8.779,86.885,9.0554,9.0853
10,2025-12-05,25.698,5.181,255.0,7.491,71.129,372.095,9.14,89.783,9.0853,9.1247
10,2025-12-06,,5.648,255.0,7.241,64.391,409.41,9.706,87.351,9.1247,9.1317
10,2025-12-07,24.623,6.243,255.0,7.268,59.788,443.204,9.681,91.851,9.1317,9.1297
10,2025-12-08,25.881,7.626,255.0,7.12,55.172,479.403,10.743,90.118,9.1297,9.1374
10,2025-12-09,24.242,6.902,255.0,7.416,69.542,481.398,,93.386,9.1374,9.1589
10,2025-12-10,24.518,7.921,255.0,7.057,68.469,437.356,10.754,87.008,9.1589,9.1775
10,2025-12-11,26.224,6.787,255.0,7.285,69.387,446.584,10.902,89.602,9.1775,9.2117
10,2025-12-12,26.182,7.305,255.0,7.133,38.803,434.166,10.593,84.997,9.2117,9.2421
10,2025-12-13,24.871,5.686,255.0,6.943,68.715,517.428,8.622,87.285,9.2421,9.2502
10,2025-12-14,24.678,8.603,255.0,6.963,72.327,512.597,10.784,87.412,9.2502,9.2426
10,2025-12-15,23.878,6.694,255.0,6.847,62.639,472.635,10.085,87.99,9.2426,9.2272
10,2025-12-16,25.038,7.564,255.0,6.963,60.495,464.339,10.322,89.987,9.2272,9.2355
10,2025-12-17,26.457,7.016,255.0,7.31,77.214,518.99,10.302,88.083,9.2355,9.282
10,2025-12-18,23.757,6.886,255.0,7.367,74.365,509.178,9.549,86.734,9.282,9.2926
10,2025-12-19,23.361,7.632,255.0,7.279,69.366,499.082,11.348,91.457,9.2926,9.2757
10,2025-12-20,24.909,8.774,255.0,7.351,72.691,519.85,11.474,83.07,9.2757,9.2998
10,2025-12-21,23.957,7.225,255.0,7.214,68.535,453.556,10.102,89.533,9.2998,9.2673
10,2025-12-22,24.571,6.529,255.0,6.942,83.69,477.283,9.503,83.899,9.2673,9.2415
10,2025-12-23,25.017,7.272,255.0,7.269,79.097,412.273,10.304,90.877,9.2415,9.2658
10,2025-12-24,24.361,8.236,255.0,7.405,83.439,399.443,10.825,88.82,9.2658,9.2863
10,2025-12-25,26.464,6.294,255.0,7.412,79.79,466.892,9.646,88.377,9.2863,9.2367
10,2025-12-26,25.829,7.375,255.0,6.927,84.869,410.58,10.355,88.887,9.2367,9.2484
10,2025-12-27,27.392,7.384,255.0,7.068,81.461,398.898,10.728,86.526,9.2484,9.2399
10,2025-12-28,28.314,7.579,255.0,7.699,92.687,360.051,10.041,87.133,9.2399,9.2288
10,2025-12-29,27.659,7.69,255.0,7.294,75.003,391.636,11.393,87.062,9.2288,9.2354
10,2025-12-30,27.753,7.0,255.0,7.496,100.344,370.665,9.446,89.427,9.2354,9.2768
10,2025-12-31,27.62,6.827,255.0,7.425,82.29,345.978,9.821,90.982,9.2768,9.3283
10,2026-01-01,27.251,6.855,255.0,7.639,86.789,354.48,10.241,91.51,9.3283,9.3691
10,2026-01-02,28.754,7.598,255.0,7.797,78.621,312.648,10.614,83.168,9.3691,9.3545
10,2026-01-03,29.901,7.285,255.0,7.952,82.476,333.843,10.668,87.682,9.3545,9.355
10,2026-01-04,28.083,9.243,255.0,7.413,75.334,381.715,11.655,85.668,9.355,9.4118
10,2026-01-05,27.473,7.28,255.0,7.75,75.889,372.397,10.285,85.149,9.4118,9.4602
10,2026-01-06,28.233,8.085,255.0,7.743,70.614,367.422,11.121,91.982,9.4602,9.3985
10,2026-01-07,29.098,7.266,255.0,7.492,83.004,328.49,9.695,,9.3985,9.4198
10,2026-01-08,28.549,8.027,255.0,7.444,81.114,357.167,10.442,85.831,9.4198,9.4333
10,2026-01-09,29.158,8.816,255.0,7.978,69.647,321.953,11.263,90.177,9.4333,9.4483
10,2026-01-10,26.966,7.971,255.0,7.609,80.839,319.834,9.852,95.339,9.4483,9.52
10,2026-01-11,29.451,6.663,255.0,7.768,69.386,360.475,9.15,83.358,9.52,9.5158
10,2026-01-12,27.825,7.113,255.0,7.703,85.202,389.987,10.171,88.304,9.5158,9.558
10,2026-01-13,26.442,8.955,255.0,7.782,79.883,411.692,11.029,85.3,9.558,9.6196
10,2026-01-14,27.619,7.119,255.0,7.699,77.071,389.925,9.799,89.29,9.6196,9.6424
10,2026-01-15,27.492,7.382,255.0,7.651,68.877,367.889,10.828,84.959,9.6424,9.688
10,2026-01-16,25.621,7.687,255.0,7.322,66.885,501.182,10.413,88.689,9.688,9.6857
10,2026-01-17,28.43,8.253,255.0,7.608,65.511,449.465,10.71,90.436,9.6857,9.754
10,2026-01-18,27.732,7.932,255.0,,69.187,421.919,10.869,87.928,9.754,9.7581
10,2026-01-19,27.363,7.745,255.0,7.712,57.802,456.36,10.626,84.599,9.7581,9.7464
10,2026-01-20,27.659,9.257,255.0,7.26,67.667,449.116,11.142,90.441,9.7464,9.697
10,2026-01-21,27.784,8.152,255.0,7.315,,437.834,10.558,92.254,9.697,9.7292
10,2026-01-22,27.02,7.933,255.0,7.056,73.422,418.982,10.737,88.202,9.7292,9.6807
10,2026-01-23,26.305,8.247,255.0,7.028,58.861,462.425,10.238,84.216,9.6807,9.6413
10,2026-01-24,28.127,7.727,255.0,7.153,79.178,445.108,10.66,88.103,9.6413,9.6516
10,2026-01-25,30.4,8.702,255.0,7.25,51.799,483.33,10.687,85.505,9.6516,9.6611
10,2026-01-26,29.751,8.938,255.0,7.265,63.113,480.664,10.876,87.086,9.6611,9.6659
10,2026-01-27,29.984,9.357,255.0,7.049,54.919,509.708,10.31,89.916,9.6659,9.6928
10,2026-01-28,29.477,8.531,255.0,7.435,54.365,436.212,10.874,91.705,9.6928,9.7077
10,2026-01-29,30.424,7.631,255.0,7.084,57.29,511.457,10.793,84.049,9.7077,9.7288
10,2026-01-30,29.543,7.606,255.0,6.967,62.417,494.053,10.527,93.33,9.7288,9.7553
10,2026-01-31,29.646,9.516,255.0,7.3,65.11,388.386,11.598,85.723,9.7553,9.7317
10,2026-02-01,31.209,8.168,255.0,6.927,64.555,437.803,10.583,88.895,9.7317,9.7435
10,2026-02-02,29.266,7.351,255.0,7.098,68.021,434.026,10.538,87.271,9.7435,9.7682
10,2026-02-03,30.133,8.782,255.0,6.832,64.546,408.66,11.024,87.724,9.7682,9.8081
10,2026-02-04,31.214,8.627,255.0,7.379,75.399,406.954,10.652,86.71,9.8081,9.8134
10,2026-02-05,29.407,9.306,255.0,7.322,70.989,443.705,11.274,88.468,9.8134,9.7987
10,2026-02-06,30.734,8.504,255.0,7.38,60.151,361.15,10.633,89.057,9.7987,9.7709
10,2026-02-07,29.723,8.666,255.0,7.288,65.179,359.603,11.254,88.67,9.7709,9.7908
10,2026-02-08,32.432,7.878,255.0,7.228,63.787,410.936,10.377,85.576,9.7908,9.7984
10,2026-02-09,31.867,8.354,255.0,7.228,61.004,346.767,11.913,88.53,9.7984,9.8035
10,2026-02-10,30.632,9.194,255.0,7.501,71.11,352.541,10.979,88.8,9.8035,9.8679
10,2026-02-11,31.369,8.196,255.0,7.238,67.214,308.653,10.482,85.184,9.8679,9.8651
10,2026-02-12,30.298,8.546,255.0,7.334,79.867,356.821,10.601,85.597,9.8651,9.837
10,2026-02-13,31.052,9.373,255.0,7.437,82.297,362.111,11.309,89.996,9.837,9.8525
10,2026-02-14,29.647,8.662,255.0,,68.489,403.048,10.525,83.137,9.8525,9.8695
10,2026-02-15,30.113,8.649,255.0,7.789,86.135,323.032,11.177,90.033,9.8695,9.9169
10,2026-02-16,30.888,7.912,255.0,7.947,68.389,320.155,10.868,89.532,9.9169,9.9054
10,2026-02-17,29.527,8.538,255.0,7.842,75.102,325.954,10.177,85.674,9.9054,9.8847
10,2026-02-18,28.107,9.51,255.0,7.535,69.927,409.762,11.661,90.318,9.8847,9.9331
10,2026-02-19,30.85,8.603,255.0,7.541,71.168,357.358,10.377,85.666,9.9331,9.976
10,2026-02-20,28.621,8.886,255.0,7.519,77.206,403.387,10.617,87.108,9.976,10.0
10,2026-02-21,29.792,9.767,255.0,7.67,85.323,373.754,11.729,92.53,10.0,10.0
10,2026-02-22,30.154,8.494,255.0,7.622,82.505,363.495,10.486,79.622,10.0,10.0
10,2026-02-23,31.511,8.312,255.0,7.512,72.248,423.823,11.31,88.108,10.0,10.0
10,2026-02-24,30.387,9.649,255.0,7.895,76.685,440.674,11.276,86.386,10.0,10.0
10,2026-02-25,32.352,8.366,255.0,7.805,75.765,417.083,10.714,89.566,10.0,9.9983
10,2026-02-26,33.194,8.678,255.0,7.591,70.861,426.335,10.482,86.874,9.9983,9.9754
10,2026-02-27,31.237,7.876,255.0,7.551,77.34,518.968,11.221,90.985,9.9754,9.9812
10,2026-02-28,31.126,10.303,255.0,7.755,76.383,466.014,10.969,86.925,9.9812,10.0
10,2026-03-01,33.554,9.044,255.0,7.524,60.751,515.857,10.774,87.866,10.0,9.9741
10,2026-03-02,32.784,9.394,255.0,7.716,82.904,509.168,11.04,88.646,9.9741,9.9788
10,2026-03-03,33.236,8.449,255.0,7.419,73.243,457.98,11.314,88.86,9.9788,9.9433
10,2026-03-04,33.331,9.033,255.0,7.521,91.156,462.971,10.923,89.917,9.9433,9.9519
10,2026-03-05,31.059,8.876,255.0,7.61,82.92,510.956,11.424,90.902,9.9519,9.9884
10,2026-03-06,35.295,9.087,255.0,7.09,75.394,496.35,10.341,85.317,9.9884,9.9924
10,2026-03-07,34.784,9.601,255.0,7.08,105.52,478.139,10.564,84.624,9.9924,9.9608
10,2026-03-08,33.393,7.266,255.0,7.412,82.952,459.808,10.682,85.084,9.9608,9.9786
10,2026-03-09,32.524,8.708,255.0,7.174,85.218,516.032,11.11,86.569,9.9786,9.9633
10,2026-03-10,33.722,9.823,255.0,7.505,69.056,432.751,11.668,86.956,9.9633,10.0
10,2026-03-11,34.054,9.21,255.0,7.283,69.701,465.355,11.121,87.34,10.0,9.9694
10,2026-03-12,32.131,9.219,255.0,7.213,64.272,438.693,10.88,81.909,9.9694,9.9375
10,2026-03-13,30.316,9.855,255.0,7.015,68.482,429.756,11.918,85.858,9.9375,9.9157
10,2026-03-14,32.043,9.834,255.0,7.313,58.391,418.927,12.145,90.027,9.9157,9.9221
10,2026-03-15,31.822,8.951,255.0,7.15,71.356,379.531,10.807,86.301,9.9221,9.9341
10,2026-03-16,31.548,8.717,255.0,7.291,66.697,458.801,11.571,85.05,9.9341,9.9309
10,2026-03-17,31.56,9.739,255.0,7.082,61.615,454.466,11.185,89.175,9.9309,9.935
10,2026-03-18,31.844,10.318,255.0,7.122,60.945,437.877,11.866,87.81,9.935,9.9487
10,2026-03-19,33.599,9.247,255.0,7.292,66.455,391.432,,86.745,9.9487,9.9301
10,2026-03-20,30.589,9.264,255.0,7.333,63.031,369.181,10.692,92.041,9.9301,9.969
10,2026-03-21,29.784,9.506,255.0,6.971,67.1,370.076,11.511,85.383,9.969,9.958
10,2026-03-22,31.666,9.097,255.0,7.221,53.897,351.748,11.721,88.398,9.958,9.9723
10,2026-03-23,31.011,10.414,255.0,7.279,61.813,370.61,12.11,84.577,9.9723,10.0
10,2026-03-24,33.38,9.203,255.0,7.389,57.943,355.095,10.935,86.63,10.0,10.0
10,2026-03-25,31.476,10.081,255.0,7.226,56.217,354.153,10.952,89.244,10.0,9.9913
10,2026-03-26,31.442,10.666,255.0,7.345,59.471,370.595,11.421,90.634,9.9913,9.9636
10,2026-03-27,31.938,8.523,255.0,7.415,54.574,309.653,10.967,87.965,9.9636,9.9964
10,2026-03-28,32.788,9.642,255.0,7.195,65.279,358.59,11.768,86.722,9.9964,9.9926
10,2026-03-29,34.408,9.493,255.0,7.227,65.346,332.553,11.76,88.844,9.9926,10.0
10,2026-03-30,34.134,10.091,255.0,7.689,56.553,314.803,11.167,89.122,10.0,10.0
10,2026-03-31,33.122,10.155,255.0,7.564,59.542,408.308,11.529,86.917,10.0,10.0
10,2026-04-01,33.206,9.07,255.0,7.886,63.305,355.155,10.634,87.465,10.0,9.9931
10,2026-04-02,32.79,9.438,255.0,7.426,66.802,361.275,11.57,89.024,9.9931,10.0
10,2026-04-03,35.25,10.188,255.0,7.454,60.748,,11.872,86.379,10.0,9.983
10,2026-04-04,33.99,9.743,255.0,7.496,62.542,335.126,10.308,88.858,9.983,9.9897
10,2026-04-05,35.222,8.125,255.0,7.358,59.51,338.238,10.38,89.166,9.9897,10.0
10,2026-04-06,33.899,9.013,255.0,7.65,71.728,369.784,9.626,88.349,10.0,10.0
10,2026-04-07,34.07,9.51,255.0,7.694,64.323,424.116,11.709,88.449,10.0,10.0
10,2026-04-08,32.279,10.104,255.0,7.941,72.662,,11.772,85.727,10.0,9.9821
10,2026-04-09,32.687,10.009,255.0,7.891,,486.654,11.34,84.042,9.9821,9.9851
10,2026-04-10,33.376,9.642,255.0,7.906,59.989,433.252,11.298,88.126,9.9851,9.9633
10,2026-04-11,31.728,8.983,255.0,7.569,69.209,469.63,11.485,87.883,9.9633,9.9665
10,2026-04-12,31.135,9.963,255.0,7.941,65.55,481.45,11.133,87.09,9.9665,9.9395
10,2026-04-13,33.127,9.163,255.0,7.559,78.757,446.813,11.041,82.968,9.9395,9.9206
10,2026-04-14,31.15,8.033,255.0,7.516,75.356,477.321,10.891,91.977,9.9206,9.9067
10,2026-04-15,32.143,10.237,255.0,7.363,72.697,430.221,11.353,88.742,9.9067,9.9374
10,2026-04-16,31.693,9.282,255.0,7.59,84.254,524.329,11.167,88.201,9.9374,9.9523
10,2026-04-17,30.926,8.41,255.0,7.63,92.351,474.474,10.934,89.652,9.9523,9.9699
10,2026-04-18,30.889,8.85,255.0,7.518,86.223,503.521,10.981,84.701,9.9699,9.9644
10,2026-04-19,30.328,8.853,255.0,7.062,81.676,486.848,10.789,90.667,9.9644,9.9957
10,2026-04-20,29.169,10.22,255.0,7.285,95.367,436.61,11.536,87.981,9.9957,9.9723
10,2026-04-21,28.779,11.274,255.0,6.98,72.301,469.178,11.433,83.197,9.9723,9.9883
10,2026-04-22,30.223,9.647,255.0,,84.595,423.729,11.217,,9.9883,9.9719
10,2026-04-23,32.961,8.909,255.0,6.787,85.763,401.18,10.989,86.073,9.9719,9.964
10,2026-04-24,32.447,9.673,255.0,6.911,85.066,392.006,10.809,83.974,9.964,10.0
10,2026-04-25,31.029,9.315,255.0,7.18,79.688,456.84,12.18,86.019,10.0,9.995
10,2026-04-26,31.076,9.054,255.0,7.253,82.166,422.483,11.176,91.026,9.995,10.0
10,2026-04-27,31.4,8.997,255.0,7.075,,350.826,11.22,88.976,10.0,10.0
10,2026-04-28,31.353,8.852,255.0,6.848,82.449,393.154,11.587,83.963,10.0,10.0
10,2026-04-29,31.631,8.247,255.0,6.787,84.943,341.526,10.926,86.246,10.0,10.0
10,2026-04-30,31.972,8.887,255.0,7.192,72.078,400.193,10.887,89.529,10.0,9.9923
10,2026-05-01,32.192,10.297,255.0,7.002,100.011,357.291,11.251,83.195,9.9923,9.9917
10,2026-05-02,33.758,10.695,255.0,7.188,79.612,389.486,12.174,84.288,9.9917,9.9938
10,2026-05-03,34.482,9.409,255.0,7.3,74.415,289.611,11.488,90.067,9.9938,9.9904
10,2026-05-04,30.678,8.929,255.0,6.885,78.291,352.246,11.025,90.299,9.9904,9.999
10,2026-05-05,33.112,8.613,255.0,7.318,66.905,354.838,11.424,85.133,9.999,9.976
10,2026-05-06,34.454,8.578,255.0,6.959,74.516,250.0,10.431,90.548,9.976,9.9702
10,2026-05-07,32.731,9.194,255.0,7.119,74.409,394.833,10.659,86.141,9.9702,9.9915
10,2026-05-08,32.229,8.881,255.0,6.979,61.304,355.512,10.765,86.26,9.9915,10.0
10,2026-05-09,31.426,9.923,255.0,7.54,73.548,325.168,11.527,86.669,10.0,10.0
10,2026-05-10,31.415,10.183,255.0,7.288,70.523,386.832,11.738,87.43,10.0,9.9918
10,2026-05-11,32.435,8.717,255.0,7.641,72.796,390.068,10.882,90.19,9.9918,9.9167
10,2026-05-12,30.195,9.013,255.0,7.499,69.317,434.611,11.32,82.545,9.9167,9.9582
10,2026-05-13,30.825,9.017,255.0,7.408,70.005,378.328,11.325,88.973,9.9582,9.9789
10,2026-05-14,30.636,9.749,255.0,7.664,69.746,374.715,11.015,87.602,9.9789,10.0
10,2026-05-15,29.434,9.381,255.0,7.472,66.416,422.455,11.12,86.487,10.0,10.0
